# This file was produced by bcftools stats (1.24+htslib-1.24) and can be plotted using plot-vcfstats.
# The command line was:	bcftools stats  results/variants/NIST7035_filtered_variants.vcf.gz
#
# Definition of sets:
# ID	[2]id	[3]tab-separated file names
ID	0	results/variants/NIST7035_filtered_variants.vcf.gz
# SN, Summary numbers:
#   number of records   .. number of data rows in the VCF
#   number of no-ALTs   .. reference-only sites, ALT is either "." or identical to REF
#   number of SNPs      .. number of rows with a SNP
#   number of MNPs      .. number of rows with a MNP, such as CC>TT
#   number of indels    .. number of rows with an indel
#   number of others    .. number of rows with other type, for example a symbolic allele or
#                          a complex substitution, such as ACT>TCGA
#   number of multiallelic sites     .. number of rows with multiple alternate alleles
#   number of multiallelic SNP sites .. number of rows with multiple alternate alleles, all SNPs
#
#   Note that rows containing multiple types will be counted multiple times, in each
#   counter. For example, a row with a SNP and an indel increments both the SNP and
#   the indel counter.
#
# SN	[2]id	[3]key	[4]value
SN	0	number of samples:	1
SN	0	number of records:	283102
SN	0	number of no-ALTs:	0
SN	0	number of SNPs:	249261
SN	0	number of MNPs:	0
SN	0	number of indels:	33879
SN	0	number of others:	0
SN	0	number of multiallelic sites:	757
SN	0	number of multiallelic SNP sites:	60
# TSTV, transitions/transversions
#   - transitions, see https://en.wikipedia.org/wiki/Transition_(genetics)
#   - transversions, see https://en.wikipedia.org/wiki/Transversion
# TSTV	[2]id	[3]ts	[4]tv	[5]ts/tv	[6]ts (1st ALT)	[7]tv (1st ALT)	[8]ts/tv (1st ALT)
TSTV	0	149710	99611	1.50	149656	99518	1.50
# SiS, Singleton stats:
#   - allele count, i.e. the number of singleton genotypes (AC=1)
#   - number of transitions, see above
#   - number of transversions, see above
#   - repeat-consistent, inconsistent and n/a: experimental and useless stats [DEPRECATED]
# SiS	[2]id	[3]allele count	[4]number of SNPs	[5]number of transitions	[6]number of transversions	[7]number of indels	[8]repeat-consistent	[9]repeat-inconsistent	[10]not applicable
SiS	0	1	72374	46949	25425	12558	0	0	12558
# AF, Stats by non-reference allele frequency:
# AF	[2]id	[3]allele frequency	[4]number of SNPs	[5]number of transitions	[6]number of transversions	[7]number of indels	[8]repeat-consistent	[9]repeat-inconsistent	[10]not applicable
AF	0	0.000000	72374	46949	25425	12558	0	0	12558
AF	0	0.990000	176947	102761	74186	21859	0	0	21859
# QUAL, Stats by quality
# QUAL	[2]id	[3]Quality	[4]number of SNPs	[5]number of transitions (1st ALT)	[6]number of transversions (1st ALT)	[7]number of indels
QUAL	0	30.2	0	0	0	24
QUAL	0	30.4	71	50	21	11
QUAL	0	30.5	1	0	1	0
QUAL	0	30.6	115	55	60	130
QUAL	0	30.7	1	1	0	0
QUAL	0	30.9	0	0	0	3
QUAL	0	31.2	0	0	0	3
QUAL	0	31.3	9	4	5	0
QUAL	0	31.4	108	65	43	2
QUAL	0	31.6	345	163	182	136
QUAL	0	31.8	0	0	0	1
QUAL	0	31.9	1	0	1	0
QUAL	0	32.0	1	1	0	0
QUAL	0	32.2	1	0	1	69
QUAL	0	32.3	10	5	5	0
QUAL	0	32.4	141	94	47	1
QUAL	0	32.5	0	0	0	2
QUAL	0	32.6	5103	1797	3306	110
QUAL	0	32.9	2	1	1	5
QUAL	0	33.0	1	0	1	1
QUAL	0	33.1	0	0	0	1
QUAL	0	33.3	8	6	2	0
QUAL	0	33.4	74	40	34	3
QUAL	0	33.6	93	37	56	140
QUAL	0	33.9	24	12	12	5
QUAL	0	34.0	0	0	0	1
QUAL	0	34.1	2	0	2	0
QUAL	0	34.2	2	2	0	72
QUAL	0	34.3	6	3	3	0
QUAL	0	34.4	23	14	9	8
QUAL	0	34.5	0	0	0	3
QUAL	0	34.6	131	67	64	107
QUAL	0	35.1	2	0	2	0
QUAL	0	35.2	0	0	0	61
QUAL	0	35.3	114	70	44	1
QUAL	0	35.4	1899	997	902	368
QUAL	0	35.6	116	63	53	113
QUAL	0	35.7	1	0	1	1
QUAL	0	35.8	3	0	3	0
QUAL	0	35.9	1	1	0	2
QUAL	0	36.1	5	1	4	0
QUAL	0	36.2	0	0	0	21
QUAL	0	36.3	107	46	61	0
QUAL	0	36.5	0	0	0	2
QUAL	0	36.6	132	66	66	146
QUAL	0	36.8	0	0	0	2
QUAL	0	36.9	1	0	1	9
QUAL	0	37.2	0	0	0	427
QUAL	0	37.3	101050	52579	48471	0
QUAL	0	37.5	0	0	0	1
QUAL	0	37.6	191	106	85	139
QUAL	0	37.7	1	0	1	0
QUAL	0	37.8	1	0	1	1
QUAL	0	37.9	0	0	0	3
QUAL	0	38.2	0	0	0	161
QUAL	0	38.3	10	5	5	0
QUAL	0	38.5	0	0	0	1
QUAL	0	38.6	115	63	52	73
QUAL	0	38.7	0	0	0	1
QUAL	0	39.0	1	1	0	0
QUAL	0	39.2	1	1	0	36
QUAL	0	39.3	18	14	4	0
QUAL	0	39.5	0	0	0	1
QUAL	0	39.6	129	65	64	111
QUAL	0	39.7	1	0	1	0
QUAL	0	39.8	1	1	0	1
QUAL	0	39.9	0	0	0	6
QUAL	0	40.2	0	0	0	716
QUAL	0	40.3	15	11	4	0
QUAL	0	40.5	0	0	0	1
QUAL	0	40.6	190	105	85	161
QUAL	0	40.8	0	0	0	7
QUAL	0	40.9	1	0	1	0
QUAL	0	41.1	0	0	0	5
QUAL	0	41.2	0	0	0	674
QUAL	0	41.3	8	4	4	0
QUAL	0	41.5	0	0	0	1
QUAL	0	41.6	131	74	57	80
QUAL	0	41.8	0	0	0	3
QUAL	0	41.9	1	1	0	0
QUAL	0	42.2	0	0	0	306
QUAL	0	42.3	11	8	3	0
QUAL	0	42.4	0	0	0	2
QUAL	0	42.6	160	99	61	88
QUAL	0	42.7	0	0	0	1
QUAL	0	42.8	1	1	0	4
QUAL	0	43.0	1	1	0	0
QUAL	0	43.2	0	0	0	24
QUAL	0	43.3	34	20	14	0
QUAL	0	43.6	241	135	106	108
QUAL	0	43.8	0	0	0	1
QUAL	0	43.9	0	0	0	1
QUAL	0	44.2	0	0	0	1165
QUAL	0	44.3	8	6	2	0
QUAL	0	44.6	202	125	77	99
QUAL	0	44.8	1	0	1	1
QUAL	0	45.0	2	0	2	0
QUAL	0	45.1	0	0	0	1
QUAL	0	45.2	0	0	0	813
QUAL	0	45.3	27	21	6	0
QUAL	0	45.6	213	123	90	86
QUAL	0	45.8	25	17	8	8
QUAL	0	46.2	0	0	0	316
QUAL	0	46.3	35	21	14	0
QUAL	0	46.4	1	0	1	0
QUAL	0	46.5	1	0	1	2
QUAL	0	46.6	277	179	98	79
QUAL	0	46.7	0	0	0	1
QUAL	0	46.8	0	0	0	3
QUAL	0	47.0	1	0	1	0
QUAL	0	47.2	0	0	0	20
QUAL	0	47.3	49	23	26	0
QUAL	0	47.5	2	2	0	0
QUAL	0	47.6	252	160	92	69
QUAL	0	47.7	0	0	0	1
QUAL	0	47.8	0	0	0	2
QUAL	0	48.2	0	0	0	312
QUAL	0	48.3	39	22	17	0
QUAL	0	48.6	294	204	90	72
QUAL	0	48.7	0	0	0	1
QUAL	0	48.8	1	1	0	7
QUAL	0	48.9	0	0	0	1
QUAL	0	49.2	0	0	0	462
QUAL	0	49.3	27	16	11	0
QUAL	0	49.5	0	0	0	1
QUAL	0	49.6	332	212	120	95
QUAL	0	49.8	0	0	0	5
QUAL	0	50.2	0	0	0	329
QUAL	0	50.3	32	14	18	0
QUAL	0	50.5	0	0	0	1
QUAL	0	50.6	308	206	102	60
QUAL	0	50.7	1	1	0	1
QUAL	0	50.8	1	0	1	3
QUAL	0	51.0	2	1	1	0
QUAL	0	51.2	1	1	0	98
QUAL	0	51.3	41	20	21	0
QUAL	0	51.5	1	1	0	1
QUAL	0	51.6	270	180	90	78
QUAL	0	51.8	1	1	0	0
QUAL	0	51.9	1	1	0	0
QUAL	0	52.0	1	0	1	0
QUAL	0	52.1	1	0	1	0
QUAL	0	52.2	0	0	0	225
QUAL	0	52.3	114	79	35	0
QUAL	0	52.5	0	0	0	2
QUAL	0	52.6	389	251	138	92
QUAL	0	52.8	0	0	0	7
QUAL	0	52.9	1	1	0	0
QUAL	0	53.0	3	1	2	0
QUAL	0	53.2	0	0	0	268
QUAL	0	53.3	53	33	20	0
QUAL	0	53.5	0	0	0	4
QUAL	0	53.6	362	233	129	70
QUAL	0	53.7	0	0	0	1
QUAL	0	53.8	3	2	1	0
QUAL	0	53.9	0	0	0	2
QUAL	0	54.0	1	0	1	0
QUAL	0	54.2	0	0	0	83
QUAL	0	54.3	76	54	22	0
QUAL	0	54.5	0	0	0	2
QUAL	0	54.6	347	242	105	85
QUAL	0	54.7	2	1	1	0
QUAL	0	54.8	5	4	1	0
QUAL	0	54.9	1	0	1	0
QUAL	0	55.1	1	1	0	0
QUAL	0	55.2	1	0	1	125
QUAL	0	55.3	122	88	34	0
QUAL	0	55.5	0	0	0	1
QUAL	0	55.6	412	262	150	97
QUAL	0	55.7	1	0	1	1
QUAL	0	55.8	0	0	0	2
QUAL	0	55.9	1	0	1	1
QUAL	0	56.0	0	0	0	1
QUAL	0	56.2	0	0	0	48
QUAL	0	56.3	256	183	73	0
QUAL	0	56.6	311	216	95	68
QUAL	0	56.8	6	5	1	3
QUAL	0	57.0	0	0	0	1
QUAL	0	57.1	0	0	0	1
QUAL	0	57.2	1	0	1	365
QUAL	0	57.3	505	363	142	0
QUAL	0	57.4	0	0	0	1
QUAL	0	57.5	0	0	0	1
QUAL	0	57.6	271	175	96	57
QUAL	0	57.7	1	1	0	0
QUAL	0	57.8	3	2	1	1
QUAL	0	57.9	0	0	0	1
QUAL	0	58.2	0	0	0	234
QUAL	0	58.3	2042	1283	759	0
QUAL	0	58.5	0	0	0	1
QUAL	0	58.6	391	257	134	137
QUAL	0	58.8	4	3	1	1
QUAL	0	58.9	1	1	0	0
QUAL	0	59.0	2	1	1	2
QUAL	0	59.2	0	0	0	417
QUAL	0	59.3	760	538	222	0
QUAL	0	59.5	0	0	0	1
QUAL	0	59.6	284	180	104	61
QUAL	0	59.7	0	0	0	1
QUAL	0	59.8	2	1	1	3
QUAL	0	59.9	0	0	0	1
QUAL	0	60.0	2	0	2	0
QUAL	0	60.1	1	0	1	0
QUAL	0	60.2	0	0	0	257
QUAL	0	60.3	754	530	224	0
QUAL	0	60.4	1	1	0	0
QUAL	0	60.6	255	163	92	68
QUAL	0	60.7	0	0	0	1
QUAL	0	60.8	28	17	11	14
QUAL	0	60.9	3	3	0	2
QUAL	0	61.0	1	1	0	0
QUAL	0	61.1	0	0	0	1
QUAL	0	61.2	0	0	0	227
QUAL	0	61.3	598	410	188	0
QUAL	0	61.4	6	4	2	0
QUAL	0	61.5	0	0	0	1
QUAL	0	61.6	328	203	125	89
QUAL	0	61.8	6	4	2	4
QUAL	0	62.0	2	1	1	1
QUAL	0	62.1	0	0	0	1
QUAL	0	62.2	0	0	0	107
QUAL	0	62.3	636	471	165	0
QUAL	0	62.5	4	0	4	1
QUAL	0	62.6	231	150	81	68
QUAL	0	62.8	8	3	5	2
QUAL	0	63.2	0	0	0	663
QUAL	0	63.3	597	415	182	1
QUAL	0	63.5	1	0	1	0
QUAL	0	63.6	251	155	96	71
QUAL	0	63.7	1	1	0	0
QUAL	0	63.8	12	7	5	1
QUAL	0	63.9	1	0	1	1
QUAL	0	64.0	1	1	0	3
QUAL	0	64.2	0	0	0	214
QUAL	0	64.3	560	393	167	0
QUAL	0	64.5	1	0	1	0
QUAL	0	64.6	421	247	174	119
QUAL	0	64.8	17	14	3	13
QUAL	0	64.9	1	0	1	2
QUAL	0	65.0	1	1	0	1
QUAL	0	65.2	0	0	0	167
QUAL	0	65.3	342	240	102	0
QUAL	0	65.5	0	0	0	3
QUAL	0	65.6	253	171	82	40
QUAL	0	65.7	0	0	0	1
QUAL	0	65.8	22	16	6	26
QUAL	0	65.9	0	0	0	2
QUAL	0	66.0	0	0	0	1
QUAL	0	66.2	1	0	1	101
QUAL	0	66.3	272	189	83	0
QUAL	0	66.5	0	0	0	1
QUAL	0	66.6	231	158	73	44
QUAL	0	66.8	20	14	6	27
QUAL	0	66.9	1	1	0	1
QUAL	0	67.0	0	0	0	2
QUAL	0	67.1	1	0	1	0
QUAL	0	67.2	0	0	0	173
QUAL	0	67.3	388	250	138	0
QUAL	0	67.6	486	291	195	102
QUAL	0	67.7	0	0	0	1
QUAL	0	67.8	67	42	25	2
QUAL	0	68.1	1	1	0	0
QUAL	0	68.2	0	0	0	104
QUAL	0	68.3	424	304	120	0
QUAL	0	68.4	0	0	0	1
QUAL	0	68.6	192	125	67	50
QUAL	0	68.7	1	0	1	2
QUAL	0	68.8	84	63	21	3
QUAL	0	69.0	0	0	0	2
QUAL	0	69.1	0	0	0	2
QUAL	0	69.2	1	0	1	516
QUAL	0	69.3	603	391	212	0
QUAL	0	69.5	0	0	0	1
QUAL	0	69.6	136	97	39	46
QUAL	0	69.7	0	0	0	1
QUAL	0	69.8	261	179	82	22
QUAL	0	69.9	0	0	0	1
QUAL	0	70.0	1	0	1	2
QUAL	0	70.1	21	16	5	1
QUAL	0	70.2	0	0	0	32
QUAL	0	70.3	675	423	252	0
QUAL	0	70.6	671	358	313	196
QUAL	0	70.7	1	1	0	0
QUAL	0	70.8	642	437	205	21
QUAL	0	70.9	3	1	2	0
QUAL	0	71.1	1	1	0	0
QUAL	0	71.2	0	0	0	30
QUAL	0	71.3	718	462	256	0
QUAL	0	71.6	137	92	45	41
QUAL	0	71.7	1	1	0	0
QUAL	0	71.8	718	513	205	40
QUAL	0	72.0	0	0	0	1
QUAL	0	72.1	0	0	0	3
QUAL	0	72.2	0	0	0	40
QUAL	0	72.3	744	470	274	0
QUAL	0	72.5	0	0	0	1
QUAL	0	72.6	139	79	60	42
QUAL	0	72.8	550	386	164	51
QUAL	0	72.9	0	0	0	1
QUAL	0	73.0	2	0	2	2
QUAL	0	73.2	0	0	0	55
QUAL	0	73.3	593	373	220	0
QUAL	0	73.4	0	0	0	1
QUAL	0	73.6	780	429	351	284
QUAL	0	73.7	2	1	1	1
QUAL	0	73.8	406	280	126	28
QUAL	0	73.9	3	1	2	1
QUAL	0	74.0	0	0	0	2
QUAL	0	74.1	0	0	0	2
QUAL	0	74.2	0	0	0	25
QUAL	0	74.3	387	249	138	0
QUAL	0	74.6	124	78	46	37
QUAL	0	74.8	197	132	65	1
QUAL	0	75.0	2	1	1	2
QUAL	0	75.1	4	2	2	7
QUAL	0	75.2	0	0	0	79
QUAL	0	75.3	117	73	44	0
QUAL	0	75.4	3	2	1	1
QUAL	0	75.5	0	0	0	1
QUAL	0	75.6	118	79	39	45
QUAL	0	75.7	2	0	2	2
QUAL	0	75.8	428	292	136	4
QUAL	0	76.0	0	0	0	3
QUAL	0	76.1	0	0	0	3
QUAL	0	76.2	0	0	0	47
QUAL	0	76.3	27	15	12	0
QUAL	0	76.5	0	0	0	2
QUAL	0	76.6	193	133	60	37
QUAL	0	76.7	3	3	0	0
QUAL	0	76.8	635	406	229	24
QUAL	0	76.9	4	3	1	2
QUAL	0	77.0	0	0	0	2
QUAL	0	77.1	1	1	0	1
QUAL	0	77.2	0	0	0	138
QUAL	0	77.3	19	15	4	0
QUAL	0	77.5	0	0	0	1
QUAL	0	77.6	181	129	52	38
QUAL	0	77.8	663	422	241	19
QUAL	0	77.9	5	3	2	0
QUAL	0	78.0	0	0	0	2
QUAL	0	78.1	0	0	0	1
QUAL	0	78.2	1	1	0	4718
QUAL	0	78.3	11060	6139	4921	0
QUAL	0	78.6	171	122	49	39
QUAL	0	78.7	0	0	0	8
QUAL	0	78.8	424	273	151	21
QUAL	0	78.9	0	0	0	2
QUAL	0	79.0	1	0	1	0
QUAL	0	79.1	0	0	0	3
QUAL	0	79.2	0	0	0	5
QUAL	0	79.3	5	4	1	0
QUAL	0	79.5	0	0	0	2
QUAL	0	79.6	157	105	52	31
QUAL	0	79.7	2	1	1	1
QUAL	0	79.8	115	67	48	29
QUAL	0	79.9	0	0	0	1
QUAL	0	80.0	0	0	0	1
QUAL	0	80.1	2	2	0	2
QUAL	0	80.4	0	0	0	1
QUAL	0	80.6	185	132	53	39
QUAL	0	80.8	39	27	12	9
QUAL	0	81.0	0	0	0	2
QUAL	0	81.1	1	1	0	4
QUAL	0	81.2	1	1	0	1
QUAL	0	81.6	201	132	69	40
QUAL	0	81.8	36	25	11	16
QUAL	0	81.9	0	0	0	1
QUAL	0	82.0	1	1	0	1
QUAL	0	82.1	1	0	1	2
QUAL	0	82.2	2	1	1	0
QUAL	0	82.5	0	0	0	1
QUAL	0	82.6	231	164	67	45
QUAL	0	82.8	10	7	3	11
QUAL	0	82.9	1	1	0	0
QUAL	0	83.1	1	0	1	3
QUAL	0	83.2	2	2	0	1
QUAL	0	83.6	204	137	67	41
QUAL	0	83.8	20	13	7	3
QUAL	0	83.9	1	0	1	0
QUAL	0	84.0	2	1	1	2
QUAL	0	84.1	12	6	6	3
QUAL	0	84.2	0	0	0	1
QUAL	0	84.3	1	1	0	0
QUAL	0	84.5	1	1	0	0
QUAL	0	84.6	227	160	67	40
QUAL	0	84.7	0	0	0	1
QUAL	0	84.8	21	13	8	27
QUAL	0	84.9	0	0	0	3
QUAL	0	85.0	0	0	0	5
QUAL	0	85.1	1275	859	416	3
QUAL	0	85.2	1	0	1	1
QUAL	0	85.3	1	1	0	0
QUAL	0	85.6	201	139	62	33
QUAL	0	85.8	29	19	10	9
QUAL	0	85.9	0	0	0	2
QUAL	0	86.0	0	0	0	1
QUAL	0	86.1	1	1	0	0
QUAL	0	86.4	0	0	0	2
QUAL	0	86.6	226	154	72	46
QUAL	0	86.7	0	0	0	1
QUAL	0	86.8	23	18	5	4
QUAL	0	87.0	0	0	0	2
QUAL	0	87.3	1	0	1	0
QUAL	0	87.5	0	0	0	1
QUAL	0	87.6	192	132	60	30
QUAL	0	87.8	49	36	13	19
QUAL	0	87.9	0	0	0	1
QUAL	0	88.0	2	1	1	1
QUAL	0	88.1	0	0	0	1
QUAL	0	88.2	1	1	0	1
QUAL	0	88.3	1	1	0	0
QUAL	0	88.6	212	154	58	31
QUAL	0	88.8	83	66	17	6
QUAL	0	88.9	1	1	0	2
QUAL	0	89.0	0	0	0	2
QUAL	0	89.1	3	3	0	2
QUAL	0	89.6	168	119	49	46
QUAL	0	89.8	124	97	27	22
QUAL	0	90.0	0	0	0	1
QUAL	0	90.1	1	0	1	0
QUAL	0	90.6	188	139	49	40
QUAL	0	90.7	0	0	0	1
QUAL	0	90.8	169	139	30	4
QUAL	0	90.9	1	1	0	0
QUAL	0	91.0	0	0	0	4
QUAL	0	91.1	4	3	1	5
QUAL	0	91.6	200	130	70	38
QUAL	0	91.8	185	139	46	5
QUAL	0	92.0	0	0	0	2
QUAL	0	92.1	5	4	1	10
QUAL	0	92.4	0	0	0	1
QUAL	0	92.6	183	113	70	42
QUAL	0	92.8	193	131	62	8
QUAL	0	93.0	0	0	0	1
QUAL	0	93.1	8	6	2	8
QUAL	0	93.6	221	148	73	28
QUAL	0	93.8	162	111	51	32
QUAL	0	93.9	0	0	0	1
QUAL	0	94.0	0	0	0	4
QUAL	0	94.1	4	3	1	3
QUAL	0	94.6	209	137	72	33
QUAL	0	94.8	125	99	26	9
QUAL	0	94.9	1	0	1	0
QUAL	0	95.0	1	1	0	2
QUAL	0	95.1	4	2	2	0
QUAL	0	95.6	201	134	67	25
QUAL	0	95.8	131	97	34	4
QUAL	0	96.0	0	0	0	1
QUAL	0	96.1	4	3	1	2
QUAL	0	96.3	1	1	0	0
QUAL	0	96.4	0	0	0	1
QUAL	0	96.6	175	107	68	21
QUAL	0	96.7	0	0	0	1
QUAL	0	96.8	116	73	43	13
QUAL	0	96.9	0	0	0	1
QUAL	0	97.0	0	0	0	2
QUAL	0	97.1	1	1	0	5
QUAL	0	97.2	0	0	0	1
QUAL	0	97.3	2	1	1	0
QUAL	0	97.4	0	0	0	1
QUAL	0	97.6	210	139	71	54
QUAL	0	97.8	119	85	34	10
QUAL	0	97.9	0	0	0	2
QUAL	0	98.0	2	1	1	3
QUAL	0	98.1	3	1	2	6
QUAL	0	98.3	1	0	1	0
QUAL	0	98.6	195	136	59	33
QUAL	0	98.8	109	73	36	75
QUAL	0	98.9	0	0	0	2
QUAL	0	99.0	0	0	0	1
QUAL	0	99.1	8	6	2	16
QUAL	0	99.4	0	0	0	1
QUAL	0	99.6	199	127	72	33
QUAL	0	99.8	99	73	26	9
QUAL	0	99.9	0	0	0	3
QUAL	0	100.0	1	0	1	2
QUAL	0	100.1	9	4	5	7
QUAL	0	100.6	243	152	91	34
QUAL	0	100.8	74	40	34	5
QUAL	0	100.9	1	1	0	1
QUAL	0	101.0	0	0	0	2
QUAL	0	101.1	8	5	3	14
QUAL	0	101.2	0	0	0	1
QUAL	0	101.6	180	131	49	33
QUAL	0	101.7	0	0	0	1
QUAL	0	101.8	133	98	35	15
QUAL	0	101.9	0	0	0	3
QUAL	0	102.0	0	0	0	1
QUAL	0	102.1	11	10	1	7
QUAL	0	102.2	0	0	0	1
QUAL	0	102.6	189	131	58	37
QUAL	0	102.8	70	52	18	5
QUAL	0	102.9	1	0	1	0
QUAL	0	103.0	0	0	0	2
QUAL	0	103.1	20	12	8	4
QUAL	0	103.6	211	141	70	43
QUAL	0	103.8	82	60	22	2
QUAL	0	103.9	1	1	0	0
QUAL	0	104.0	1	0	1	5
QUAL	0	104.1	34	27	7	1
QUAL	0	104.2	0	0	0	1
QUAL	0	104.5	0	0	0	1
QUAL	0	104.6	176	120	56	27
QUAL	0	104.7	0	0	0	1
QUAL	0	104.8	100	75	25	17
QUAL	0	104.9	0	0	0	1
QUAL	0	105.0	2	1	1	4
QUAL	0	105.1	59	39	20	4
QUAL	0	105.4	0	0	0	1
QUAL	0	105.6	174	116	58	27
QUAL	0	105.7	1	0	1	1
QUAL	0	105.8	120	77	43	4
QUAL	0	106.1	37	22	15	8
QUAL	0	106.2	0	0	0	1
QUAL	0	106.3	1	0	1	0
QUAL	0	106.6	226	138	88	57
QUAL	0	106.7	0	0	0	1
QUAL	0	106.8	137	99	38	11
QUAL	0	106.9	0	0	0	3
QUAL	0	107.0	0	0	0	5
QUAL	0	107.1	47	30	17	0
QUAL	0	107.6	161	111	50	18
QUAL	0	107.8	153	96	57	42
QUAL	0	107.9	0	0	0	1
QUAL	0	108.0	0	0	0	3
QUAL	0	108.1	34	25	9	16
QUAL	0	108.6	163	107	56	22
QUAL	0	108.8	169	123	46	6
QUAL	0	108.9	0	0	0	2
QUAL	0	109.1	31	22	9	4
QUAL	0	109.2	0	0	0	1
QUAL	0	109.6	257	169	88	70
QUAL	0	109.8	136	89	47	7
QUAL	0	109.9	2	1	1	3
QUAL	0	110.0	2	2	0	1
QUAL	0	110.1	35	24	11	9
QUAL	0	110.2	0	0	0	1
QUAL	0	110.3	1	1	0	0
QUAL	0	110.4	0	0	0	1
QUAL	0	110.6	167	122	45	20
QUAL	0	110.7	0	0	0	1
QUAL	0	110.8	186	115	71	13
QUAL	0	110.9	0	0	0	2
QUAL	0	111.1	22	13	9	9
QUAL	0	111.6	124	94	30	27
QUAL	0	111.7	0	0	0	1
QUAL	0	111.8	172	114	58	8
QUAL	0	111.9	3	1	2	2
QUAL	0	112.0	0	0	0	1
QUAL	0	112.1	15	13	2	1
QUAL	0	112.4	0	0	0	1
QUAL	0	112.5	1	0	1	0
QUAL	0	112.6	286	184	102	70
QUAL	0	112.7	0	0	0	1
QUAL	0	112.8	136	89	47	7
QUAL	0	112.9	1	0	1	1
QUAL	0	113.0	0	0	0	2
QUAL	0	113.1	35	21	14	12
QUAL	0	113.2	0	0	0	1
QUAL	0	113.6	149	104	45	23
QUAL	0	113.8	122	76	46	14
QUAL	0	113.9	3	1	2	1
QUAL	0	114.1	14	8	6	4
QUAL	0	114.6	148	95	53	18
QUAL	0	114.7	0	0	0	1
QUAL	0	114.8	53	36	17	5
QUAL	0	114.9	2	1	1	0
QUAL	0	115.0	1	1	0	1
QUAL	0	115.1	32	22	10	1
QUAL	0	115.2	0	0	0	1
QUAL	0	115.6	335	202	133	82
QUAL	0	115.7	0	0	0	1
QUAL	0	115.8	30	14	16	12
QUAL	0	115.9	2	2	0	1
QUAL	0	116.1	48	26	22	7
QUAL	0	116.2	0	0	0	2
QUAL	0	116.4	0	0	0	1
QUAL	0	116.6	156	106	50	24
QUAL	0	116.8	26	18	8	11
QUAL	0	116.9	1	1	0	3
QUAL	0	117.0	1	1	0	1
QUAL	0	117.1	39	28	11	8
QUAL	0	117.5	0	0	0	2
QUAL	0	117.6	143	100	43	22
QUAL	0	117.8	9	4	5	6
QUAL	0	117.9	3	2	1	4
QUAL	0	118.0	0	0	0	4
QUAL	0	118.1	37	23	14	0
QUAL	0	118.2	1	1	0	0
QUAL	0	118.6	150	105	45	25
QUAL	0	118.8	10	7	3	2
QUAL	0	118.9	8	4	4	1
QUAL	0	119.0	0	0	0	5
QUAL	0	119.1	57	38	19	2
QUAL	0	119.2	0	0	0	2
QUAL	0	119.6	142	97	45	17
QUAL	0	119.7	0	0	0	1
QUAL	0	119.8	7	4	3	11
QUAL	0	119.9	11	6	5	3
QUAL	0	120.0	1	0	1	1
QUAL	0	120.1	47	31	16	6
QUAL	0	120.2	1	0	1	0
QUAL	0	120.6	151	107	44	17
QUAL	0	120.7	0	0	0	1
QUAL	0	120.8	5	1	4	13
QUAL	0	120.9	21	16	5	1
QUAL	0	121.0	1	0	1	0
QUAL	0	121.1	39	31	8	4
QUAL	0	121.2	0	0	0	2
QUAL	0	121.5	0	0	0	1
QUAL	0	121.6	135	88	47	29
QUAL	0	121.7	0	0	0	3
QUAL	0	121.8	926	564	362	453
QUAL	0	121.9	9	7	2	0
QUAL	0	122.0	0	0	0	1
QUAL	0	122.1	34	27	7	0
QUAL	0	122.4	0	0	0	1
QUAL	0	122.5	1	1	0	0
QUAL	0	122.6	138	82	56	24
QUAL	0	122.8	0	0	0	2
QUAL	0	122.9	14	11	3	0
QUAL	0	123.0	0	0	0	1
QUAL	0	123.1	60	48	12	1
QUAL	0	123.5	2	2	0	0
QUAL	0	123.6	139	98	41	21
QUAL	0	123.7	1	1	0	0
QUAL	0	123.8	0	0	0	1
QUAL	0	123.9	5	1	4	1
QUAL	0	124.1	84	64	20	4
QUAL	0	124.6	171	120	51	35
QUAL	0	124.8	0	0	0	1
QUAL	0	124.9	12	8	4	4
QUAL	0	125.0	0	0	0	2
QUAL	0	125.1	134	95	39	10
QUAL	0	125.6	144	95	49	15
QUAL	0	125.9	32	18	14	0
QUAL	0	126.0	0	0	0	2
QUAL	0	126.1	93	69	24	1
QUAL	0	126.5	1	1	0	0
QUAL	0	126.6	142	91	51	22
QUAL	0	126.7	0	0	0	1
QUAL	0	126.9	21	10	11	5
QUAL	0	127.0	0	0	0	2
QUAL	0	127.1	105	79	26	2
QUAL	0	127.2	1	1	0	0
QUAL	0	127.6	173	117	56	26
QUAL	0	127.8	0	0	0	1
QUAL	0	127.9	16	8	8	2
QUAL	0	128.0	0	0	0	1
QUAL	0	128.1	85	61	24	10
QUAL	0	128.2	0	0	0	1
QUAL	0	128.3	1	0	1	0
QUAL	0	128.4	1	1	0	0
QUAL	0	128.6	153	105	48	15
QUAL	0	128.7	0	0	0	1
QUAL	0	128.9	8	5	3	11
QUAL	0	129.0	0	0	0	1
QUAL	0	129.1	75	54	21	18
QUAL	0	129.6	150	105	45	19
QUAL	0	129.7	1	0	1	0
QUAL	0	129.8	0	0	0	1
QUAL	0	129.9	4	2	2	1
QUAL	0	130.0	1	0	1	2
QUAL	0	130.1	64	45	19	2
QUAL	0	130.5	0	0	0	1
QUAL	0	130.6	161	104	57	28
QUAL	0	130.7	0	0	0	2
QUAL	0	130.9	1	0	1	9
QUAL	0	131.0	0	0	0	3
QUAL	0	131.1	54	32	22	6
QUAL	0	131.2	0	0	0	1
QUAL	0	131.6	146	89	57	18
QUAL	0	131.9	4	4	0	1
QUAL	0	132.0	0	0	0	4
QUAL	0	132.1	60	37	23	4
QUAL	0	132.6	154	104	50	21
QUAL	0	132.9	9	9	0	4
QUAL	0	133.0	0	0	0	1
QUAL	0	133.1	69	43	26	3
QUAL	0	133.3	1	0	1	0
QUAL	0	133.6	212	147	65	29
QUAL	0	133.7	1	0	1	0
QUAL	0	133.9	37	24	13	3
QUAL	0	134.0	1	1	0	2
QUAL	0	134.1	53	34	19	1
QUAL	0	134.2	1	0	1	0
QUAL	0	134.5	0	0	0	1
QUAL	0	134.6	174	109	65	20
QUAL	0	134.9	10	7	3	1
QUAL	0	135.0	2	1	1	2
QUAL	0	135.1	80	62	18	4
QUAL	0	135.6	160	107	53	19
QUAL	0	135.8	0	0	0	1
QUAL	0	135.9	7	4	3	7
QUAL	0	136.0	0	0	0	5
QUAL	0	136.1	68	48	20	31
QUAL	0	136.5	0	0	0	1
QUAL	0	136.6	189	124	65	20
QUAL	0	136.7	0	0	0	1
QUAL	0	136.9	10	5	5	7
QUAL	0	137.0	1	1	0	3
QUAL	0	137.1	52	37	15	2
QUAL	0	137.6	163	121	42	31
QUAL	0	137.8	0	0	0	2
QUAL	0	137.9	10	6	4	5
QUAL	0	138.0	2	0	2	2
QUAL	0	138.1	41	28	13	4
QUAL	0	138.6	159	107	52	21
QUAL	0	138.7	0	0	0	2
QUAL	0	138.8	1	0	1	0
QUAL	0	138.9	18	13	5	7
QUAL	0	139.0	1	0	1	0
QUAL	0	139.1	29	21	8	2
QUAL	0	139.2	0	0	0	1
QUAL	0	139.5	0	0	0	1
QUAL	0	139.6	183	112	71	34
QUAL	0	139.9	13	13	0	1
QUAL	0	140.0	0	0	0	1
QUAL	0	140.1	30	18	12	6
QUAL	0	140.6	157	98	59	26
QUAL	0	140.9	9	6	3	0
QUAL	0	141.0	1	1	0	1
QUAL	0	141.1	30	23	7	2
QUAL	0	141.6	164	107	57	21
QUAL	0	141.9	22	10	12	7
QUAL	0	142.0	0	0	0	4
QUAL	0	142.1	33	21	12	4
QUAL	0	142.2	1	0	1	0
QUAL	0	142.6	210	142	68	31
QUAL	0	142.9	10	7	3	6
QUAL	0	143.0	0	0	0	2
QUAL	0	143.1	48	36	12	7
QUAL	0	143.2	0	0	0	1
QUAL	0	143.6	152	91	61	21
QUAL	0	143.9	19	16	3	1
QUAL	0	144.0	0	0	0	2
QUAL	0	144.1	64	42	22	6
QUAL	0	144.6	168	117	51	14
QUAL	0	144.9	26	15	11	6
QUAL	0	145.0	1	0	1	2
QUAL	0	145.1	77	45	32	1
QUAL	0	145.6	184	119	65	27
QUAL	0	145.9	13	6	7	2
QUAL	0	146.0	3	2	1	2
QUAL	0	146.1	88	57	31	7
QUAL	0	146.6	166	117	49	25
QUAL	0	146.9	10	8	2	2
QUAL	0	147.0	0	0	0	3
QUAL	0	147.1	81	56	25	10
QUAL	0	147.4	0	0	0	1
QUAL	0	147.5	0	0	0	1
QUAL	0	147.6	144	96	48	23
QUAL	0	147.9	16	12	4	3
QUAL	0	148.0	1	0	1	1
QUAL	0	148.1	80	55	25	16
QUAL	0	148.2	0	0	0	2
QUAL	0	148.6	186	139	47	38
QUAL	0	148.7	0	0	0	1
QUAL	0	148.9	14	10	4	4
QUAL	0	149.0	0	0	0	2
QUAL	0	149.1	62	41	21	6
QUAL	0	149.6	135	93	42	31
QUAL	0	149.8	1	1	0	0
QUAL	0	149.9	18	16	2	3
QUAL	0	150.1	70	45	25	1
QUAL	0	150.2	1	1	0	2
QUAL	0	150.6	132	75	57	25
QUAL	0	150.7	0	0	0	1
QUAL	0	150.9	14	10	4	0
QUAL	0	151.0	1	0	1	11
QUAL	0	151.1	65	39	26	0
QUAL	0	151.2	1	0	1	0
QUAL	0	151.6	175	110	65	44
QUAL	0	151.7	1	1	0	1
QUAL	0	151.9	15	10	5	5
QUAL	0	152.0	0	0	0	2
QUAL	0	152.1	77	54	23	1
QUAL	0	152.2	0	0	0	1
QUAL	0	152.5	0	0	0	1
QUAL	0	152.6	143	96	47	27
QUAL	0	152.9	15	9	6	4
QUAL	0	153.0	0	0	0	3
QUAL	0	153.1	71	45	26	2
QUAL	0	153.6	115	77	38	22
QUAL	0	153.8	0	0	0	1
QUAL	0	153.9	31	22	9	4
QUAL	0	154.0	1	1	0	1
QUAL	0	154.1	74	48	26	7
QUAL	0	154.6	168	115	53	32
QUAL	0	154.9	38	28	10	9
QUAL	0	155.0	0	0	0	3
QUAL	0	155.1	57	38	19	5
QUAL	0	155.5	0	0	0	1
QUAL	0	155.6	115	72	43	17
QUAL	0	155.9	36	24	12	3
QUAL	0	156.0	0	0	0	1
QUAL	0	156.1	61	45	16	6
QUAL	0	156.6	117	80	37	17
QUAL	0	156.7	0	0	0	3
QUAL	0	156.9	70	50	20	1
QUAL	0	157.0	1	0	1	1
QUAL	0	157.1	32	19	13	4
QUAL	0	157.6	183	117	66	41
QUAL	0	157.9	43	30	13	12
QUAL	0	158.1	15	10	5	3
QUAL	0	158.4	0	0	0	1
QUAL	0	158.6	128	90	38	20
QUAL	0	158.9	59	46	13	1
QUAL	0	159.0	0	0	0	2
QUAL	0	159.1	9	4	5	3
QUAL	0	159.4	0	0	0	1
QUAL	0	159.6	116	81	35	11
QUAL	0	159.9	69	47	22	4
QUAL	0	160.0	1	1	0	4
QUAL	0	160.1	11	6	5	6
QUAL	0	160.6	124	91	33	10
QUAL	0	160.8	0	0	0	1
QUAL	0	160.9	70	54	16	3
QUAL	0	161.0	2	2	0	2
QUAL	0	161.1	10	8	2	2
QUAL	0	161.6	127	88	39	17
QUAL	0	161.8	1	1	0	0
QUAL	0	161.9	77	46	31	4
QUAL	0	162.0	1	0	1	2
QUAL	0	162.1	11	6	5	2
QUAL	0	162.6	129	89	40	14
QUAL	0	162.8	1	0	1	0
QUAL	0	162.9	68	48	20	1
QUAL	0	163.0	1	1	0	0
QUAL	0	163.1	6	4	2	3
QUAL	0	163.2	0	0	0	1
QUAL	0	163.4	0	0	0	1
QUAL	0	163.5	2	1	1	0
QUAL	0	163.6	154	111	43	19
QUAL	0	163.7	0	0	0	1
QUAL	0	163.9	58	40	18	12
QUAL	0	164.0	2	1	1	2
QUAL	0	164.1	3	1	2	6
QUAL	0	164.2	0	0	0	1
QUAL	0	164.5	0	0	0	1
QUAL	0	164.6	123	81	42	16
QUAL	0	164.8	1	1	0	0
QUAL	0	164.9	39	29	10	10
QUAL	0	165.0	1	1	0	1
QUAL	0	165.1	1	0	1	10
QUAL	0	165.2	0	0	0	2
QUAL	0	165.6	112	81	31	15
QUAL	0	165.9	41	26	15	3
QUAL	0	166.0	3	3	0	6
QUAL	0	166.1	457	294	163	221
QUAL	0	166.4	0	0	0	1
QUAL	0	166.6	169	127	42	21
QUAL	0	166.9	43	24	19	2
QUAL	0	167.0	0	0	0	8
QUAL	0	167.1	0	0	0	2
QUAL	0	167.6	157	100	57	15
QUAL	0	167.7	0	0	0	1
QUAL	0	167.9	50	32	18	8
QUAL	0	168.0	5	3	2	2
QUAL	0	168.6	135	89	46	15
QUAL	0	168.7	0	0	0	3
QUAL	0	168.9	49	37	12	12
QUAL	0	169.0	3	2	1	3
QUAL	0	169.6	151	90	61	17
QUAL	0	169.9	54	40	14	6
QUAL	0	170.0	9	7	2	1
QUAL	0	170.1	0	0	0	1
QUAL	0	170.6	121	84	37	20
QUAL	0	170.7	0	0	0	1
QUAL	0	170.9	41	26	15	2
QUAL	0	171.0	2	2	0	5
QUAL	0	171.6	163	107	56	17
QUAL	0	171.9	40	31	9	3
QUAL	0	172.0	4	4	0	3
QUAL	0	172.6	148	102	46	32
QUAL	0	172.8	1	1	0	1
QUAL	0	172.9	50	31	19	18
QUAL	0	173.0	2	0	2	0
QUAL	0	173.6	144	93	51	26
QUAL	0	173.9	44	28	16	4
QUAL	0	174.0	4	2	2	1
QUAL	0	174.3	1	1	0	0
QUAL	0	174.6	130	85	45	16
QUAL	0	174.9	46	32	14	4
QUAL	0	175.0	5	4	1	1
QUAL	0	175.1	0	0	0	1
QUAL	0	175.6	148	91	57	20
QUAL	0	175.9	19	12	7	6
QUAL	0	176.0	3	0	3	7
QUAL	0	176.6	143	88	55	22
QUAL	0	176.9	30	20	10	9
QUAL	0	177.0	1	1	0	3
QUAL	0	177.6	128	92	36	12
QUAL	0	177.7	1	0	1	0
QUAL	0	177.9	27	21	6	4
QUAL	0	178.0	0	0	0	3
QUAL	0	178.1	0	0	0	2
QUAL	0	178.4	1	0	1	0
QUAL	0	178.6	154	102	52	25
QUAL	0	178.7	1	1	0	0
QUAL	0	178.9	22	18	4	2
QUAL	0	179.0	0	0	0	1
QUAL	0	179.6	120	78	42	13
QUAL	0	179.8	1	1	0	1
QUAL	0	179.9	30	18	12	2
QUAL	0	180.0	0	0	0	5
QUAL	0	180.6	142	96	46	9
QUAL	0	180.9	39	28	11	2
QUAL	0	181.0	1	1	0	1
QUAL	0	181.6	151	102	49	25
QUAL	0	181.9	33	22	11	6
QUAL	0	182.0	3	2	1	4
QUAL	0	182.6	121	86	35	14
QUAL	0	182.9	33	22	11	7
QUAL	0	183.0	2	1	1	2
QUAL	0	183.1	1	0	1	0
QUAL	0	183.6	121	82	39	6
QUAL	0	183.7	0	0	0	1
QUAL	0	183.8	0	0	0	1
QUAL	0	183.9	48	36	12	3
QUAL	0	184.0	7	4	3	5
QUAL	0	184.6	132	88	44	33
QUAL	0	184.9	61	44	17	5
QUAL	0	185.2	1	1	0	0
QUAL	0	185.6	121	93	28	8
QUAL	0	185.8	1	0	1	0
QUAL	0	185.9	55	42	13	6
QUAL	0	186.0	2	2	0	1
QUAL	0	186.1	1	0	1	0
QUAL	0	186.6	97	70	27	11
QUAL	0	186.8	0	0	0	1
QUAL	0	186.9	67	48	19	4
QUAL	0	187.0	4	1	3	4
QUAL	0	187.4	0	0	0	1
QUAL	0	187.6	138	97	41	39
QUAL	0	187.9	72	48	24	20
QUAL	0	188.0	5	4	1	3
QUAL	0	188.1	0	0	0	1
QUAL	0	188.6	132	91	41	8
QUAL	0	188.9	64	41	23	7
QUAL	0	189.0	3	3	0	2
QUAL	0	189.6	92	63	29	11
QUAL	0	189.7	1	1	0	0
QUAL	0	189.9	65	45	20	2
QUAL	0	190.0	5	4	1	5
QUAL	0	190.6	137	94	43	37
QUAL	0	190.9	79	52	27	7
QUAL	0	191.0	8	5	3	3
QUAL	0	191.4	1	0	1	0
QUAL	0	191.6	103	60	43	19
QUAL	0	191.7	0	0	0	1
QUAL	0	191.9	74	56	18	2
QUAL	0	192.0	6	4	2	3
QUAL	0	192.6	102	72	30	6
QUAL	0	192.8	0	0	0	1
QUAL	0	192.9	78	52	26	5
QUAL	0	193.0	5	4	1	4
QUAL	0	193.2	0	0	0	1
QUAL	0	193.6	138	87	51	21
QUAL	0	193.9	98	73	25	1
QUAL	0	194.0	4	4	0	2
QUAL	0	194.6	111	82	29	16
QUAL	0	194.7	1	1	0	0
QUAL	0	194.8	0	0	0	2
QUAL	0	194.9	84	47	37	6
QUAL	0	195.0	4	4	0	3
QUAL	0	195.4	0	0	0	1
QUAL	0	195.6	113	80	33	15
QUAL	0	195.9	119	76	43	11
QUAL	0	196.0	8	6	2	5
QUAL	0	196.6	156	102	54	36
QUAL	0	196.9	90	59	31	5
QUAL	0	197.0	12	6	6	2
QUAL	0	197.6	107	77	30	12
QUAL	0	197.8	0	0	0	1
QUAL	0	197.9	78	55	23	2
QUAL	0	198.0	7	5	2	2
QUAL	0	198.5	0	0	0	1
QUAL	0	198.6	110	77	33	14
QUAL	0	198.9	60	32	28	8
QUAL	0	199.0	4	3	1	3
QUAL	0	199.6	155	101	54	22
QUAL	0	199.9	55	32	23	16
QUAL	0	200.0	7	6	1	0
QUAL	0	200.6	94	68	26	20
QUAL	0	200.7	2	2	0	0
QUAL	0	200.9	66	46	20	3
QUAL	0	201.0	6	6	0	4
QUAL	0	201.2	0	0	0	1
QUAL	0	201.6	121	85	36	8
QUAL	0	201.9	42	28	14	3
QUAL	0	202.0	3	1	2	2
QUAL	0	202.1	0	0	0	1
QUAL	0	202.6	118	82	36	13
QUAL	0	202.7	0	0	0	1
QUAL	0	202.9	47	34	13	5
QUAL	0	203.0	5	4	1	2
QUAL	0	203.6	128	87	41	7
QUAL	0	203.8	1	0	1	0
QUAL	0	203.9	35	20	15	7
QUAL	0	204.0	4	2	2	6
QUAL	0	204.1	1	0	1	0
QUAL	0	204.6	114	77	37	12
QUAL	0	204.9	27	20	7	4
QUAL	0	205.0	12	8	4	1
QUAL	0	205.4	1	1	0	0
QUAL	0	205.6	133	95	38	21
QUAL	0	205.8	0	0	0	1
QUAL	0	205.9	35	23	12	3
QUAL	0	206.0	8	6	2	4
QUAL	0	206.6	127	93	34	17
QUAL	0	206.7	0	0	0	1
QUAL	0	206.9	31	25	6	4
QUAL	0	207.0	12	9	3	2
QUAL	0	207.6	121	83	38	9
QUAL	0	207.9	37	22	15	4
QUAL	0	208.0	16	11	5	1
QUAL	0	208.2	1	1	0	0
QUAL	0	208.6	97	68	29	13
QUAL	0	208.7	1	0	1	0
QUAL	0	208.9	34	21	13	6
QUAL	0	209.0	17	14	3	3
QUAL	0	209.1	1	0	1	0
QUAL	0	209.6	124	86	38	15
QUAL	0	209.8	1	1	0	0
QUAL	0	209.9	24	17	7	10
QUAL	0	210.0	14	9	5	0
QUAL	0	210.6	123	89	34	5
QUAL	0	210.9	196	116	80	118
QUAL	0	211.0	15	11	4	2
QUAL	0	211.4	0	0	0	1
QUAL	0	211.6	116	75	41	15
QUAL	0	211.9	30	22	8	3
QUAL	0	212.0	14	10	4	2
QUAL	0	212.6	115	76	39	9
QUAL	0	212.9	14	10	4	2
QUAL	0	213.0	4	4	0	3
QUAL	0	213.3	1	0	1	0
QUAL	0	213.6	135	91	44	11
QUAL	0	213.9	12	10	2	6
QUAL	0	214.0	9	6	3	1
QUAL	0	214.6	118	75	43	16
QUAL	0	214.9	17	11	6	1
QUAL	0	215.0	8	5	3	4
QUAL	0	215.6	129	94	35	9
QUAL	0	215.8	1	1	0	0
QUAL	0	215.9	13	10	3	1
QUAL	0	216.0	7	6	1	5
QUAL	0	216.1	1	0	1	0
QUAL	0	216.2	0	0	0	1
QUAL	0	216.6	98	73	25	6
QUAL	0	216.9	13	10	3	2
QUAL	0	217.0	8	4	4	6
QUAL	0	217.2	0	0	0	2
QUAL	0	217.6	111	76	35	16
QUAL	0	217.9	18	13	5	4
QUAL	0	218.0	10	6	4	1
QUAL	0	218.6	105	64	41	10
QUAL	0	218.9	20	12	8	2
QUAL	0	219.0	13	11	2	4
QUAL	0	219.6	100	60	40	15
QUAL	0	219.7	1	0	1	0
QUAL	0	219.8	1	1	0	0
QUAL	0	219.9	11	8	3	2
QUAL	0	220.0	13	9	4	3
QUAL	0	220.1	1	0	1	0
QUAL	0	220.6	131	80	51	18
QUAL	0	220.9	21	17	4	6
QUAL	0	221.0	13	10	3	2
QUAL	0	221.1	0	0	0	1
QUAL	0	221.4	1	0	1	0
QUAL	0	221.6	95	65	30	9
QUAL	0	221.8	0	0	0	1
QUAL	0	221.9	28	18	10	6
QUAL	0	222.0	19	13	6	0
QUAL	0	222.6	96	72	24	10
QUAL	0	222.7	1	1	0	0
QUAL	0	222.9	21	17	4	6
QUAL	0	223.0	18	12	6	3
QUAL	0	223.2	0	0	0	1
QUAL	0	223.6	161	106	55	21
QUAL	0	223.9	19	16	3	2
QUAL	0	224.0	20	16	4	1
QUAL	0	224.6	84	61	23	11
QUAL	0	224.7	1	1	0	1
QUAL	0	224.9	22	10	12	0
QUAL	0	225.0	19	12	7	5
QUAL	0	225.3	0	0	0	1
QUAL	0	225.4	0	0	0	1
QUAL	0	225.6	106	76	30	8
QUAL	0	225.9	44	28	16	2
QUAL	0	226.0	24	17	7	4
QUAL	0	226.2	1	1	0	0
QUAL	0	226.6	110	75	35	25
QUAL	0	226.8	0	0	0	1
QUAL	0	226.9	27	21	6	3
QUAL	0	227.0	25	18	7	2
QUAL	0	227.6	107	77	30	14
QUAL	0	227.7	1	1	0	0
QUAL	0	227.9	38	29	9	3
QUAL	0	228.0	35	25	10	3
QUAL	0	228.4	0	0	0	1
QUAL	0	228.6	84	63	21	10
QUAL	0	228.7	2	2	0	0
QUAL	0	228.9	29	21	8	3
QUAL	0	229.0	45	34	11	2
QUAL	0	229.6	121	73	48	12
QUAL	0	229.9	40	26	14	2
QUAL	0	230.0	45	35	10	5
QUAL	0	230.6	95	64	31	16
QUAL	0	230.8	0	0	0	1
QUAL	0	230.9	23	14	9	4
QUAL	0	231.0	33	26	7	7
QUAL	0	231.6	98	60	38	8
QUAL	0	231.9	31	20	11	4
QUAL	0	232.0	50	37	13	4
QUAL	0	232.4	1	1	0	0
QUAL	0	232.6	113	75	38	35
QUAL	0	232.9	37	28	9	2
QUAL	0	233.0	49	39	10	3
QUAL	0	233.6	99	71	28	11
QUAL	0	233.7	0	0	0	1
QUAL	0	233.8	1	0	1	0
QUAL	0	233.9	27	20	7	3
QUAL	0	234.0	35	20	15	1
QUAL	0	234.6	93	57	36	9
QUAL	0	234.7	1	0	1	0
QUAL	0	234.9	35	23	12	4
QUAL	0	235.0	39	32	7	11
QUAL	0	235.6	117	80	37	24
QUAL	0	235.9	41	27	14	15
QUAL	0	236.0	41	32	9	2
QUAL	0	236.5	0	0	0	1
QUAL	0	236.6	108	79	29	18
QUAL	0	236.7	1	1	0	0
QUAL	0	236.9	34	23	11	1
QUAL	0	237.0	25	19	6	1
QUAL	0	237.2	1	1	0	0
QUAL	0	237.6	90	59	31	13
QUAL	0	237.8	0	0	0	1
QUAL	0	237.9	43	29	14	2
QUAL	0	238.0	21	16	5	3
QUAL	0	238.6	130	85	45	19
QUAL	0	238.7	1	0	1	0
QUAL	0	238.9	28	20	8	3
QUAL	0	239.0	31	23	8	3
QUAL	0	239.2	0	0	0	1
QUAL	0	239.6	93	64	29	11
QUAL	0	239.9	20	14	6	0
QUAL	0	240.0	27	17	10	8
QUAL	0	240.6	103	77	26	11
QUAL	0	240.9	20	10	10	0
QUAL	0	241.0	33	23	10	3
QUAL	0	241.6	131	79	52	15
QUAL	0	241.7	3	3	0	0
QUAL	0	241.9	11	9	2	8
QUAL	0	242.0	36	24	12	2
QUAL	0	242.6	101	71	30	9
QUAL	0	242.7	1	1	0	0
QUAL	0	242.9	5	2	3	6
QUAL	0	243.0	36	20	16	4
QUAL	0	243.6	103	66	37	6
QUAL	0	243.7	0	0	0	1
QUAL	0	243.9	11	6	5	5
QUAL	0	244.0	39	30	9	5
QUAL	0	244.6	113	69	44	14
QUAL	0	244.8	0	0	0	1
QUAL	0	244.9	5	4	1	7
QUAL	0	245.0	35	20	15	3
QUAL	0	245.6	113	79	34	11
QUAL	0	245.8	1	1	0	0
QUAL	0	245.9	5	3	2	5
QUAL	0	246.0	38	28	10	3
QUAL	0	246.6	99	63	36	6
QUAL	0	246.7	1	1	0	0
QUAL	0	246.9	3	2	1	2
QUAL	0	247.0	39	27	12	4
QUAL	0	247.6	113	71	42	14
QUAL	0	247.7	1	1	0	0
QUAL	0	247.8	0	0	0	1
QUAL	0	247.9	7	4	3	11
QUAL	0	248.0	33	24	9	4
QUAL	0	248.6	111	75	36	11
QUAL	0	248.7	1	1	0	0
QUAL	0	248.9	2	1	1	3
QUAL	0	249.0	26	18	8	3
QUAL	0	249.6	96	66	30	5
QUAL	0	249.9	3	1	2	4
QUAL	0	250.0	34	25	9	2
QUAL	0	250.6	88	56	32	15
QUAL	0	250.7	0	0	0	1
QUAL	0	250.9	2	0	2	0
QUAL	0	251.0	22	12	10	5
QUAL	0	251.6	106	64	42	5
QUAL	0	251.7	1	0	1	0
QUAL	0	251.9	2	1	1	1
QUAL	0	252.0	19	14	5	1
QUAL	0	252.1	1	0	1	0
QUAL	0	252.3	1	1	0	0
QUAL	0	252.6	99	76	23	10
QUAL	0	252.9	1	1	0	5
QUAL	0	253.0	19	12	7	1
QUAL	0	253.6	107	74	33	23
QUAL	0	253.9	5	4	1	3
QUAL	0	254.0	15	10	5	3
QUAL	0	254.6	112	70	42	2
QUAL	0	254.7	1	1	0	0
QUAL	0	254.9	3	2	1	1
QUAL	0	255.0	26	20	6	2
QUAL	0	255.1	1	1	0	0
QUAL	0	255.6	70	50	20	11
QUAL	0	255.9	137	82	55	84
QUAL	0	256.0	26	18	8	1
QUAL	0	256.4	0	0	0	1
QUAL	0	256.6	115	80	35	10
QUAL	0	256.9	0	0	0	3
QUAL	0	257.0	19	14	5	2
QUAL	0	257.1	1	0	1	0
QUAL	0	257.6	71	48	23	10
QUAL	0	257.7	1	0	1	0
QUAL	0	257.9	0	0	0	2
QUAL	0	258.0	27	19	8	0
QUAL	0	258.6	90	63	27	8
QUAL	0	259.0	39	30	9	4
QUAL	0	259.6	115	81	34	20
QUAL	0	259.7	1	1	0	0
QUAL	0	259.9	0	0	0	1
QUAL	0	260.0	38	28	10	2
QUAL	0	260.5	1	0	1	0
QUAL	0	260.6	102	68	34	8
QUAL	0	260.9	0	0	0	2
QUAL	0	261.0	34	27	7	5
QUAL	0	261.6	73	54	19	4
QUAL	0	261.9	0	0	0	3
QUAL	0	262.0	47	38	9	2
QUAL	0	262.1	0	0	0	1
QUAL	0	262.6	104	76	28	21
QUAL	0	262.7	3	1	2	0
QUAL	0	262.9	0	0	0	1
QUAL	0	263.0	35	20	15	2
QUAL	0	263.3	2	1	1	0
QUAL	0	263.6	82	63	19	7
QUAL	0	263.9	0	0	0	1
QUAL	0	264.0	54	39	15	2
QUAL	0	264.6	74	55	19	9
QUAL	0	264.7	0	0	0	1
QUAL	0	264.9	0	0	0	1
QUAL	0	265.0	43	33	10	1
QUAL	0	265.4	0	0	0	1
QUAL	0	265.6	94	58	36	23
QUAL	0	265.8	2	1	1	0
QUAL	0	265.9	0	0	0	1
QUAL	0	266.0	48	38	10	6
QUAL	0	266.6	64	47	17	14
QUAL	0	266.9	0	0	0	1
QUAL	0	267.0	49	37	12	3
QUAL	0	267.1	1	1	0	0
QUAL	0	267.6	98	70	28	6
QUAL	0	267.7	1	1	0	0
QUAL	0	267.9	0	0	0	3
QUAL	0	268.0	48	31	17	4
QUAL	0	268.6	126	78	48	19
QUAL	0	268.9	0	0	0	8
QUAL	0	269.0	50	37	13	2
QUAL	0	269.2	0	0	0	3
QUAL	0	269.6	82	51	31	5
QUAL	0	269.7	1	1	0	0
QUAL	0	269.8	1	1	0	0
QUAL	0	269.9	0	0	0	1
QUAL	0	270.0	55	37	18	2
QUAL	0	270.6	81	52	29	9
QUAL	0	270.9	0	0	0	1
QUAL	0	271.0	54	37	17	5
QUAL	0	271.6	106	71	35	8
QUAL	0	271.9	0	0	0	1
QUAL	0	272.0	43	33	10	5
QUAL	0	272.6	91	63	28	10
QUAL	0	272.9	1	1	0	2
QUAL	0	273.0	44	25	19	11
QUAL	0	273.6	91	69	22	9
QUAL	0	273.7	0	0	0	2
QUAL	0	273.8	1	0	1	0
QUAL	0	273.9	0	0	0	1
QUAL	0	274.0	46	31	15	4
QUAL	0	274.6	116	83	33	30
QUAL	0	274.7	0	0	0	2
QUAL	0	274.8	0	0	0	1
QUAL	0	274.9	0	0	0	1
QUAL	0	275.0	44	33	11	2
QUAL	0	275.6	96	69	27	8
QUAL	0	275.8	0	0	0	1
QUAL	0	275.9	1	1	0	2
QUAL	0	276.0	46	30	16	3
QUAL	0	276.1	0	0	0	1
QUAL	0	276.6	90	66	24	8
QUAL	0	276.7	3	2	1	0
QUAL	0	276.9	0	0	0	2
QUAL	0	277.0	46	32	14	9
QUAL	0	277.2	0	0	0	1
QUAL	0	277.5	1	0	1	0
QUAL	0	277.6	110	80	30	18
QUAL	0	278.0	44	34	10	1
QUAL	0	278.4	0	0	0	1
QUAL	0	278.6	79	50	29	5
QUAL	0	278.7	1	1	0	0
QUAL	0	279.0	57	33	24	2
QUAL	0	279.6	67	50	17	9
QUAL	0	279.7	1	0	1	1
QUAL	0	280.0	52	35	17	7
QUAL	0	280.6	90	54	36	19
QUAL	0	280.7	1	1	0	0
QUAL	0	280.8	1	0	1	0
QUAL	0	280.9	1	0	1	0
QUAL	0	281.0	44	34	10	2
QUAL	0	281.1	1	0	1	0
QUAL	0	281.6	104	67	37	7
QUAL	0	281.9	0	0	0	3
QUAL	0	282.0	37	28	9	3
QUAL	0	282.6	122	90	32	5
QUAL	0	282.7	1	1	0	0
QUAL	0	283.0	42	23	19	2
QUAL	0	283.6	109	82	27	14
QUAL	0	283.9	1	1	0	1
QUAL	0	284.0	39	23	16	4
QUAL	0	284.6	103	67	36	11
QUAL	0	284.8	0	0	0	1
QUAL	0	285.0	35	26	9	5
QUAL	0	285.4	0	0	0	1
QUAL	0	285.6	74	55	19	6
QUAL	0	285.7	1	0	1	0
QUAL	0	285.9	0	0	0	1
QUAL	0	286.0	25	16	9	13
QUAL	0	286.4	1	0	1	0
QUAL	0	286.5	0	0	0	1
QUAL	0	286.6	91	67	24	14
QUAL	0	286.8	0	0	0	1
QUAL	0	286.9	0	0	0	1
QUAL	0	287.0	43	30	13	3
QUAL	0	287.6	89	66	23	6
QUAL	0	287.7	0	0	0	1
QUAL	0	288.0	28	23	5	2
QUAL	0	288.6	85	57	28	13
QUAL	0	288.7	1	1	0	0
QUAL	0	288.9	1	0	1	5
QUAL	0	289.0	31	26	5	8
QUAL	0	289.6	84	65	19	12
QUAL	0	289.7	1	1	0	0
QUAL	0	289.9	0	0	0	2
QUAL	0	290.0	20	12	8	3
QUAL	0	290.6	88	59	29	5
QUAL	0	290.7	2	2	0	0
QUAL	0	290.9	0	0	0	2
QUAL	0	291.0	40	34	6	2
QUAL	0	291.4	1	1	0	0
QUAL	0	291.6	80	64	16	10
QUAL	0	291.9	0	0	0	3
QUAL	0	292.0	36	27	9	8
QUAL	0	292.6	100	65	35	9
QUAL	0	292.9	0	0	0	1
QUAL	0	293.0	38	23	15	2
QUAL	0	293.6	75	53	22	13
QUAL	0	293.9	0	0	0	2
QUAL	0	294.0	35	27	8	1
QUAL	0	294.6	83	53	30	2
QUAL	0	294.7	1	1	0	0
QUAL	0	294.9	1	0	1	3
QUAL	0	295.0	30	28	2	1
QUAL	0	295.6	113	72	41	6
QUAL	0	295.7	1	1	0	0
QUAL	0	295.9	0	0	0	3
QUAL	0	296.0	34	22	12	7
QUAL	0	296.6	79	50	29	3
QUAL	0	297.0	31	25	6	3
QUAL	0	297.6	106	79	27	7
QUAL	0	297.7	1	1	0	0
QUAL	0	298.0	41	28	13	2
QUAL	0	298.6	80	55	25	13
QUAL	0	298.9	0	0	0	1
QUAL	0	299.0	36	22	14	5
QUAL	0	299.6	76	51	25	10
QUAL	0	299.9	0	0	0	2
QUAL	0	300.0	41	28	13	5
QUAL	0	300.6	80	55	25	4
QUAL	0	300.9	0	0	0	57
QUAL	0	301.0	129	71	58	3
QUAL	0	301.6	83	59	24	15
QUAL	0	302.0	43	32	11	5
QUAL	0	302.6	67	46	21	7
QUAL	0	303.0	39	32	7	0
QUAL	0	303.6	77	52	25	11
QUAL	0	303.8	1	1	0	1
QUAL	0	303.9	0	0	0	1
QUAL	0	304.0	33	20	13	3
QUAL	0	304.1	2	1	1	0
QUAL	0	304.6	94	67	27	20
QUAL	0	304.7	1	1	0	0
QUAL	0	305.0	43	33	10	3
QUAL	0	305.6	71	39	32	5
QUAL	0	305.9	1	1	0	1
QUAL	0	306.0	39	23	16	7
QUAL	0	306.6	80	64	16	6
QUAL	0	307.0	50	38	12	5
QUAL	0	307.1	1	0	1	0
QUAL	0	307.6	108	78	30	19
QUAL	0	307.9	1	0	1	0
QUAL	0	308.0	41	25	16	2
QUAL	0	308.6	71	49	22	8
QUAL	0	308.7	0	0	0	1
QUAL	0	309.0	39	20	19	8
QUAL	0	309.6	85	62	23	6
QUAL	0	309.9	1	1	0	0
QUAL	0	310.0	46	28	18	5
QUAL	0	310.6	120	74	46	18
QUAL	0	310.7	1	1	0	0
QUAL	0	310.9	1	1	0	0
QUAL	0	311.0	46	35	11	5
QUAL	0	311.6	78	60	18	7
QUAL	0	312.0	37	27	10	3
QUAL	0	312.6	83	63	20	5
QUAL	0	312.7	1	1	0	0
QUAL	0	312.9	1	1	0	0
QUAL	0	313.0	30	13	17	1
QUAL	0	313.6	84	54	30	9
QUAL	0	314.0	32	20	12	2
QUAL	0	314.6	76	54	22	6
QUAL	0	314.7	1	1	0	0
QUAL	0	314.9	1	1	0	0
QUAL	0	315.0	38	26	12	1
QUAL	0	315.4	0	0	0	1
QUAL	0	315.6	76	50	26	6
QUAL	0	315.7	1	1	0	0
QUAL	0	315.9	0	0	0	1
QUAL	0	316.0	52	41	11	3
QUAL	0	316.6	102	71	31	11
QUAL	0	317.0	40	28	12	3
QUAL	0	317.4	0	0	0	1
QUAL	0	317.6	80	52	28	2
QUAL	0	317.7	2	2	0	0
QUAL	0	318.0	36	25	11	3
QUAL	0	318.4	1	1	0	0
QUAL	0	318.6	81	65	16	5
QUAL	0	318.9	0	0	0	1
QUAL	0	319.0	42	24	18	4
QUAL	0	319.1	1	0	1	0
QUAL	0	319.5	0	0	0	1
QUAL	0	319.6	89	60	29	10
QUAL	0	320.0	42	28	14	1
QUAL	0	320.3	1	0	1	0
QUAL	0	320.6	89	58	31	8
QUAL	0	321.0	44	29	15	4
QUAL	0	321.6	72	47	25	5
QUAL	0	321.7	2	1	1	0
QUAL	0	321.8	0	0	0	1
QUAL	0	322.0	42	25	17	4
QUAL	0	322.6	92	61	31	8
QUAL	0	322.7	1	0	1	0
QUAL	0	322.9	0	0	0	1
QUAL	0	323.0	39	26	13	6
QUAL	0	323.6	77	54	23	9
QUAL	0	323.7	2	2	0	0
QUAL	0	323.8	0	0	0	1
QUAL	0	323.9	1	0	1	0
QUAL	0	324.0	34	23	11	0
QUAL	0	324.5	1	0	1	0
QUAL	0	324.6	73	55	18	7
QUAL	0	324.9	1	0	1	2
QUAL	0	325.0	32	25	7	4
QUAL	0	325.6	76	53	23	9
QUAL	0	325.7	0	0	0	1
QUAL	0	325.8	0	0	0	1
QUAL	0	326.0	38	27	11	7
QUAL	0	326.1	0	0	0	2
QUAL	0	326.2	1	0	1	0
QUAL	0	326.6	69	55	14	6
QUAL	0	326.8	1	1	0	0
QUAL	0	327.0	28	22	6	4
QUAL	0	327.2	1	1	0	0
QUAL	0	327.6	72	46	26	3
QUAL	0	327.7	0	0	0	1
QUAL	0	327.8	2	1	1	0
QUAL	0	328.0	19	11	8	4
QUAL	0	328.6	80	57	23	10
QUAL	0	328.9	2	2	0	0
QUAL	0	329.0	41	30	11	2
QUAL	0	329.2	0	0	0	1
QUAL	0	329.6	82	57	25	1
QUAL	0	329.7	1	1	0	0
QUAL	0	330.0	24	18	6	5
QUAL	0	330.5	1	0	1	0
QUAL	0	330.6	73	55	18	6
QUAL	0	330.8	2	0	2	0
QUAL	0	331.0	28	23	5	1
QUAL	0	331.6	83	55	28	9
QUAL	0	331.7	1	1	0	0
QUAL	0	331.8	0	0	0	1
QUAL	0	332.0	39	27	12	0
QUAL	0	332.6	83	53	30	8
QUAL	0	332.9	2	2	0	1
QUAL	0	333.0	38	30	8	3
QUAL	0	333.6	81	61	20	1
QUAL	0	333.7	2	2	0	0
QUAL	0	334.0	26	19	7	6
QUAL	0	334.3	1	1	0	0
QUAL	0	334.6	71	47	24	7
QUAL	0	334.8	1	0	1	0
QUAL	0	335.0	32	24	8	5
QUAL	0	335.1	0	0	0	1
QUAL	0	335.6	64	46	18	7
QUAL	0	335.7	1	0	1	0
QUAL	0	335.9	1	1	0	1
QUAL	0	336.0	35	28	7	5
QUAL	0	336.1	0	0	0	1
QUAL	0	336.6	70	47	23	7
QUAL	0	337.0	20	19	1	2
QUAL	0	337.3	1	1	0	0
QUAL	0	337.6	77	55	22	14
QUAL	0	337.7	1	1	0	0
QUAL	0	337.9	1	0	1	0
QUAL	0	338.0	26	23	3	3
QUAL	0	338.6	80	58	22	6
QUAL	0	338.9	0	0	0	2
QUAL	0	339.0	49	28	21	3
QUAL	0	339.6	67	42	25	5
QUAL	0	339.9	1	1	0	1
QUAL	0	340.0	37	23	14	2
QUAL	0	340.6	82	44	38	13
QUAL	0	340.7	1	0	1	0
QUAL	0	340.9	0	0	0	1
QUAL	0	341.0	32	21	11	2
QUAL	0	341.6	68	45	23	5
QUAL	0	342.0	31	23	8	1
QUAL	0	342.6	80	62	18	5
QUAL	0	342.8	1	1	0	0
QUAL	0	342.9	1	1	0	0
QUAL	0	343.0	32	22	10	6
QUAL	0	343.6	84	55	29	15
QUAL	0	344.0	41	27	14	3
QUAL	0	344.6	83	60	23	4
QUAL	0	345.0	36	25	11	9
QUAL	0	345.6	73	53	20	7
QUAL	0	346.0	99	62	37	41
QUAL	0	346.6	66	43	23	13
QUAL	0	347.0	25	17	8	4
QUAL	0	347.6	70	49	21	6
QUAL	0	347.7	1	1	0	0
QUAL	0	347.9	0	0	0	1
QUAL	0	348.0	39	32	7	2
QUAL	0	348.6	71	49	22	9
QUAL	0	348.7	1	0	1	0
QUAL	0	349.0	45	30	15	2
QUAL	0	349.3	1	1	0	0
QUAL	0	349.6	72	46	26	13
QUAL	0	349.7	1	1	0	0
QUAL	0	349.9	1	1	0	0
QUAL	0	350.0	43	30	13	7
QUAL	0	350.1	1	1	0	0
QUAL	0	350.6	62	45	17	4
QUAL	0	350.7	1	1	0	0
QUAL	0	350.8	1	1	0	0
QUAL	0	351.0	38	28	10	5
QUAL	0	351.1	0	0	0	2
QUAL	0	351.6	66	46	20	3
QUAL	0	351.7	1	0	1	0
QUAL	0	351.9	0	0	0	1
QUAL	0	352.0	27	17	10	1
QUAL	0	352.6	77	57	20	7
QUAL	0	352.8	1	0	1	0
QUAL	0	352.9	0	0	0	2
QUAL	0	353.0	37	28	9	3
QUAL	0	353.1	0	0	0	1
QUAL	0	353.6	68	44	24	5
QUAL	0	353.8	0	0	0	1
QUAL	0	354.0	23	15	8	1
QUAL	0	354.6	71	53	18	2
QUAL	0	355.0	36	27	9	6
QUAL	0	355.3	1	1	0	0
QUAL	0	355.6	76	55	21	13
QUAL	0	355.8	0	0	0	1
QUAL	0	356.0	36	20	16	6
QUAL	0	356.3	1	0	1	0
QUAL	0	356.6	72	54	18	5
QUAL	0	356.9	0	0	0	1
QUAL	0	357.0	43	35	8	3
QUAL	0	357.4	1	1	0	0
QUAL	0	357.6	57	35	22	1
QUAL	0	358.0	38	33	5	4
QUAL	0	358.1	0	0	0	1
QUAL	0	358.6	66	45	21	14
QUAL	0	359.0	37	26	11	4
QUAL	0	359.6	74	51	23	11
QUAL	0	359.8	1	0	1	0
QUAL	0	359.9	0	0	0	2
QUAL	0	360.0	47	31	16	4
QUAL	0	360.1	1	1	0	0
QUAL	0	360.6	80	54	26	3
QUAL	0	360.7	1	1	0	0
QUAL	0	360.9	1	0	1	0
QUAL	0	361.0	38	22	16	3
QUAL	0	361.1	2	0	2	0
QUAL	0	361.6	66	46	20	12
QUAL	0	361.7	1	1	0	0
QUAL	0	361.8	1	1	0	0
QUAL	0	361.9	0	0	0	1
QUAL	0	362.0	40	29	11	3
QUAL	0	362.2	1	1	0	0
QUAL	0	362.6	52	34	18	3
QUAL	0	362.9	0	0	0	1
QUAL	0	363.0	33	25	8	5
QUAL	0	363.6	66	38	28	10
QUAL	0	364.0	29	20	9	3
QUAL	0	364.1	1	1	0	0
QUAL	0	364.6	86	62	24	12
QUAL	0	364.9	1	0	1	0
QUAL	0	365.0	33	21	12	5
QUAL	0	365.6	58	40	18	3
QUAL	0	365.9	1	1	0	0
QUAL	0	366.0	32	22	10	4
QUAL	0	366.6	67	46	21	3
QUAL	0	366.8	1	1	0	0
QUAL	0	366.9	1	1	0	0
QUAL	0	367.0	34	27	7	2
QUAL	0	367.6	88	64	24	9
QUAL	0	368.0	40	28	12	7
QUAL	0	368.6	76	49	27	4
QUAL	0	369.0	34	24	10	3
QUAL	0	369.6	64	51	13	5
QUAL	0	370.0	38	24	14	4
QUAL	0	370.5	0	0	0	1
QUAL	0	370.6	69	51	18	3
QUAL	0	370.7	1	0	1	0
QUAL	0	370.9	1	1	0	1
QUAL	0	371.0	37	25	12	4
QUAL	0	371.2	0	0	0	1
QUAL	0	371.3	1	0	1	0
QUAL	0	371.6	58	36	22	5
QUAL	0	371.9	1	1	0	0
QUAL	0	372.0	32	22	10	2
QUAL	0	372.6	63	43	20	3
QUAL	0	372.7	3	3	0	0
QUAL	0	372.8	1	1	0	0
QUAL	0	373.0	32	24	8	1
QUAL	0	373.3	1	1	0	0
QUAL	0	373.6	69	47	22	8
QUAL	0	373.9	0	0	0	1
QUAL	0	374.0	34	23	11	2
QUAL	0	374.3	1	0	1	0
QUAL	0	374.6	55	43	12	7
QUAL	0	374.9	1	1	0	0
QUAL	0	375.0	36	26	10	2
QUAL	0	375.6	61	41	20	9
QUAL	0	375.7	1	0	1	0
QUAL	0	376.0	39	29	10	6
QUAL	0	376.3	2	1	1	0
QUAL	0	376.6	50	36	14	7
QUAL	0	377.0	41	28	13	2
QUAL	0	377.2	0	0	0	1
QUAL	0	377.6	65	50	15	4
QUAL	0	378.0	32	24	8	2
QUAL	0	378.6	74	49	25	8
QUAL	0	378.7	1	0	1	0
QUAL	0	379.0	28	20	8	9
QUAL	0	379.1	1	1	0	0
QUAL	0	379.6	68	50	18	11
QUAL	0	379.8	1	1	0	0
QUAL	0	380.0	32	25	7	3
QUAL	0	380.6	64	43	21	7
QUAL	0	381.0	35	17	18	1
QUAL	0	381.2	1	1	0	0
QUAL	0	381.6	63	41	22	2
QUAL	0	381.7	1	0	1	0
QUAL	0	382.0	36	24	12	5
QUAL	0	382.6	55	34	21	12
QUAL	0	383.0	30	23	7	9
QUAL	0	383.4	1	1	0	0
QUAL	0	383.6	63	44	19	4
QUAL	0	383.7	1	1	0	0
QUAL	0	384.0	33	24	9	2
QUAL	0	384.6	55	39	16	4
QUAL	0	385.0	33	23	10	2
QUAL	0	385.1	1	1	0	1
QUAL	0	385.6	71	52	19	8
QUAL	0	385.8	0	0	0	1
QUAL	0	386.0	43	29	14	7
QUAL	0	386.3	1	0	1	0
QUAL	0	386.5	1	0	1	0
QUAL	0	386.6	65	42	23	6
QUAL	0	387.0	38	22	16	2
QUAL	0	387.6	61	46	15	6
QUAL	0	387.7	1	1	0	0
QUAL	0	388.0	37	24	13	0
QUAL	0	388.6	64	45	19	10
QUAL	0	388.9	1	0	1	0
QUAL	0	389.0	20	15	5	4
QUAL	0	389.1	1	1	0	0
QUAL	0	389.3	1	1	0	0
QUAL	0	389.6	51	36	15	2
QUAL	0	390.0	28	20	8	7
QUAL	0	390.6	63	50	13	3
QUAL	0	390.9	0	0	0	1
QUAL	0	391.0	103	54	49	51
QUAL	0	391.1	1	1	0	0
QUAL	0	391.6	91	57	34	10
QUAL	0	392.0	30	24	6	5
QUAL	0	392.6	68	41	27	3
QUAL	0	393.0	22	11	11	4
QUAL	0	393.1	0	0	0	1
QUAL	0	393.6	63	50	13	8
QUAL	0	394.0	38	26	12	1
QUAL	0	394.2	0	0	0	1
QUAL	0	394.3	1	1	0	0
QUAL	0	394.6	69	48	21	3
QUAL	0	395.0	32	24	8	4
QUAL	0	395.6	57	40	17	6
QUAL	0	395.8	0	0	0	1
QUAL	0	396.0	42	27	15	1
QUAL	0	396.6	58	44	14	4
QUAL	0	396.7	3	2	1	0
QUAL	0	397.0	39	25	14	7
QUAL	0	397.6	66	40	26	7
QUAL	0	397.9	1	1	0	0
QUAL	0	398.0	31	22	9	4
QUAL	0	398.6	54	39	15	4
QUAL	0	398.9	1	1	0	0
QUAL	0	399.0	29	22	7	2
QUAL	0	399.4	0	0	0	1
QUAL	0	399.5	1	1	0	0
QUAL	0	399.6	64	45	19	6
QUAL	0	399.9	1	1	0	1
QUAL	0	400.0	32	21	11	5
QUAL	0	400.6	58	38	20	9
QUAL	0	400.9	0	0	0	1
QUAL	0	401.0	31	20	11	0
QUAL	0	401.1	1	1	0	0
QUAL	0	401.6	45	28	17	3
QUAL	0	402.0	28	19	9	5
QUAL	0	402.4	1	1	0	0
QUAL	0	402.6	50	36	14	13
QUAL	0	403.0	30	25	5	6
QUAL	0	403.3	1	0	1	0
QUAL	0	403.6	67	49	18	12
QUAL	0	404.0	29	21	8	1
QUAL	0	404.6	57	46	11	3
QUAL	0	405.0	34	24	10	1
QUAL	0	405.6	53	33	20	8
QUAL	0	406.0	36	26	10	4
QUAL	0	406.6	66	49	17	5
QUAL	0	406.7	0	0	0	1
QUAL	0	406.8	1	0	1	0
QUAL	0	407.0	34	27	7	1
QUAL	0	407.6	47	31	16	5
QUAL	0	407.9	1	1	0	0
QUAL	0	408.0	32	22	10	5
QUAL	0	408.6	53	40	13	3
QUAL	0	409.0	49	38	11	1
QUAL	0	409.1	1	1	0	0
QUAL	0	409.6	47	33	14	11
QUAL	0	409.9	2	2	0	0
QUAL	0	410.0	22	19	3	3
QUAL	0	410.1	1	0	1	0
QUAL	0	410.6	56	40	16	8
QUAL	0	410.8	1	1	0	0
QUAL	0	411.0	31	20	11	0
QUAL	0	411.2	1	0	1	0
QUAL	0	411.6	47	31	16	5
QUAL	0	411.8	1	1	0	0
QUAL	0	411.9	1	1	0	1
QUAL	0	412.0	34	25	9	3
QUAL	0	412.6	54	34	20	13
QUAL	0	412.7	1	0	1	0
QUAL	0	413.0	32	22	10	4
QUAL	0	413.6	61	43	18	5
QUAL	0	413.7	1	0	1	0
QUAL	0	414.0	30	21	9	5
QUAL	0	414.6	67	50	17	3
QUAL	0	414.9	1	0	1	1
QUAL	0	415.0	30	20	10	3
QUAL	0	415.6	56	39	17	3
QUAL	0	415.8	0	0	0	1
QUAL	0	416.0	20	12	8	2
QUAL	0	416.2	1	1	0	0
QUAL	0	416.6	45	34	11	3
QUAL	0	416.7	1	1	0	0
QUAL	0	417.0	30	22	8	1
QUAL	0	417.4	0	0	0	1
QUAL	0	417.6	66	44	22	8
QUAL	0	418.0	28	19	9	2
QUAL	0	418.1	1	0	1	0
QUAL	0	418.3	2	2	0	0
QUAL	0	418.5	2	2	0	0
QUAL	0	418.6	54	40	14	10
QUAL	0	418.9	1	0	1	0
QUAL	0	419.0	30	23	7	3
QUAL	0	419.2	0	0	0	1
QUAL	0	419.6	47	32	15	4
QUAL	0	420.0	17	11	6	4
QUAL	0	420.6	51	39	12	1
QUAL	0	421.0	29	22	7	3
QUAL	0	421.6	58	48	10	15
QUAL	0	422.0	22	15	7	4
QUAL	0	422.6	58	41	17	4
QUAL	0	422.9	0	0	0	1
QUAL	0	423.0	26	19	7	3
QUAL	0	423.1	2	0	2	0
QUAL	0	423.3	2	1	1	0
QUAL	0	423.6	65	48	17	3
QUAL	0	423.7	1	1	0	0
QUAL	0	424.0	27	16	11	6
QUAL	0	424.6	55	34	21	8
QUAL	0	425.0	37	19	18	5
QUAL	0	425.1	1	0	1	0
QUAL	0	425.4	1	1	0	0
QUAL	0	425.6	54	39	15	4
QUAL	0	426.0	32	23	9	2
QUAL	0	426.6	47	27	20	6
QUAL	0	426.7	1	1	0	0
QUAL	0	427.0	43	27	16	3
QUAL	0	427.5	1	0	1	0
QUAL	0	427.6	55	32	23	13
QUAL	0	427.8	0	0	0	1
QUAL	0	427.9	0	0	0	1
QUAL	0	428.0	24	14	10	1
QUAL	0	428.1	1	0	1	0
QUAL	0	428.3	0	0	0	1
QUAL	0	428.6	57	30	27	4
QUAL	0	428.8	0	0	0	1
QUAL	0	429.0	26	17	9	4
QUAL	0	429.1	1	1	0	0
QUAL	0	429.6	50	30	20	4
QUAL	0	430.0	32	22	10	6
QUAL	0	430.6	53	34	19	14
QUAL	0	431.0	28	20	8	10
QUAL	0	431.6	50	24	26	6
QUAL	0	432.0	37	23	14	4
QUAL	0	432.6	56	43	13	6
QUAL	0	433.0	40	26	14	1
QUAL	0	433.1	1	1	0	0
QUAL	0	433.3	1	1	0	0
QUAL	0	433.6	57	42	15	11
QUAL	0	434.0	35	19	16	5
QUAL	0	434.6	50	36	14	4
QUAL	0	434.8	1	0	1	0
QUAL	0	434.9	0	0	0	1
QUAL	0	435.0	41	27	14	5
QUAL	0	435.6	51	40	11	4
QUAL	0	436.0	77	56	21	41
QUAL	0	436.1	1	1	0	0
QUAL	0	436.6	56	39	17	13
QUAL	0	437.0	30	19	11	4
QUAL	0	437.6	43	31	12	4
QUAL	0	437.9	1	0	1	0
QUAL	0	438.0	31	20	11	2
QUAL	0	438.6	55	40	15	3
QUAL	0	438.7	0	0	0	1
QUAL	0	438.9	1	0	1	0
QUAL	0	439.0	30	22	8	3
QUAL	0	439.6	57	41	16	3
QUAL	0	440.0	41	22	19	1
QUAL	0	440.3	1	1	0	0
QUAL	0	440.6	46	31	15	5
QUAL	0	441.0	28	20	8	1
QUAL	0	441.1	1	1	0	0
QUAL	0	441.6	47	32	15	6
QUAL	0	441.9	1	1	0	0
QUAL	0	442.0	38	28	10	3
QUAL	0	442.5	0	0	0	1
QUAL	0	442.6	58	40	18	8
QUAL	0	442.9	0	0	0	1
QUAL	0	443.0	33	19	14	3
QUAL	0	443.6	39	24	15	4
QUAL	0	443.9	0	0	0	1
QUAL	0	444.0	40	26	14	4
QUAL	0	444.6	48	28	20	4
QUAL	0	444.9	0	0	0	1
QUAL	0	445.0	42	25	17	6
QUAL	0	445.3	1	1	0	0
QUAL	0	445.6	57	40	17	5
QUAL	0	446.0	27	17	10	1
QUAL	0	446.6	65	44	21	4
QUAL	0	446.7	1	0	1	0
QUAL	0	446.9	1	0	1	0
QUAL	0	447.0	28	21	7	3
QUAL	0	447.2	1	1	0	0
QUAL	0	447.3	1	0	1	0
QUAL	0	447.6	53	36	17	1
QUAL	0	448.0	33	20	13	0
QUAL	0	448.6	65	43	22	4
QUAL	0	448.9	1	0	1	0
QUAL	0	449.0	21	15	6	2
QUAL	0	449.6	53	40	13	7
QUAL	0	449.9	1	0	1	0
QUAL	0	450.0	27	19	8	7
QUAL	0	450.5	0	0	0	1
QUAL	0	450.6	52	38	14	7
QUAL	0	451.0	36	26	10	3
QUAL	0	451.2	0	0	0	1
QUAL	0	451.6	57	39	18	5
QUAL	0	451.8	0	0	0	1
QUAL	0	451.9	1	0	1	0
QUAL	0	452.0	20	16	4	1
QUAL	0	452.2	0	0	0	1
QUAL	0	452.3	1	0	1	0
QUAL	0	452.6	37	31	6	5
QUAL	0	452.9	0	0	0	1
QUAL	0	453.0	30	22	8	1
QUAL	0	453.6	44	33	11	3
QUAL	0	453.8	1	1	0	0
QUAL	0	454.0	18	10	8	4
QUAL	0	454.6	50	39	11	8
QUAL	0	455.0	23	13	10	0
QUAL	0	455.2	1	1	0	0
QUAL	0	455.6	50	33	17	6
QUAL	0	455.8	1	0	1	0
QUAL	0	455.9	1	1	0	0
QUAL	0	456.0	26	17	9	0
QUAL	0	456.3	1	0	1	0
QUAL	0	456.6	46	36	10	4
QUAL	0	456.9	1	1	0	0
QUAL	0	457.0	20	15	5	7
QUAL	0	457.1	1	1	0	0
QUAL	0	457.6	44	27	17	7
QUAL	0	458.0	28	21	7	2
QUAL	0	458.6	63	40	23	4
QUAL	0	459.0	29	25	4	1
QUAL	0	459.1	2	1	1	0
QUAL	0	459.2	1	1	0	0
QUAL	0	459.5	1	1	0	0
QUAL	0	459.6	45	38	7	6
QUAL	0	460.0	22	14	8	5
QUAL	0	460.1	0	0	0	1
QUAL	0	460.3	0	0	0	1
QUAL	0	460.6	58	40	18	5
QUAL	0	461.0	31	21	10	3
QUAL	0	461.4	1	0	1	0
QUAL	0	461.5	0	0	0	1
QUAL	0	461.6	48	39	9	2
QUAL	0	461.7	1	0	1	0
QUAL	0	462.0	26	18	8	2
QUAL	0	462.6	38	30	8	4
QUAL	0	462.8	1	1	0	0
QUAL	0	463.0	20	16	4	2
QUAL	0	463.4	0	0	0	1
QUAL	0	463.6	58	43	15	6
QUAL	0	463.8	0	0	0	1
QUAL	0	464.0	23	15	8	6
QUAL	0	464.6	40	29	11	0
QUAL	0	465.0	40	28	12	4
QUAL	0	465.6	40	31	9	4
QUAL	0	466.0	35	30	5	4
QUAL	0	466.2	1	0	1	0
QUAL	0	466.6	56	35	21	3
QUAL	0	466.8	1	1	0	0
QUAL	0	466.9	1	1	0	0
QUAL	0	467.0	37	22	15	2
QUAL	0	467.3	1	1	0	0
QUAL	0	467.6	48	34	14	6
QUAL	0	468.0	32	22	10	2
QUAL	0	468.6	45	31	14	7
QUAL	0	468.7	0	0	0	1
QUAL	0	469.0	30	23	7	4
QUAL	0	469.3	1	1	0	0
QUAL	0	469.6	45	28	17	8
QUAL	0	470.0	34	23	11	8
QUAL	0	470.6	44	25	19	4
QUAL	0	470.9	0	0	0	1
QUAL	0	471.0	28	18	10	5
QUAL	0	471.1	1	0	1	0
QUAL	0	471.2	1	1	0	0
QUAL	0	471.6	46	33	13	1
QUAL	0	471.9	0	0	0	1
QUAL	0	472.0	26	18	8	8
QUAL	0	472.6	52	36	16	5
QUAL	0	472.7	1	0	1	0
QUAL	0	473.0	33	22	11	7
QUAL	0	473.2	0	0	0	1
QUAL	0	473.6	56	41	15	0
QUAL	0	473.9	1	1	0	0
QUAL	0	474.0	31	21	10	3
QUAL	0	474.6	43	30	13	6
QUAL	0	474.8	2	2	0	0
QUAL	0	474.9	3	2	1	0
QUAL	0	475.0	25	21	4	10
QUAL	0	475.6	46	27	19	9
QUAL	0	475.9	1	0	1	0
QUAL	0	476.0	30	21	9	4
QUAL	0	476.3	1	0	1	0
QUAL	0	476.6	42	29	13	5
QUAL	0	477.0	23	16	7	1
QUAL	0	477.6	37	25	12	4
QUAL	0	478.0	22	16	6	1
QUAL	0	478.3	1	1	0	0
QUAL	0	478.6	45	29	16	3
QUAL	0	478.9	1	0	1	0
QUAL	0	479.0	20	12	8	2
QUAL	0	479.3	1	1	0	0
QUAL	0	479.6	42	31	11	5
QUAL	0	479.9	1	0	1	0
QUAL	0	480.0	29	17	12	2
QUAL	0	480.6	35	20	15	1
QUAL	0	480.9	1	1	0	0
QUAL	0	481.0	70	45	25	27
QUAL	0	481.6	47	33	14	6
QUAL	0	482.0	23	18	5	4
QUAL	0	482.6	46	35	11	0
QUAL	0	482.9	0	0	0	1
QUAL	0	483.0	30	18	12	0
QUAL	0	483.1	0	0	0	1
QUAL	0	483.6	44	34	10	1
QUAL	0	483.9	0	0	0	1
QUAL	0	484.0	29	22	7	2
QUAL	0	484.6	40	31	9	4
QUAL	0	484.8	0	0	0	1
QUAL	0	485.0	37	21	16	3
QUAL	0	485.6	39	24	15	1
QUAL	0	486.0	26	18	8	1
QUAL	0	486.6	33	26	7	2
QUAL	0	486.7	1	0	1	0
QUAL	0	487.0	36	25	11	2
QUAL	0	487.6	50	42	8	2
QUAL	0	487.9	1	0	1	0
QUAL	0	488.0	21	15	6	3
QUAL	0	488.1	1	0	1	0
QUAL	0	488.6	33	24	9	3
QUAL	0	489.0	26	17	9	1
QUAL	0	489.6	36	26	10	1
QUAL	0	490.0	18	12	6	3
QUAL	0	490.4	1	0	1	0
QUAL	0	490.6	60	37	23	5
QUAL	0	491.0	26	15	11	2
QUAL	0	491.2	1	0	1	0
QUAL	0	491.6	46	30	16	2
QUAL	0	491.9	2	2	0	0
QUAL	0	492.0	20	14	6	1
QUAL	0	492.3	1	0	1	0
QUAL	0	492.6	39	31	8	4
QUAL	0	492.7	1	1	0	0
QUAL	0	493.0	24	15	9	1
QUAL	0	493.6	46	32	14	11
QUAL	0	493.9	0	0	0	1
QUAL	0	494.0	31	24	7	7
QUAL	0	494.6	45	36	9	4
QUAL	0	494.9	1	0	1	1
QUAL	0	495.0	18	10	8	1
QUAL	0	495.6	37	25	12	6
QUAL	0	495.9	1	1	0	0
QUAL	0	496.0	28	22	6	0
QUAL	0	496.5	1	1	0	0
QUAL	0	496.6	45	35	10	9
QUAL	0	497.0	23	14	9	1
QUAL	0	497.3	1	1	0	0
QUAL	0	497.6	31	21	10	4
QUAL	0	497.7	1	0	1	0
QUAL	0	497.9	1	1	0	0
QUAL	0	498.0	27	17	10	3
QUAL	0	498.6	40	28	12	6
QUAL	0	499.0	19	12	7	4
QUAL	0	499.6	41	30	11	5
QUAL	0	500.0	16	9	7	1
QUAL	0	500.6	26	20	6	1
QUAL	0	500.7	1	1	0	0
QUAL	0	500.8	1	0	1	0
QUAL	0	500.9	0	0	0	1
QUAL	0	501.0	30	16	14	2
QUAL	0	501.3	1	0	1	0
QUAL	0	501.6	31	21	10	2
QUAL	0	501.9	1	1	0	0
QUAL	0	502.0	24	13	11	1
QUAL	0	502.6	51	33	18	2
QUAL	0	503.0	23	11	12	7
QUAL	0	503.6	38	28	10	3
QUAL	0	504.0	22	17	5	0
QUAL	0	504.3	1	1	0	0
QUAL	0	504.6	33	25	8	1
QUAL	0	505.0	26	20	6	3
QUAL	0	505.6	31	26	5	6
QUAL	0	506.0	34	24	10	3
QUAL	0	506.1	1	1	0	0
QUAL	0	506.2	1	0	1	0
QUAL	0	506.6	34	23	11	8
QUAL	0	507.0	32	21	11	4
QUAL	0	507.1	1	1	0	0
QUAL	0	507.6	27	23	4	4
QUAL	0	508.0	39	30	9	3
QUAL	0	508.6	42	27	15	8
QUAL	0	508.9	1	1	0	0
QUAL	0	509.0	26	18	8	2
QUAL	0	509.3	1	1	0	0
QUAL	0	509.4	1	1	0	0
QUAL	0	509.6	33	24	9	1
QUAL	0	509.9	1	0	1	0
QUAL	0	510.0	39	26	13	4
QUAL	0	510.6	43	39	4	6
QUAL	0	511.0	30	22	8	6
QUAL	0	511.3	1	1	0	0
QUAL	0	511.6	44	32	12	5
QUAL	0	512.0	31	19	12	3
QUAL	0	512.5	1	1	0	0
QUAL	0	512.6	40	27	13	1
QUAL	0	512.8	0	0	0	1
QUAL	0	513.0	25	18	7	3
QUAL	0	513.6	48	33	15	4
QUAL	0	514.0	21	14	7	9
QUAL	0	514.6	42	27	15	7
QUAL	0	515.0	30	27	3	4
QUAL	0	515.6	25	16	9	1
QUAL	0	516.0	30	23	7	3
QUAL	0	516.6	47	28	19	0
QUAL	0	517.0	43	31	12	4
QUAL	0	517.6	40	24	16	4
QUAL	0	518.0	19	7	12	3
QUAL	0	518.6	35	27	8	2
QUAL	0	519.0	34	21	13	3
QUAL	0	519.6	38	29	9	0
QUAL	0	519.9	1	0	1	0
QUAL	0	520.0	20	15	5	5
QUAL	0	520.2	0	0	0	1
QUAL	0	520.6	52	38	14	1
QUAL	0	521.0	25	17	8	3
QUAL	0	521.1	1	0	1	0
QUAL	0	521.6	34	24	10	8
QUAL	0	522.0	24	16	8	3
QUAL	0	522.6	38	30	8	1
QUAL	0	522.9	1	1	0	0
QUAL	0	523.0	29	19	10	0
QUAL	0	523.2	1	0	1	0
QUAL	0	523.6	36	24	12	6
QUAL	0	523.9	1	0	1	0
QUAL	0	524.0	24	18	6	3
QUAL	0	524.6	21	12	9	2
QUAL	0	525.0	30	23	7	1
QUAL	0	525.1	1	0	1	0
QUAL	0	525.6	33	25	8	1
QUAL	0	526.0	68	42	26	32
QUAL	0	526.6	52	37	15	1
QUAL	0	527.0	29	13	16	2
QUAL	0	527.1	0	0	0	1
QUAL	0	527.6	38	23	15	2
QUAL	0	527.9	1	0	1	0
QUAL	0	528.0	26	18	8	1
QUAL	0	528.6	45	25	20	2
QUAL	0	529.0	28	19	9	0
QUAL	0	529.6	44	36	8	4
QUAL	0	530.0	33	20	13	0
QUAL	0	530.1	1	0	1	1
QUAL	0	530.6	38	27	11	1
QUAL	0	530.8	1	1	0	1
QUAL	0	531.0	25	19	6	0
QUAL	0	531.2	1	1	0	1
QUAL	0	531.6	36	32	4	1
QUAL	0	532.0	21	13	8	4
QUAL	0	532.6	36	30	6	8
QUAL	0	533.0	19	13	6	1
QUAL	0	533.6	40	26	14	4
QUAL	0	533.8	1	0	1	1
QUAL	0	533.9	2	2	0	0
QUAL	0	534.0	24	19	5	1
QUAL	0	534.6	33	26	7	0
QUAL	0	534.7	1	1	0	0
QUAL	0	535.0	23	16	7	1
QUAL	0	535.5	1	1	0	0
QUAL	0	535.6	42	30	12	4
QUAL	0	535.8	0	0	0	1
QUAL	0	535.9	1	1	0	0
QUAL	0	536.0	25	17	8	4
QUAL	0	536.6	36	23	13	4
QUAL	0	536.9	1	1	0	0
QUAL	0	537.0	21	17	4	3
QUAL	0	537.5	1	1	0	0
QUAL	0	537.6	39	32	7	3
QUAL	0	538.0	24	15	9	1
QUAL	0	538.6	33	26	7	7
QUAL	0	538.8	2	1	1	0
QUAL	0	539.0	28	21	7	3
QUAL	0	539.6	44	29	15	2
QUAL	0	540.0	29	23	6	1
QUAL	0	540.6	37	25	12	4
QUAL	0	540.7	1	0	1	0
QUAL	0	540.9	1	1	0	1
QUAL	0	541.0	26	20	6	3
QUAL	0	541.6	28	23	5	1
QUAL	0	541.9	1	1	0	0
QUAL	0	542.0	27	21	6	0
QUAL	0	542.1	1	1	0	0
QUAL	0	542.6	34	23	11	2
QUAL	0	543.0	18	14	4	2
QUAL	0	543.6	44	27	17	3
QUAL	0	543.9	1	1	0	0
QUAL	0	544.0	24	15	9	3
QUAL	0	544.6	27	18	9	5
QUAL	0	545.0	21	14	7	3
QUAL	0	545.6	25	16	9	0
QUAL	0	545.7	0	0	0	1
QUAL	0	546.0	20	12	8	1
QUAL	0	546.6	28	17	11	1
QUAL	0	546.9	1	1	0	0
QUAL	0	547.0	26	19	7	3
QUAL	0	547.1	1	1	0	0
QUAL	0	547.6	36	27	9	9
QUAL	0	547.8	1	1	0	0
QUAL	0	548.0	26	20	6	6
QUAL	0	548.6	31	22	9	0
QUAL	0	549.0	19	13	6	1
QUAL	0	549.6	40	33	7	4
QUAL	0	550.0	25	20	5	1
QUAL	0	550.6	44	32	12	3
QUAL	0	551.0	30	17	13	4
QUAL	0	551.6	42	32	10	2
QUAL	0	552.0	18	13	5	2
QUAL	0	552.6	33	24	9	3
QUAL	0	552.9	0	0	0	1
QUAL	0	553.0	33	23	10	3
QUAL	0	553.6	29	22	7	2
QUAL	0	554.0	30	26	4	3
QUAL	0	554.6	36	29	7	3
QUAL	0	555.0	20	15	5	1
QUAL	0	555.5	1	0	1	0
QUAL	0	555.6	35	26	9	3
QUAL	0	556.0	23	18	5	3
QUAL	0	556.1	1	1	0	0
QUAL	0	556.6	38	31	7	4
QUAL	0	556.8	0	0	0	1
QUAL	0	557.0	30	20	10	8
QUAL	0	557.6	27	21	6	1
QUAL	0	558.0	25	15	10	3
QUAL	0	558.6	23	12	11	2
QUAL	0	559.0	25	23	2	2
QUAL	0	559.6	34	23	11	1
QUAL	0	559.9	1	1	0	0
QUAL	0	560.0	28	20	8	4
QUAL	0	560.6	27	20	7	2
QUAL	0	561.0	33	27	6	3
QUAL	0	561.6	30	23	7	5
QUAL	0	562.0	25	14	11	2
QUAL	0	562.6	39	25	14	5
QUAL	0	563.0	25	20	5	0
QUAL	0	563.6	35	24	11	1
QUAL	0	563.9	1	0	1	0
QUAL	0	564.0	20	12	8	0
QUAL	0	564.6	42	28	14	3
QUAL	0	565.0	22	12	10	1
QUAL	0	565.6	26	14	12	5
QUAL	0	565.9	1	0	1	0
QUAL	0	566.0	28	22	6	3
QUAL	0	566.6	32	24	8	1
QUAL	0	567.0	29	21	8	6
QUAL	0	567.6	35	24	11	2
QUAL	0	568.0	33	28	5	0
QUAL	0	568.6	35	25	10	1
QUAL	0	569.0	16	10	6	1
QUAL	0	569.6	35	27	8	0
QUAL	0	570.0	39	31	8	1
QUAL	0	570.6	32	23	9	2
QUAL	0	571.0	88	57	31	24
QUAL	0	571.6	41	32	9	2
QUAL	0	571.9	1	1	0	0
QUAL	0	572.0	22	16	6	5
QUAL	0	572.6	32	24	8	1
QUAL	0	572.9	0	0	0	1
QUAL	0	573.0	21	15	6	2
QUAL	0	573.6	31	23	8	0
QUAL	0	574.0	21	15	6	0
QUAL	0	574.4	2	1	1	0
QUAL	0	574.6	33	21	12	3
QUAL	0	575.0	27	19	8	2
QUAL	0	575.6	33	21	12	1
QUAL	0	575.7	1	0	1	0
QUAL	0	575.8	0	0	0	1
QUAL	0	576.0	29	21	8	3
QUAL	0	576.6	35	27	8	2
QUAL	0	577.0	17	12	5	1
QUAL	0	577.6	42	28	14	4
QUAL	0	578.0	24	21	3	4
QUAL	0	578.6	25	17	8	0
QUAL	0	579.0	27	22	5	2
QUAL	0	579.6	32	21	11	0
QUAL	0	579.9	0	0	0	1
QUAL	0	580.0	27	15	12	1
QUAL	0	580.6	39	26	13	2
QUAL	0	580.8	2	0	2	0
QUAL	0	580.9	1	1	0	0
QUAL	0	581.0	30	22	8	2
QUAL	0	581.6	21	15	6	2
QUAL	0	582.0	32	26	6	4
QUAL	0	582.6	33	26	7	1
QUAL	0	582.9	1	1	0	0
QUAL	0	583.0	25	20	5	2
QUAL	0	583.6	43	27	16	5
QUAL	0	583.9	1	1	0	0
QUAL	0	584.0	34	24	10	3
QUAL	0	584.6	33	21	12	2
QUAL	0	585.0	27	19	8	5
QUAL	0	585.2	1	0	1	0
QUAL	0	585.6	36	26	10	4
QUAL	0	586.0	18	15	3	3
QUAL	0	586.6	41	29	12	2
QUAL	0	586.9	0	0	0	1
QUAL	0	587.0	29	22	7	4
QUAL	0	587.6	34	25	9	0
QUAL	0	587.9	1	1	0	0
QUAL	0	588.0	20	14	6	3
QUAL	0	588.6	23	19	4	2
QUAL	0	589.0	21	15	6	1
QUAL	0	589.6	24	15	9	3
QUAL	0	589.9	1	0	1	0
QUAL	0	590.0	15	10	5	4
QUAL	0	590.6	21	19	2	3
QUAL	0	591.0	21	14	7	1
QUAL	0	591.4	1	1	0	0
QUAL	0	591.6	25	16	9	1
QUAL	0	591.9	1	0	1	0
QUAL	0	592.0	18	11	7	1
QUAL	0	592.6	39	29	10	4
QUAL	0	592.9	1	0	1	0
QUAL	0	593.0	28	17	11	3
QUAL	0	593.2	0	0	0	1
QUAL	0	593.6	27	21	6	3
QUAL	0	593.9	1	1	0	0
QUAL	0	594.0	25	14	11	3
QUAL	0	594.6	29	21	8	0
QUAL	0	594.7	1	1	0	0
QUAL	0	595.0	17	13	4	1
QUAL	0	595.6	35	28	7	4
QUAL	0	596.0	30	17	13	0
QUAL	0	596.6	27	18	9	2
QUAL	0	596.9	0	0	0	1
QUAL	0	597.0	21	14	7	2
QUAL	0	597.3	1	1	0	0
QUAL	0	597.6	19	12	7	3
QUAL	0	598.0	25	22	3	2
QUAL	0	598.4	2	1	1	0
QUAL	0	598.6	21	15	6	4
QUAL	0	598.9	1	1	0	1
QUAL	0	599.0	20	13	7	3
QUAL	0	599.6	23	13	10	1
QUAL	0	600.0	21	16	5	2
QUAL	0	600.6	27	18	9	3
QUAL	0	601.0	26	16	10	1
QUAL	0	601.6	30	21	9	3
QUAL	0	602.0	20	9	11	2
QUAL	0	602.2	1	1	0	0
QUAL	0	602.6	39	30	9	3
QUAL	0	603.0	37	25	12	1
QUAL	0	603.6	35	27	8	4
QUAL	0	603.9	1	0	1	0
QUAL	0	604.0	25	16	9	2
QUAL	0	604.6	28	19	9	3
QUAL	0	604.7	1	1	0	0
QUAL	0	605.0	25	19	6	2
QUAL	0	605.6	33	23	10	0
QUAL	0	606.0	26	22	4	2
QUAL	0	606.6	34	23	11	1
QUAL	0	607.0	27	20	7	3
QUAL	0	607.6	39	22	17	3
QUAL	0	608.0	28	18	10	5
QUAL	0	608.3	1	1	0	0
QUAL	0	608.6	29	17	12	0
QUAL	0	608.9	1	1	0	0
QUAL	0	609.0	30	20	10	5
QUAL	0	609.6	18	9	9	2
QUAL	0	609.9	1	1	0	0
QUAL	0	610.0	26	21	5	2
QUAL	0	610.6	27	17	10	2
QUAL	0	611.0	23	18	5	0
QUAL	0	611.6	29	20	9	1
QUAL	0	612.0	21	16	5	1
QUAL	0	612.6	27	16	11	3
QUAL	0	613.0	22	14	8	2
QUAL	0	613.6	35	26	9	5
QUAL	0	613.7	1	1	0	0
QUAL	0	613.9	0	0	0	1
QUAL	0	614.0	18	15	3	3
QUAL	0	614.6	16	10	6	0
QUAL	0	615.0	24	13	11	3
QUAL	0	615.6	30	26	4	2
QUAL	0	616.0	52	28	24	12
QUAL	0	616.3	1	0	1	0
QUAL	0	616.6	29	22	7	3
QUAL	0	617.0	27	21	6	2
QUAL	0	617.6	38	26	12	5
QUAL	0	618.0	14	8	6	1
QUAL	0	618.6	11	8	3	6
QUAL	0	619.0	17	14	3	3
QUAL	0	619.6	31	21	10	5
QUAL	0	620.0	17	12	5	1
QUAL	0	620.4	2	2	0	1
QUAL	0	620.6	33	26	7	2
QUAL	0	621.0	25	18	7	0
QUAL	0	621.1	1	0	1	0
QUAL	0	621.6	20	12	8	4
QUAL	0	622.0	26	20	6	2
QUAL	0	622.6	31	25	6	4
QUAL	0	622.9	1	0	1	1
QUAL	0	623.0	22	11	11	4
QUAL	0	623.6	30	22	8	1
QUAL	0	624.0	26	15	11	2
QUAL	0	624.6	19	10	9	0
QUAL	0	625.0	19	13	6	4
QUAL	0	625.6	29	19	10	4
QUAL	0	626.0	23	17	6	2
QUAL	0	626.6	18	10	8	3
QUAL	0	627.0	21	18	3	0
QUAL	0	627.6	22	12	10	0
QUAL	0	628.0	14	9	5	3
QUAL	0	628.6	29	20	9	3
QUAL	0	629.0	24	13	11	3
QUAL	0	629.6	24	19	5	0
QUAL	0	630.0	24	19	5	3
QUAL	0	630.6	28	19	9	1
QUAL	0	631.0	20	15	5	5
QUAL	0	631.6	26	21	5	3
QUAL	0	632.0	13	10	3	1
QUAL	0	632.6	22	18	4	1
QUAL	0	633.0	27	19	8	2
QUAL	0	633.6	30	21	9	2
QUAL	0	634.0	22	12	10	2
QUAL	0	634.6	23	15	8	2
QUAL	0	635.0	22	15	7	0
QUAL	0	635.6	31	21	10	0
QUAL	0	636.0	25	16	9	1
QUAL	0	636.6	21	15	6	0
QUAL	0	637.0	18	13	5	2
QUAL	0	637.6	29	16	13	4
QUAL	0	638.0	26	17	9	2
QUAL	0	638.6	25	18	7	2
QUAL	0	639.0	17	12	5	4
QUAL	0	639.6	20	16	4	1
QUAL	0	640.0	33	26	7	0
QUAL	0	640.6	34	28	6	2
QUAL	0	641.0	31	19	12	3
QUAL	0	641.6	32	26	6	3
QUAL	0	642.0	18	16	2	3
QUAL	0	642.6	29	20	9	1
QUAL	0	643.0	27	22	5	4
QUAL	0	643.6	31	17	14	7
QUAL	0	644.0	20	16	4	1
QUAL	0	644.6	19	15	4	0
QUAL	0	644.9	1	1	0	0
QUAL	0	645.0	19	10	9	0
QUAL	0	645.6	31	20	11	1
QUAL	0	646.0	42	33	9	5
QUAL	0	646.6	28	20	8	5
QUAL	0	647.0	33	17	16	3
QUAL	0	647.6	21	16	5	2
QUAL	0	647.9	0	0	0	1
QUAL	0	648.0	20	15	5	4
QUAL	0	648.6	17	11	6	3
QUAL	0	648.9	0	0	0	1
QUAL	0	649.0	24	17	7	2
QUAL	0	649.6	29	19	10	5
QUAL	0	649.9	0	0	0	1
QUAL	0	650.0	24	18	6	1
QUAL	0	650.6	17	10	7	1
QUAL	0	651.0	28	14	14	3
QUAL	0	651.6	23	13	10	2
QUAL	0	651.9	0	0	0	1
QUAL	0	652.0	32	20	12	0
QUAL	0	652.6	26	18	8	2
QUAL	0	653.0	31	24	7	5
QUAL	0	653.1	1	1	0	0
QUAL	0	653.6	30	22	8	1
QUAL	0	654.0	31	20	11	1
QUAL	0	654.1	0	0	0	1
QUAL	0	654.6	25	14	11	1
QUAL	0	655.0	29	19	10	5
QUAL	0	655.6	31	16	15	1
QUAL	0	656.0	30	22	8	1
QUAL	0	656.1	1	1	0	0
QUAL	0	656.6	24	16	8	4
QUAL	0	657.0	25	18	7	3
QUAL	0	657.6	23	14	9	4
QUAL	0	658.0	25	18	7	6
QUAL	0	658.6	23	18	5	2
QUAL	0	659.0	32	28	4	4
QUAL	0	659.1	1	0	1	0
QUAL	0	659.6	20	14	6	2
QUAL	0	660.0	15	10	5	1
QUAL	0	660.6	17	10	7	1
QUAL	0	661.0	53	31	22	22
QUAL	0	661.6	29	23	6	3
QUAL	0	662.0	14	10	4	3
QUAL	0	662.6	27	19	8	0
QUAL	0	663.0	30	22	8	5
QUAL	0	663.6	32	23	9	4
QUAL	0	664.0	24	16	8	1
QUAL	0	664.6	24	17	7	3
QUAL	0	665.0	35	23	12	1
QUAL	0	665.6	27	19	8	2
QUAL	0	666.0	25	16	9	3
QUAL	0	666.6	19	13	6	1
QUAL	0	667.0	19	13	6	2
QUAL	0	667.1	0	0	0	1
QUAL	0	667.6	18	14	4	0
QUAL	0	668.0	21	15	6	1
QUAL	0	668.6	28	19	9	1
QUAL	0	669.0	16	10	6	0
QUAL	0	669.6	20	13	7	2
QUAL	0	670.0	20	18	2	2
QUAL	0	670.6	26	17	9	3
QUAL	0	671.0	14	8	6	2
QUAL	0	671.6	18	14	4	0
QUAL	0	672.0	17	14	3	2
QUAL	0	672.1	1	0	1	0
QUAL	0	672.6	29	12	17	2
QUAL	0	673.0	19	15	4	2
QUAL	0	673.6	32	25	7	2
QUAL	0	674.0	20	17	3	5
QUAL	0	674.6	22	12	10	2
QUAL	0	675.0	21	19	2	2
QUAL	0	675.1	1	0	1	0
QUAL	0	675.6	29	21	8	0
QUAL	0	676.0	23	17	6	0
QUAL	0	676.6	17	12	5	6
QUAL	0	677.0	30	22	8	2
QUAL	0	677.6	24	20	4	1
QUAL	0	678.0	20	15	5	1
QUAL	0	678.6	34	25	9	1
QUAL	0	678.8	2	1	1	0
QUAL	0	679.0	24	16	8	2
QUAL	0	679.6	30	27	3	2
QUAL	0	680.0	28	16	12	3
QUAL	0	680.1	1	1	0	0
QUAL	0	680.6	34	20	14	1
QUAL	0	681.0	19	16	3	0
QUAL	0	681.6	24	20	4	1
QUAL	0	682.0	15	9	6	1
QUAL	0	682.6	16	11	5	3
QUAL	0	682.8	1	1	0	0
QUAL	0	683.0	24	17	7	0
QUAL	0	683.6	22	18	4	0
QUAL	0	684.0	24	17	7	1
QUAL	0	684.6	18	9	9	1
QUAL	0	685.0	21	16	5	0
QUAL	0	685.3	1	1	0	0
QUAL	0	685.6	17	12	5	2
QUAL	0	686.0	35	22	13	1
QUAL	0	686.6	14	11	3	1
QUAL	0	687.0	23	17	6	4
QUAL	0	687.6	16	10	6	1
QUAL	0	688.0	20	14	6	0
QUAL	0	688.6	16	11	5	2
QUAL	0	689.0	13	10	3	3
QUAL	0	689.6	15	11	4	0
QUAL	0	690.0	21	14	7	1
QUAL	0	690.6	17	14	3	1
QUAL	0	691.0	20	11	9	3
QUAL	0	691.6	17	12	5	2
QUAL	0	692.0	16	11	5	4
QUAL	0	692.6	22	17	5	3
QUAL	0	693.0	32	22	10	3
QUAL	0	693.6	19	13	6	0
QUAL	0	694.0	17	10	7	4
QUAL	0	694.6	20	14	6	2
QUAL	0	695.0	11	7	4	2
QUAL	0	695.6	22	9	13	2
QUAL	0	695.7	0	0	0	1
QUAL	0	696.0	19	12	7	3
QUAL	0	696.6	19	14	5	0
QUAL	0	697.0	20	13	7	9
QUAL	0	697.6	20	14	6	0
QUAL	0	698.0	17	7	10	3
QUAL	0	698.6	16	10	6	1
QUAL	0	699.0	25	16	9	2
QUAL	0	699.6	22	14	8	1
QUAL	0	700.0	31	23	8	4
QUAL	0	700.5	1	1	0	0
QUAL	0	700.6	23	15	8	2
QUAL	0	701.0	19	11	8	1
QUAL	0	701.6	18	14	4	3
QUAL	0	702.0	20	17	3	2
QUAL	0	702.6	23	13	10	3
QUAL	0	702.9	1	0	1	0
QUAL	0	703.0	21	17	4	0
QUAL	0	703.6	18	10	8	5
QUAL	0	704.0	25	20	5	5
QUAL	0	704.6	24	21	3	2
QUAL	0	705.0	15	6	9	3
QUAL	0	705.6	16	12	4	3
QUAL	0	706.0	39	23	16	12
QUAL	0	706.6	16	12	4	1
QUAL	0	706.8	1	0	1	1
QUAL	0	707.0	19	14	5	0
QUAL	0	707.2	1	1	0	0
QUAL	0	707.6	21	13	8	0
QUAL	0	707.9	0	0	0	1
QUAL	0	708.0	19	9	10	3
QUAL	0	708.6	14	8	6	5
QUAL	0	709.0	21	13	8	1
QUAL	0	709.6	22	12	10	1
QUAL	0	710.0	23	21	2	3
QUAL	0	710.6	23	15	8	1
QUAL	0	711.0	14	11	3	2
QUAL	0	711.6	13	7	6	1
QUAL	0	712.0	26	22	4	3
QUAL	0	712.6	16	10	6	2
QUAL	0	713.0	20	17	3	3
QUAL	0	713.6	16	14	2	2
QUAL	0	714.0	20	16	4	1
QUAL	0	714.6	21	15	6	2
QUAL	0	715.0	25	15	10	1
QUAL	0	715.6	20	15	5	0
QUAL	0	716.0	16	11	5	0
QUAL	0	716.6	14	8	6	3
QUAL	0	717.0	21	15	6	1
QUAL	0	717.6	22	14	8	3
QUAL	0	718.0	22	15	7	1
QUAL	0	718.6	16	11	5	5
QUAL	0	719.0	21	15	6	0
QUAL	0	719.6	20	13	7	1
QUAL	0	720.0	14	10	4	2
QUAL	0	720.6	16	13	3	2
QUAL	0	720.9	0	0	0	1
QUAL	0	721.0	13	10	3	3
QUAL	0	721.1	1	0	1	0
QUAL	0	721.6	19	14	5	2
QUAL	0	722.0	23	15	8	1
QUAL	0	722.6	17	7	10	2
QUAL	0	723.0	13	11	2	1
QUAL	0	723.6	16	13	3	5
QUAL	0	724.0	26	19	7	0
QUAL	0	724.6	25	17	8	2
QUAL	0	725.0	12	7	5	2
QUAL	0	725.6	17	8	9	0
QUAL	0	726.0	17	10	7	1
QUAL	0	726.6	16	13	3	5
QUAL	0	727.0	21	14	7	2
QUAL	0	727.6	12	7	5	1
QUAL	0	728.0	21	15	6	1
QUAL	0	728.6	15	13	2	4
QUAL	0	729.0	29	24	5	4
QUAL	0	729.1	1	1	0	0
QUAL	0	729.6	17	13	4	1
QUAL	0	730.0	31	21	10	1
QUAL	0	730.6	21	14	7	3
QUAL	0	731.0	22	16	6	1
QUAL	0	731.6	18	13	5	0
QUAL	0	732.0	12	9	3	1
QUAL	0	732.6	5	3	2	2
QUAL	0	733.0	19	14	5	1
QUAL	0	733.6	18	12	6	1
QUAL	0	734.0	15	11	4	6
QUAL	0	734.6	15	11	4	0
QUAL	0	735.0	22	16	6	3
QUAL	0	735.6	23	12	11	7
QUAL	0	736.0	24	14	10	2
QUAL	0	736.1	0	0	0	1
QUAL	0	736.6	13	8	5	2
QUAL	0	737.0	23	16	7	1
QUAL	0	737.6	26	19	7	0
QUAL	0	738.0	26	20	6	1
QUAL	0	738.6	19	14	5	0
QUAL	0	739.0	25	19	6	2
QUAL	0	739.6	23	15	8	1
QUAL	0	740.0	21	16	5	7
QUAL	0	740.6	12	9	3	3
QUAL	0	741.0	16	10	6	2
QUAL	0	741.6	20	13	7	1
QUAL	0	742.0	26	17	9	2
QUAL	0	742.6	13	9	4	1
QUAL	0	743.0	22	14	8	4
QUAL	0	743.6	12	9	3	1
QUAL	0	744.0	11	8	3	2
QUAL	0	744.6	12	6	6	0
QUAL	0	744.8	0	0	0	1
QUAL	0	745.0	16	13	3	3
QUAL	0	745.6	26	20	6	2
QUAL	0	746.0	17	12	5	0
QUAL	0	746.6	25	18	7	2
QUAL	0	746.8	0	0	0	1
QUAL	0	747.0	14	9	5	1
QUAL	0	747.6	20	10	10	3
QUAL	0	748.0	21	14	7	2
QUAL	0	748.6	15	15	0	3
QUAL	0	749.0	16	14	2	2
QUAL	0	749.6	18	12	6	0
QUAL	0	750.0	20	10	10	1
QUAL	0	750.6	18	13	5	0
QUAL	0	751.0	50	31	19	8
QUAL	0	751.6	17	11	6	1
QUAL	0	752.0	17	9	8	4
QUAL	0	752.6	20	12	8	0
QUAL	0	753.0	16	8	8	1
QUAL	0	753.2	0	0	0	1
QUAL	0	753.6	15	14	1	1
QUAL	0	754.0	21	9	12	0
QUAL	0	754.1	1	1	0	0
QUAL	0	754.6	11	6	5	0
QUAL	0	755.0	17	14	3	2
QUAL	0	755.6	12	10	2	0
QUAL	0	756.0	22	16	6	1
QUAL	0	756.1	1	0	1	0
QUAL	0	756.6	12	8	4	2
QUAL	0	757.0	23	17	6	1
QUAL	0	757.6	19	12	7	2
QUAL	0	758.0	21	18	3	1
QUAL	0	758.6	25	16	9	1
QUAL	0	759.0	19	11	8	4
QUAL	0	759.6	11	8	3	2
QUAL	0	760.0	23	13	10	0
QUAL	0	760.6	9	7	2	3
QUAL	0	761.0	18	16	2	1
QUAL	0	761.6	17	14	3	0
QUAL	0	762.0	21	14	7	2
QUAL	0	762.6	11	9	2	2
QUAL	0	762.8	1	1	0	0
QUAL	0	763.0	15	12	3	0
QUAL	0	763.6	13	8	5	2
QUAL	0	764.0	25	21	4	0
QUAL	0	764.6	17	15	2	0
QUAL	0	765.0	19	15	4	0
QUAL	0	765.6	17	13	4	1
QUAL	0	766.0	20	16	4	1
QUAL	0	766.6	23	14	9	2
QUAL	0	767.0	16	15	1	1
QUAL	0	767.6	19	15	4	1
QUAL	0	767.9	0	0	0	1
QUAL	0	768.0	19	15	4	2
QUAL	0	768.6	21	16	5	2
QUAL	0	768.7	1	1	0	1
QUAL	0	769.0	19	12	7	1
QUAL	0	769.6	18	16	2	2
QUAL	0	770.0	18	10	8	1
QUAL	0	770.6	10	7	3	1
QUAL	0	771.0	17	13	4	0
QUAL	0	771.6	18	13	5	1
QUAL	0	772.0	19	14	5	3
QUAL	0	772.6	14	12	2	3
QUAL	0	773.0	22	15	7	3
QUAL	0	773.6	14	8	6	2
QUAL	0	774.0	23	18	5	1
QUAL	0	774.6	12	9	3	0
QUAL	0	775.0	19	15	4	1
QUAL	0	775.6	20	17	3	2
QUAL	0	776.0	21	13	8	1
QUAL	0	776.6	12	9	3	1
QUAL	0	777.0	21	17	4	4
QUAL	0	777.6	14	12	2	3
QUAL	0	778.0	15	10	5	1
QUAL	0	778.6	15	7	8	0
QUAL	0	778.9	0	0	0	1
QUAL	0	779.0	19	13	6	1
QUAL	0	779.6	14	8	6	1
QUAL	0	780.0	23	18	5	0
QUAL	0	780.6	17	11	6	2
QUAL	0	781.0	16	13	3	3
QUAL	0	781.6	21	18	3	2
QUAL	0	782.0	22	15	7	2
QUAL	0	782.6	14	8	6	0
QUAL	0	782.7	0	0	0	1
QUAL	0	783.0	20	12	8	0
QUAL	0	783.6	10	8	2	0
QUAL	0	784.0	25	18	7	1
QUAL	0	784.6	16	11	5	2
QUAL	0	785.0	15	9	6	1
QUAL	0	785.6	15	13	2	1
QUAL	0	785.8	0	0	0	1
QUAL	0	785.9	1	0	1	0
QUAL	0	786.0	26	16	10	2
QUAL	0	786.6	18	14	4	2
QUAL	0	787.0	19	14	5	1
QUAL	0	787.6	21	11	10	0
QUAL	0	787.9	0	0	0	1
QUAL	0	788.0	25	15	10	1
QUAL	0	788.6	17	7	10	0
QUAL	0	789.0	21	16	5	1
QUAL	0	789.1	1	0	1	0
QUAL	0	789.6	17	12	5	1
QUAL	0	790.0	19	18	1	1
QUAL	0	790.6	17	12	5	2
QUAL	0	791.0	13	11	2	3
QUAL	0	791.6	13	8	5	1
QUAL	0	792.0	12	7	5	1
QUAL	0	792.6	10	5	5	2
QUAL	0	793.0	27	19	8	4
QUAL	0	793.6	14	10	4	3
QUAL	0	794.0	21	16	5	0
QUAL	0	794.6	10	8	2	2
QUAL	0	795.0	28	20	8	0
QUAL	0	795.6	17	12	5	3
QUAL	0	795.9	4	2	2	0
QUAL	0	796.0	34	25	9	18
QUAL	0	796.2	0	0	0	1
QUAL	0	796.6	22	14	8	3
QUAL	0	797.0	25	13	12	6
QUAL	0	797.6	15	9	6	0
QUAL	0	798.0	15	12	3	1
QUAL	0	798.6	10	9	1	1
QUAL	0	799.0	16	8	8	2
QUAL	0	799.6	27	19	8	0
QUAL	0	800.0	17	12	5	0
QUAL	0	800.6	9	6	3	2
QUAL	0	801.0	13	9	4	0
QUAL	0	801.6	13	8	5	0
QUAL	0	802.0	11	8	3	1
QUAL	0	802.6	12	8	4	2
QUAL	0	803.0	15	11	4	1
QUAL	0	803.6	10	7	3	1
QUAL	0	804.0	18	12	6	0
QUAL	0	804.4	1	1	0	0
QUAL	0	804.6	14	12	2	0
QUAL	0	805.0	20	12	8	1
QUAL	0	805.6	16	8	8	1
QUAL	0	806.0	24	16	8	0
QUAL	0	806.6	21	18	3	0
QUAL	0	807.0	8	4	4	6
QUAL	0	807.6	12	6	6	0
QUAL	0	808.0	19	11	8	1
QUAL	0	808.6	11	4	7	3
QUAL	0	809.0	16	11	5	2
QUAL	0	809.6	10	6	4	1
QUAL	0	810.0	20	17	3	2
QUAL	0	810.6	13	10	3	0
QUAL	0	811.0	20	15	5	3
QUAL	0	811.6	16	11	5	3
QUAL	0	812.0	20	13	7	0
QUAL	0	812.6	8	7	1	1
QUAL	0	813.0	22	19	3	0
QUAL	0	813.6	9	7	2	1
QUAL	0	814.0	14	10	4	1
QUAL	0	814.6	15	10	5	2
QUAL	0	814.9	1	0	1	0
QUAL	0	815.0	11	9	2	0
QUAL	0	815.6	18	14	4	0
QUAL	0	816.0	13	10	3	3
QUAL	0	816.3	1	0	1	0
QUAL	0	816.6	8	6	2	1
QUAL	0	817.0	21	14	7	1
QUAL	0	817.6	17	8	9	0
QUAL	0	818.0	16	15	1	1
QUAL	0	818.6	8	6	2	1
QUAL	0	819.0	19	15	4	0
QUAL	0	819.6	15	12	3	0
QUAL	0	820.0	20	18	2	1
QUAL	0	820.6	17	13	4	0
QUAL	0	820.9	0	0	0	1
QUAL	0	821.0	21	15	6	2
QUAL	0	821.6	11	8	3	1
QUAL	0	822.0	16	13	3	0
QUAL	0	822.6	7	4	3	0
QUAL	0	823.0	18	11	7	1
QUAL	0	823.1	1	0	1	0
QUAL	0	823.6	19	14	5	0
QUAL	0	824.0	13	12	1	2
QUAL	0	824.6	15	11	4	2
QUAL	0	825.0	21	19	2	1
QUAL	0	825.6	10	5	5	1
QUAL	0	826.0	13	11	2	5
QUAL	0	826.6	15	9	6	1
QUAL	0	827.0	20	14	6	2
QUAL	0	827.6	10	7	3	0
QUAL	0	828.0	12	12	0	0
QUAL	0	828.6	12	9	3	0
QUAL	0	829.0	16	8	8	4
QUAL	0	829.6	9	7	2	2
QUAL	0	830.0	15	12	3	0
QUAL	0	830.6	13	11	2	1
QUAL	0	830.9	0	0	0	1
QUAL	0	831.0	15	9	6	1
QUAL	0	831.6	14	6	8	1
QUAL	0	831.9	0	0	0	1
QUAL	0	832.0	14	10	4	4
QUAL	0	832.6	9	7	2	1
QUAL	0	833.0	18	6	12	3
QUAL	0	833.6	10	9	1	0
QUAL	0	834.0	16	9	7	3
QUAL	0	834.6	13	12	1	1
QUAL	0	835.0	13	11	2	1
QUAL	0	835.6	10	7	3	1
QUAL	0	836.0	15	12	3	1
QUAL	0	836.6	12	10	2	3
QUAL	0	836.7	1	1	0	0
QUAL	0	837.0	11	10	1	1
QUAL	0	837.6	11	11	0	0
QUAL	0	837.7	0	0	0	1
QUAL	0	838.0	12	9	3	0
QUAL	0	838.6	12	11	1	1
QUAL	0	839.0	21	13	8	1
QUAL	0	839.6	9	8	1	3
QUAL	0	840.0	18	15	3	2
QUAL	0	840.6	8	3	5	0
QUAL	0	840.9	1	1	0	0
QUAL	0	841.0	39	26	13	20
QUAL	0	841.6	12	8	4	0
QUAL	0	842.0	16	12	4	3
QUAL	0	842.6	11	7	4	1
QUAL	0	843.0	18	13	5	2
QUAL	0	843.6	18	14	4	1
QUAL	0	843.8	1	1	0	0
QUAL	0	843.9	1	1	0	0
QUAL	0	844.0	26	20	6	3
QUAL	0	844.6	15	11	4	0
QUAL	0	845.0	11	7	4	0
QUAL	0	845.6	10	7	3	3
QUAL	0	846.0	19	14	5	3
QUAL	0	846.6	9	9	0	1
QUAL	0	847.0	14	8	6	2
QUAL	0	847.6	10	7	3	0
QUAL	0	848.0	13	8	5	1
QUAL	0	848.6	9	7	2	1
QUAL	0	849.0	19	16	3	2
QUAL	0	849.6	14	6	8	0
QUAL	0	849.9	1	0	1	0
QUAL	0	850.0	10	9	1	1
QUAL	0	850.6	17	14	3	0
QUAL	0	851.0	18	15	3	1
QUAL	0	851.1	1	0	1	0
QUAL	0	851.6	11	7	4	0
QUAL	0	852.0	15	9	6	0
QUAL	0	852.6	11	6	5	0
QUAL	0	853.0	24	17	7	1
QUAL	0	853.6	14	9	5	5
QUAL	0	854.0	14	11	3	2
QUAL	0	854.6	15	14	1	2
QUAL	0	855.0	14	9	5	1
QUAL	0	855.6	9	8	1	0
QUAL	0	856.0	24	13	11	1
QUAL	0	856.6	13	7	6	1
QUAL	0	857.0	16	11	5	1
QUAL	0	857.3	1	1	0	0
QUAL	0	857.6	6	5	1	0
QUAL	0	857.8	0	0	0	1
QUAL	0	857.9	1	1	0	0
QUAL	0	858.0	14	13	1	3
QUAL	0	858.6	9	8	1	0
QUAL	0	859.0	16	13	3	2
QUAL	0	859.6	7	5	2	0
QUAL	0	860.0	19	17	2	3
QUAL	0	860.6	9	6	3	0
QUAL	0	861.0	21	15	6	0
QUAL	0	861.6	17	13	4	0
QUAL	0	862.0	21	15	6	1
QUAL	0	862.6	4	2	2	2
QUAL	0	863.0	18	11	7	0
QUAL	0	863.6	12	9	3	1
QUAL	0	864.0	15	9	6	1
QUAL	0	864.6	17	14	3	1
QUAL	0	865.0	21	19	2	0
QUAL	0	865.6	8	4	4	1
QUAL	0	866.0	16	10	6	1
QUAL	0	866.6	10	7	3	1
QUAL	0	867.0	20	17	3	2
QUAL	0	867.6	11	10	1	2
QUAL	0	868.0	10	8	2	3
QUAL	0	868.6	15	10	5	2
QUAL	0	869.0	20	11	9	0
QUAL	0	869.6	15	11	4	0
QUAL	0	870.0	29	23	6	0
QUAL	0	870.6	14	8	6	0
QUAL	0	871.0	12	8	4	1
QUAL	0	871.6	12	11	1	2
QUAL	0	872.0	17	10	7	1
QUAL	0	872.6	6	4	2	0
QUAL	0	873.0	18	15	3	1
QUAL	0	873.6	14	10	4	0
QUAL	0	874.0	19	16	3	1
QUAL	0	874.6	10	4	6	0
QUAL	0	875.0	32	27	5	2
QUAL	0	875.6	10	10	0	1
QUAL	0	876.0	15	12	3	2
QUAL	0	876.6	6	4	2	0
QUAL	0	877.0	17	13	4	1
QUAL	0	877.6	14	11	3	1
QUAL	0	877.9	0	0	0	1
QUAL	0	878.0	20	13	7	0
QUAL	0	878.6	9	8	1	1
QUAL	0	879.0	10	7	3	1
QUAL	0	879.6	5	4	1	0
QUAL	0	880.0	9	8	1	2
QUAL	0	880.6	17	12	5	1
QUAL	0	881.0	18	10	8	2
QUAL	0	881.6	9	6	3	0
QUAL	0	882.0	17	13	4	0
QUAL	0	882.6	9	3	6	1
QUAL	0	883.0	21	16	5	0
QUAL	0	883.6	8	6	2	1
QUAL	0	884.0	11	6	5	1
QUAL	0	884.6	8	7	1	1
QUAL	0	885.0	14	14	0	1
QUAL	0	885.6	11	7	4	0
QUAL	0	885.8	1	0	1	0
QUAL	0	885.9	1	1	0	0
QUAL	0	886.0	29	16	13	14
QUAL	0	886.6	11	7	4	3
QUAL	0	887.0	23	15	8	3
QUAL	0	887.6	10	8	2	1
QUAL	0	888.0	17	12	5	3
QUAL	0	888.6	7	4	3	2
QUAL	0	889.0	12	7	5	3
QUAL	0	889.6	14	10	4	3
QUAL	0	889.9	0	0	0	1
QUAL	0	890.0	16	9	7	1
QUAL	0	890.6	14	8	6	1
QUAL	0	891.0	18	13	5	0
QUAL	0	891.6	5	1	4	1
QUAL	0	891.8	1	0	1	0
QUAL	0	892.0	18	11	7	1
QUAL	0	892.6	6	5	1	4
QUAL	0	893.0	18	13	5	2
QUAL	0	893.6	16	12	4	2
QUAL	0	894.0	22	15	7	0
QUAL	0	894.6	8	7	1	0
QUAL	0	895.0	14	10	4	2
QUAL	0	895.6	9	8	1	2
QUAL	0	896.0	18	14	4	2
QUAL	0	896.6	8	5	3	0
QUAL	0	897.0	14	12	2	2
QUAL	0	897.6	14	11	3	0
QUAL	0	897.9	0	0	0	1
QUAL	0	898.0	15	11	4	0
QUAL	0	898.6	12	8	4	1
QUAL	0	898.7	1	1	0	0
QUAL	0	899.0	12	9	3	0
QUAL	0	899.6	15	14	1	1
QUAL	0	899.9	1	1	0	0
QUAL	0	900.0	20	14	6	2
QUAL	0	900.6	13	10	3	0
QUAL	0	901.0	14	9	5	2
QUAL	0	901.1	1	0	1	0
QUAL	0	901.6	12	8	4	0
QUAL	0	902.0	16	13	3	0
QUAL	0	902.6	13	10	3	1
QUAL	0	903.0	18	14	4	1
QUAL	0	903.6	11	10	1	2
QUAL	0	904.0	14	12	2	2
QUAL	0	904.6	9	7	2	1
QUAL	0	905.0	19	16	3	5
QUAL	0	905.6	5	5	0	0
QUAL	0	906.0	19	16	3	0
QUAL	0	906.6	11	7	4	0
QUAL	0	907.0	10	10	0	1
QUAL	0	907.1	1	1	0	0
QUAL	0	907.6	8	2	6	1
QUAL	0	908.0	8	6	2	2
QUAL	0	908.6	6	5	1	0
QUAL	0	909.0	10	7	3	0
QUAL	0	909.6	9	9	0	0
QUAL	0	910.0	21	12	9	3
QUAL	0	910.6	5	4	1	3
QUAL	0	911.0	23	15	8	1
QUAL	0	911.4	0	0	0	1
QUAL	0	911.6	9	6	3	1
QUAL	0	912.0	18	11	7	1
QUAL	0	912.6	11	9	2	1
QUAL	0	913.0	13	11	2	2
QUAL	0	913.6	7	3	4	0
QUAL	0	914.0	15	13	2	1
QUAL	0	914.6	4	3	1	1
QUAL	0	915.0	18	10	8	1
QUAL	0	915.6	9	9	0	1
QUAL	0	916.0	19	14	5	1
QUAL	0	916.6	10	5	5	1
QUAL	0	917.0	16	9	7	2
QUAL	0	917.6	7	6	1	1
QUAL	0	918.0	10	8	2	1
QUAL	0	918.6	8	7	1	1
QUAL	0	919.0	16	12	4	2
QUAL	0	919.6	14	11	3	0
QUAL	0	920.0	15	11	4	1
QUAL	0	920.6	9	7	2	1
QUAL	0	921.0	23	12	11	2
QUAL	0	921.6	5	5	0	1
QUAL	0	922.0	10	7	3	1
QUAL	0	922.6	11	10	1	0
QUAL	0	923.0	19	15	4	0
QUAL	0	923.6	12	9	3	0
QUAL	0	924.0	13	8	5	0
QUAL	0	924.6	12	11	1	1
QUAL	0	925.0	14	12	2	1
QUAL	0	925.6	8	5	3	2
QUAL	0	926.0	10	5	5	0
QUAL	0	926.6	12	9	3	2
QUAL	0	927.0	14	9	5	2
QUAL	0	927.6	7	6	1	1
QUAL	0	928.0	15	11	4	0
QUAL	0	928.6	12	6	6	0
QUAL	0	929.0	5	2	3	1
QUAL	0	929.6	7	7	0	1
QUAL	0	930.0	17	12	5	2
QUAL	0	930.6	8	7	1	1
QUAL	0	931.0	24	12	12	11
QUAL	0	931.6	10	7	3	0
QUAL	0	932.0	12	9	3	3
QUAL	0	932.6	7	6	1	0
QUAL	0	933.0	12	11	1	1
QUAL	0	933.6	8	6	2	0
QUAL	0	934.0	7	3	4	2
QUAL	0	934.6	13	9	4	1
QUAL	0	935.0	21	13	8	2
QUAL	0	935.6	7	4	3	0
QUAL	0	936.0	15	14	1	1
QUAL	0	936.6	5	3	2	0
QUAL	0	937.0	21	17	4	1
QUAL	0	937.6	8	5	3	1
QUAL	0	938.0	16	10	6	1
QUAL	0	938.6	7	5	2	0
QUAL	0	939.0	15	9	6	0
QUAL	0	939.6	8	4	4	0
QUAL	0	940.0	6	2	4	2
QUAL	0	940.6	9	8	1	0
QUAL	0	941.0	20	12	8	0
QUAL	0	941.6	6	4	2	0
QUAL	0	942.0	23	16	7	0
QUAL	0	942.6	10	6	4	1
QUAL	0	943.0	17	14	3	0
QUAL	0	943.6	9	7	2	0
QUAL	0	944.0	25	17	8	1
QUAL	0	944.6	8	8	0	0
QUAL	0	945.0	6	4	2	0
QUAL	0	945.6	13	5	8	1
QUAL	0	946.0	21	16	5	0
QUAL	0	946.6	11	4	7	1
QUAL	0	947.0	10	7	3	0
QUAL	0	947.6	8	4	4	1
QUAL	0	948.0	10	5	5	2
QUAL	0	948.6	11	9	2	0
QUAL	0	949.0	8	8	0	3
QUAL	0	949.6	10	8	2	4
QUAL	0	950.0	14	14	0	1
QUAL	0	950.6	5	3	2	0
QUAL	0	951.0	12	6	6	2
QUAL	0	951.6	8	5	3	0
QUAL	0	952.0	7	5	2	1
QUAL	0	952.6	9	7	2	0
QUAL	0	953.0	15	8	7	0
QUAL	0	953.3	2	0	2	0
QUAL	0	953.6	11	8	3	0
QUAL	0	954.0	12	9	3	4
QUAL	0	954.6	7	6	1	0
QUAL	0	955.0	15	12	3	1
QUAL	0	955.6	14	11	3	0
QUAL	0	956.0	12	9	3	2
QUAL	0	956.6	13	10	3	2
QUAL	0	956.9	1	0	1	0
QUAL	0	957.0	15	8	7	0
QUAL	0	957.6	5	4	1	0
QUAL	0	958.0	16	13	3	0
QUAL	0	958.6	14	10	4	0
QUAL	0	959.0	12	10	2	0
QUAL	0	959.6	10	8	2	1
QUAL	0	960.0	13	10	3	2
QUAL	0	960.6	7	7	0	0
QUAL	0	961.0	16	8	8	1
QUAL	0	961.6	8	7	1	2
QUAL	0	962.0	11	4	7	2
QUAL	0	962.6	9	5	4	1
QUAL	0	963.0	12	9	3	1
QUAL	0	963.6	8	7	1	1
QUAL	0	964.0	13	10	3	2
QUAL	0	964.6	8	5	3	0
QUAL	0	965.0	15	12	3	5
QUAL	0	965.6	10	9	1	0
QUAL	0	966.0	19	13	6	2
QUAL	0	966.6	5	3	2	1
QUAL	0	967.0	14	8	6	3
QUAL	0	967.6	16	13	3	3
QUAL	0	968.0	11	8	3	1
QUAL	0	968.6	9	8	1	0
QUAL	0	969.0	11	7	4	1
QUAL	0	969.6	5	2	3	1
QUAL	0	970.0	16	12	4	1
QUAL	0	970.6	7	6	1	1
QUAL	0	971.0	20	14	6	2
QUAL	0	971.6	7	7	0	0
QUAL	0	972.0	14	9	5	1
QUAL	0	972.6	4	4	0	1
QUAL	0	973.0	13	8	5	3
QUAL	0	973.6	6	4	2	3
QUAL	0	974.0	14	13	1	1
QUAL	0	974.6	5	4	1	0
QUAL	0	975.0	16	11	5	2
QUAL	0	975.6	13	9	4	1
QUAL	0	976.0	27	17	10	10
QUAL	0	976.6	6	5	1	0
QUAL	0	977.0	15	12	3	0
QUAL	0	977.6	7	4	3	0
QUAL	0	978.0	18	14	4	1
QUAL	0	978.6	12	11	1	2
QUAL	0	979.0	17	10	7	0
QUAL	0	979.6	10	7	3	0
QUAL	0	980.0	18	14	4	0
QUAL	0	980.6	7	5	2	0
QUAL	0	981.0	9	7	2	1
QUAL	0	981.6	2	2	0	0
QUAL	0	982.0	13	11	2	0
QUAL	0	982.6	5	3	2	0
QUAL	0	983.0	12	11	1	2
QUAL	0	983.6	7	4	3	1
QUAL	0	984.0	8	8	0	3
QUAL	0	984.6	8	6	2	0
QUAL	0	985.0	15	12	3	0
QUAL	0	985.6	11	6	5	0
QUAL	0	986.0	10	8	2	0
QUAL	0	986.6	7	4	3	0
QUAL	0	987.0	15	8	7	2
QUAL	0	987.6	8	6	2	0
QUAL	0	988.0	12	11	1	0
QUAL	0	988.6	13	8	5	0
QUAL	0	989.0	20	16	4	1
QUAL	0	989.6	8	7	1	3
QUAL	0	990.0	14	12	2	1
QUAL	0	990.6	11	9	2	1
QUAL	0	991.0	16	12	4	1
QUAL	0	991.6	8	3	5	1
QUAL	0	992.0	15	10	5	0
QUAL	0	992.6	8	7	1	1
QUAL	0	993.0	13	10	3	1
QUAL	0	993.6	12	7	5	0
QUAL	0	994.0	14	12	2	1
QUAL	0	994.6	9	7	2	1
QUAL	0	995.0	7	4	3	5
QUAL	0	995.6	6	3	3	0
QUAL	0	995.9	0	0	0	1
QUAL	0	996.0	9	7	2	0
QUAL	0	996.6	8	4	4	0
QUAL	0	997.0	15	8	7	0
QUAL	0	997.6	7	4	3	1
QUAL	0	998.0	17	13	4	1
QUAL	0	998.6	8	6	2	1
QUAL	0	999.0	15	11	4	4
QUAL	0	999.6	9	8	1	0
QUAL	0	1000.0	16	12	4	1
QUAL	0	1000.6	7	5	2	0
QUAL	0	1001.0	20	12	8	1
QUAL	0	1001.6	9	6	3	1
QUAL	0	1002.0	12	9	3	1
QUAL	0	1002.6	12	11	1	0
QUAL	0	1003.0	14	7	7	0
QUAL	0	1003.6	11	8	3	0
QUAL	0	1004.0	15	10	5	2
QUAL	0	1004.6	3	3	0	1
QUAL	0	1005.0	15	11	4	0
QUAL	0	1005.6	6	4	2	1
QUAL	0	1006.0	10	6	4	1
QUAL	0	1006.6	2	2	0	0
QUAL	0	1007.0	13	9	4	0
QUAL	0	1007.6	10	6	4	0
QUAL	0	1008.0	21	14	7	1
QUAL	0	1008.2	1	0	1	0
QUAL	0	1008.6	4	4	0	1
QUAL	0	1009.0	12	9	3	1
QUAL	0	1009.6	4	0	4	1
QUAL	0	1010.0	19	11	8	0
QUAL	0	1010.6	5	2	3	0
QUAL	0	1011.0	22	16	6	1
QUAL	0	1011.6	7	5	2	0
QUAL	0	1012.0	19	16	3	1
QUAL	0	1012.6	7	5	2	0
QUAL	0	1013.0	12	4	8	2
QUAL	0	1013.6	10	8	2	0
QUAL	0	1014.0	22	16	6	3
QUAL	0	1014.6	4	4	0	0
QUAL	0	1015.0	18	15	3	1
QUAL	0	1015.6	7	4	3	0
QUAL	0	1016.0	17	10	7	2
QUAL	0	1016.6	9	8	1	1
QUAL	0	1017.0	12	7	5	4
QUAL	0	1017.6	6	3	3	1
QUAL	0	1018.0	19	11	8	1
QUAL	0	1018.6	7	5	2	0
QUAL	0	1019.0	9	5	4	4
QUAL	0	1019.6	5	4	1	0
QUAL	0	1020.0	15	10	5	4
QUAL	0	1020.6	12	10	2	0
QUAL	0	1021.0	25	15	10	11
QUAL	0	1021.4	1	1	0	0
QUAL	0	1021.6	4	3	1	2
QUAL	0	1022.0	12	9	3	1
QUAL	0	1022.6	12	8	4	0
QUAL	0	1023.0	21	16	5	1
QUAL	0	1023.6	10	9	1	2
QUAL	0	1024.0	8	6	2	0
QUAL	0	1024.4	1	1	0	0
QUAL	0	1024.6	7	5	2	2
QUAL	0	1025.0	17	15	2	1
QUAL	0	1025.6	8	4	4	1
QUAL	0	1026.0	14	10	4	1
QUAL	0	1026.6	10	9	1	2
QUAL	0	1027.0	17	15	2	3
QUAL	0	1027.6	9	5	4	0
QUAL	0	1028.0	8	5	3	0
QUAL	0	1028.6	5	4	1	0
QUAL	0	1029.0	13	9	4	1
QUAL	0	1029.6	5	5	0	0
QUAL	0	1030.0	11	10	1	0
QUAL	0	1030.6	6	5	1	0
QUAL	0	1031.0	13	9	4	1
QUAL	0	1031.6	8	5	3	0
QUAL	0	1032.0	13	8	5	1
QUAL	0	1032.6	8	7	1	0
QUAL	0	1033.0	9	7	2	0
QUAL	0	1033.1	1	0	1	0
QUAL	0	1033.3	1	0	1	0
QUAL	0	1033.6	5	3	2	0
QUAL	0	1034.0	15	13	2	1
QUAL	0	1034.1	1	0	1	0
QUAL	0	1034.6	6	4	2	0
QUAL	0	1035.0	13	11	2	3
QUAL	0	1035.6	7	5	2	1
QUAL	0	1036.0	18	14	4	0
QUAL	0	1036.6	8	5	3	0
QUAL	0	1037.0	13	9	4	2
QUAL	0	1037.6	10	8	2	4
QUAL	0	1038.0	12	6	6	0
QUAL	0	1038.6	9	5	4	1
QUAL	0	1039.0	13	9	4	0
QUAL	0	1039.6	5	5	0	1
QUAL	0	1039.9	1	1	0	0
QUAL	0	1040.0	12	11	1	0
QUAL	0	1040.6	10	4	6	0
QUAL	0	1041.0	12	6	6	1
QUAL	0	1041.6	6	3	3	0
QUAL	0	1042.0	12	12	0	2
QUAL	0	1042.6	15	12	3	0
QUAL	0	1043.0	19	13	6	0
QUAL	0	1043.6	8	4	4	0
QUAL	0	1044.0	12	8	4	1
QUAL	0	1044.6	6	5	1	2
QUAL	0	1045.0	16	12	4	0
QUAL	0	1045.6	10	6	4	0
QUAL	0	1046.0	15	12	3	2
QUAL	0	1046.6	10	9	1	1
QUAL	0	1047.0	13	13	0	0
QUAL	0	1047.6	9	5	4	1
QUAL	0	1048.0	13	12	1	2
QUAL	0	1048.6	2	2	0	2
QUAL	0	1049.0	12	8	4	3
QUAL	0	1049.6	11	5	6	0
QUAL	0	1049.7	0	0	0	1
QUAL	0	1050.0	12	8	4	4
QUAL	0	1050.6	3	2	1	0
QUAL	0	1051.0	11	7	4	0
QUAL	0	1051.6	6	4	2	0
QUAL	0	1052.0	7	6	1	0
QUAL	0	1052.6	7	3	4	0
QUAL	0	1053.0	10	7	3	2
QUAL	0	1053.6	4	2	2	0
QUAL	0	1054.0	9	7	2	3
QUAL	0	1054.6	7	4	3	0
QUAL	0	1055.0	14	13	1	1
QUAL	0	1055.6	8	5	3	0
QUAL	0	1056.0	15	13	2	3
QUAL	0	1056.6	1	1	0	1
QUAL	0	1057.0	18	12	6	2
QUAL	0	1057.6	3	1	2	0
QUAL	0	1058.0	11	5	6	0
QUAL	0	1058.6	7	7	0	1
QUAL	0	1058.9	1	1	0	0
QUAL	0	1059.0	16	10	6	2
QUAL	0	1059.6	6	5	1	0
QUAL	0	1060.0	12	9	3	1
QUAL	0	1060.6	4	4	0	1
QUAL	0	1061.0	12	9	3	1
QUAL	0	1061.6	4	2	2	0
QUAL	0	1062.0	11	9	2	1
QUAL	0	1062.6	6	4	2	0
QUAL	0	1063.0	11	9	2	1
QUAL	0	1063.6	9	8	1	0
QUAL	0	1064.0	4	3	1	1
QUAL	0	1064.6	4	4	0	0
QUAL	0	1064.7	1	0	1	0
QUAL	0	1065.0	15	13	2	2
QUAL	0	1065.6	12	5	7	2
QUAL	0	1066.0	26	20	6	2
QUAL	0	1066.6	8	4	4	1
QUAL	0	1067.0	10	7	3	1
QUAL	0	1067.6	8	5	3	0
QUAL	0	1068.0	14	10	4	2
QUAL	0	1068.6	5	4	1	0
QUAL	0	1069.0	11	7	4	0
QUAL	0	1069.6	7	5	2	0
QUAL	0	1070.0	15	10	5	0
QUAL	0	1070.6	9	7	2	0
QUAL	0	1071.0	12	5	7	0
QUAL	0	1071.6	10	5	5	1
QUAL	0	1072.0	11	10	1	1
QUAL	0	1072.6	8	6	2	0
QUAL	0	1073.0	11	10	1	0
QUAL	0	1073.6	6	6	0	0
QUAL	0	1074.0	11	6	5	0
QUAL	0	1074.6	4	2	2	0
QUAL	0	1075.0	16	12	4	1
QUAL	0	1075.6	4	2	2	1
QUAL	0	1076.0	15	11	4	1
QUAL	0	1076.6	5	5	0	1
QUAL	0	1077.0	11	5	6	0
QUAL	0	1077.6	4	3	1	0
QUAL	0	1078.0	13	8	5	0
QUAL	0	1078.6	10	7	3	1
QUAL	0	1079.0	17	13	4	2
QUAL	0	1079.6	6	3	3	0
QUAL	0	1080.0	14	13	1	0
QUAL	0	1081.0	7	4	3	0
QUAL	0	1081.6	8	3	5	0
QUAL	0	1082.0	11	9	2	1
QUAL	0	1082.6	2	2	0	2
QUAL	0	1083.0	15	9	6	1
QUAL	0	1083.6	1	1	0	1
QUAL	0	1083.9	0	0	0	1
QUAL	0	1084.0	14	12	2	0
QUAL	0	1084.6	5	4	1	0
QUAL	0	1085.0	19	14	5	1
QUAL	0	1085.6	6	4	2	1
QUAL	0	1086.0	10	6	4	0
QUAL	0	1086.6	2	1	1	0
QUAL	0	1087.0	11	7	4	2
QUAL	0	1087.6	8	5	3	2
QUAL	0	1088.0	12	6	6	3
QUAL	0	1088.6	8	6	2	0
QUAL	0	1089.0	10	7	3	1
QUAL	0	1089.6	4	4	0	0
QUAL	0	1090.0	9	6	3	1
QUAL	0	1090.6	4	2	2	0
QUAL	0	1091.0	23	11	12	1
QUAL	0	1091.6	6	4	2	0
QUAL	0	1092.0	19	16	3	0
QUAL	0	1092.6	6	6	0	3
QUAL	0	1093.0	10	5	5	0
QUAL	0	1093.6	4	3	1	1
QUAL	0	1094.0	7	4	3	0
QUAL	0	1094.6	3	3	0	0
QUAL	0	1095.0	7	4	3	0
QUAL	0	1095.6	8	4	4	0
QUAL	0	1096.0	12	10	2	1
QUAL	0	1096.6	4	3	1	0
QUAL	0	1097.0	10	8	2	1
QUAL	0	1097.6	6	3	3	1
QUAL	0	1098.0	11	8	3	3
QUAL	0	1098.6	7	5	2	1
QUAL	0	1099.0	14	9	5	2
QUAL	0	1099.6	4	2	2	0
QUAL	0	1100.0	10	8	2	1
QUAL	0	1100.6	2	1	1	0
QUAL	0	1101.0	9	8	1	0
QUAL	0	1101.6	4	3	1	1
QUAL	0	1102.0	11	8	3	1
QUAL	0	1102.6	4	3	1	2
QUAL	0	1103.0	6	5	1	1
QUAL	0	1103.4	0	0	0	1
QUAL	0	1103.6	5	3	2	0
QUAL	0	1104.0	12	10	2	0
QUAL	0	1104.6	9	5	4	1
QUAL	0	1105.0	8	7	1	0
QUAL	0	1105.6	2	2	0	0
QUAL	0	1106.0	13	7	6	1
QUAL	0	1106.6	6	3	3	1
QUAL	0	1107.0	14	10	4	1
QUAL	0	1107.6	5	5	0	0
QUAL	0	1108.0	11	9	2	2
QUAL	0	1108.6	6	4	2	2
QUAL	0	1109.0	21	15	6	0
QUAL	0	1109.6	4	2	2	1
QUAL	0	1110.0	16	14	2	0
QUAL	0	1110.3	0	0	0	1
QUAL	0	1110.6	6	5	1	1
QUAL	0	1111.0	25	17	8	5
QUAL	0	1111.6	3	0	3	0
QUAL	0	1112.0	5	5	0	0
QUAL	0	1112.6	5	4	1	0
QUAL	0	1113.0	14	8	6	3
QUAL	0	1113.6	5	2	3	1
QUAL	0	1114.0	7	4	3	0
QUAL	0	1114.6	5	4	1	0
QUAL	0	1115.0	10	5	5	0
QUAL	0	1115.6	5	4	1	1
QUAL	0	1116.0	8	4	4	2
QUAL	0	1116.6	0	0	0	1
QUAL	0	1117.0	12	8	4	0
QUAL	0	1117.2	1	1	0	0
QUAL	0	1117.6	3	3	0	0
QUAL	0	1118.0	8	6	2	1
QUAL	0	1118.6	4	4	0	0
QUAL	0	1118.8	0	0	0	1
QUAL	0	1119.0	16	10	6	1
QUAL	0	1119.6	9	6	3	0
QUAL	0	1120.0	9	5	4	2
QUAL	0	1120.6	9	6	3	1
QUAL	0	1120.8	2	2	0	0
QUAL	0	1121.0	11	6	5	0
QUAL	0	1121.6	6	2	4	1
QUAL	0	1121.8	0	0	0	1
QUAL	0	1122.0	15	10	5	0
QUAL	0	1122.6	4	2	2	1
QUAL	0	1123.0	15	11	4	1
QUAL	0	1123.6	4	3	1	0
QUAL	0	1124.0	14	9	5	0
QUAL	0	1124.6	3	1	2	0
QUAL	0	1125.0	18	10	8	1
QUAL	0	1125.6	4	2	2	0
QUAL	0	1126.0	14	11	3	2
QUAL	0	1126.6	4	4	0	0
QUAL	0	1127.0	12	6	6	1
QUAL	0	1127.6	3	2	1	2
QUAL	0	1128.0	7	5	2	0
QUAL	0	1128.6	5	5	0	0
QUAL	0	1129.0	14	8	6	1
QUAL	0	1129.6	4	1	3	0
QUAL	0	1130.0	7	5	2	0
QUAL	0	1130.6	4	1	3	0
QUAL	0	1131.0	13	8	5	0
QUAL	0	1131.6	7	4	3	0
QUAL	0	1132.0	11	7	4	1
QUAL	0	1132.6	5	2	3	0
QUAL	0	1133.0	16	14	2	3
QUAL	0	1133.1	1	1	0	0
QUAL	0	1133.6	2	2	0	1
QUAL	0	1134.0	15	8	7	0
QUAL	0	1134.6	8	4	4	1
QUAL	0	1135.0	11	10	1	1
QUAL	0	1135.6	8	4	4	1
QUAL	0	1136.0	14	13	1	0
QUAL	0	1136.6	4	4	0	1
QUAL	0	1137.0	11	8	3	1
QUAL	0	1137.6	2	1	1	0
QUAL	0	1138.0	12	8	4	0
QUAL	0	1138.6	5	3	2	0
QUAL	0	1139.0	5	3	2	0
QUAL	0	1139.6	7	5	2	0
QUAL	0	1140.0	14	11	3	2
QUAL	0	1140.6	3	3	0	0
QUAL	0	1141.0	8	4	4	1
QUAL	0	1141.6	2	2	0	0
QUAL	0	1142.0	13	8	5	0
QUAL	0	1142.6	11	8	3	0
QUAL	0	1143.0	14	10	4	1
QUAL	0	1143.6	3	1	2	0
QUAL	0	1144.0	10	6	4	2
QUAL	0	1144.6	2	1	1	2
QUAL	0	1145.0	16	9	7	1
QUAL	0	1145.6	4	4	0	0
QUAL	0	1146.0	10	6	4	1
QUAL	0	1146.6	1	0	1	0
QUAL	0	1147.0	8	5	3	1
QUAL	0	1147.6	1	1	0	0
QUAL	0	1148.0	9	2	7	3
QUAL	0	1148.6	5	4	1	0
QUAL	0	1149.0	16	10	6	1
QUAL	0	1149.6	8	4	4	1
QUAL	0	1150.0	16	14	2	1
QUAL	0	1150.6	5	2	3	1
QUAL	0	1151.0	10	9	1	1
QUAL	0	1151.6	1	1	0	0
QUAL	0	1152.0	14	10	4	0
QUAL	0	1152.6	4	1	3	0
QUAL	0	1153.0	9	7	2	1
QUAL	0	1153.6	9	8	1	0
QUAL	0	1154.0	10	7	3	1
QUAL	0	1154.4	2	2	0	0
QUAL	0	1154.6	2	1	1	0
QUAL	0	1155.0	14	12	2	1
QUAL	0	1155.6	8	4	4	2
QUAL	0	1156.0	14	12	2	8
QUAL	0	1156.6	1	1	0	0
QUAL	0	1157.0	9	5	4	1
QUAL	0	1157.6	4	4	0	0
QUAL	0	1158.0	13	10	3	2
QUAL	0	1158.6	7	5	2	1
QUAL	0	1159.0	14	11	3	0
QUAL	0	1159.6	7	5	2	0
QUAL	0	1160.0	14	11	3	0
QUAL	0	1160.6	3	3	0	1
QUAL	0	1161.0	12	8	4	1
QUAL	0	1161.1	1	1	0	0
QUAL	0	1161.6	12	8	4	0
QUAL	0	1162.0	14	10	4	1
QUAL	0	1162.6	4	4	0	0
QUAL	0	1163.0	4	3	1	4
QUAL	0	1163.6	3	3	0	0
QUAL	0	1164.0	13	9	4	0
QUAL	0	1164.6	7	5	2	2
QUAL	0	1165.0	14	9	5	2
QUAL	0	1165.6	3	2	1	0
QUAL	0	1166.0	9	6	3	1
QUAL	0	1166.6	3	1	2	0
QUAL	0	1167.0	13	8	5	1
QUAL	0	1167.6	4	3	1	0
QUAL	0	1168.0	10	6	4	1
QUAL	0	1168.6	5	3	2	0
QUAL	0	1169.0	14	12	2	0
QUAL	0	1169.6	6	5	1	0
QUAL	0	1170.0	9	8	1	2
QUAL	0	1170.6	1	1	0	1
QUAL	0	1171.0	11	9	2	0
QUAL	0	1171.6	6	5	1	1
QUAL	0	1172.0	9	4	5	0
QUAL	0	1172.6	1	1	0	0
QUAL	0	1173.0	6	3	3	0
QUAL	0	1173.6	4	2	2	0
QUAL	0	1174.0	10	5	5	0
QUAL	0	1174.6	3	1	2	0
QUAL	0	1175.0	9	6	3	0
QUAL	0	1175.6	2	1	1	1
QUAL	0	1176.0	4	3	1	1
QUAL	0	1176.6	6	3	3	0
QUAL	0	1177.0	14	11	3	1
QUAL	0	1177.6	6	3	3	0
QUAL	0	1178.0	7	6	1	0
QUAL	0	1178.6	2	1	1	1
QUAL	0	1179.0	9	4	5	0
QUAL	0	1179.6	3	2	1	0
QUAL	0	1180.0	13	11	2	0
QUAL	0	1180.6	3	2	1	0
QUAL	0	1181.0	16	13	3	2
QUAL	0	1181.6	5	2	3	0
QUAL	0	1182.0	8	4	4	1
QUAL	0	1182.6	11	8	3	1
QUAL	0	1183.0	10	3	7	1
QUAL	0	1183.6	8	4	4	0
QUAL	0	1184.0	5	3	2	2
QUAL	0	1184.6	2	0	2	0
QUAL	0	1185.0	10	6	4	2
QUAL	0	1185.6	5	4	1	1
QUAL	0	1186.0	7	4	3	3
QUAL	0	1186.6	7	5	2	0
QUAL	0	1187.0	12	8	4	1
QUAL	0	1187.6	4	2	2	1
QUAL	0	1188.0	12	5	7	2
QUAL	0	1188.6	5	4	1	0
QUAL	0	1188.9	0	0	0	1
QUAL	0	1189.0	10	8	2	3
QUAL	0	1189.6	5	4	1	0
QUAL	0	1190.0	9	6	3	1
QUAL	0	1190.6	1	1	0	0
QUAL	0	1191.0	17	14	3	1
QUAL	0	1191.6	7	5	2	1
QUAL	0	1192.0	10	5	5	0
QUAL	0	1192.6	5	4	1	2
QUAL	0	1193.0	13	9	4	1
QUAL	0	1193.6	4	4	0	0
QUAL	0	1194.0	15	11	4	3
QUAL	0	1194.6	4	3	1	0
QUAL	0	1195.0	10	7	3	0
QUAL	0	1195.1	1	0	1	0
QUAL	0	1195.6	7	3	4	0
QUAL	0	1196.0	9	8	1	2
QUAL	0	1196.6	3	3	0	0
QUAL	0	1197.0	16	10	6	0
QUAL	0	1197.6	5	4	1	0
QUAL	0	1198.0	10	5	5	0
QUAL	0	1198.6	5	4	1	2
QUAL	0	1199.0	8	8	0	3
QUAL	0	1199.6	4	3	1	1
QUAL	0	1200.0	11	9	2	0
QUAL	0	1200.6	4	3	1	0
QUAL	0	1201.0	17	9	8	4
QUAL	0	1201.6	6	4	2	1
QUAL	0	1202.0	13	7	6	3
QUAL	0	1202.6	1	0	1	0
QUAL	0	1203.0	11	6	5	1
QUAL	0	1203.6	2	1	1	0
QUAL	0	1204.0	13	7	6	2
QUAL	0	1204.6	7	4	3	1
QUAL	0	1205.0	8	6	2	0
QUAL	0	1205.6	3	2	1	0
QUAL	0	1206.0	7	6	1	1
QUAL	0	1206.6	2	1	1	0
QUAL	0	1207.0	6	4	2	1
QUAL	0	1207.6	2	1	1	1
QUAL	0	1208.0	9	7	2	0
QUAL	0	1208.6	3	0	3	2
QUAL	0	1209.0	6	5	1	1
QUAL	0	1209.6	6	6	0	0
QUAL	0	1210.0	12	6	6	1
QUAL	0	1210.6	6	3	3	0
QUAL	0	1211.0	3	2	1	1
QUAL	0	1211.6	6	4	2	0
QUAL	0	1212.0	14	6	8	1
QUAL	0	1212.6	4	3	1	1
QUAL	0	1213.0	4	3	1	0
QUAL	0	1213.6	5	3	2	1
QUAL	0	1214.0	5	3	2	1
QUAL	0	1214.6	6	5	1	0
QUAL	0	1215.0	8	5	3	0
QUAL	0	1215.6	6	5	1	1
QUAL	0	1216.0	8	5	3	0
QUAL	0	1216.6	3	3	0	0
QUAL	0	1217.0	6	5	1	0
QUAL	0	1217.6	2	2	0	0
QUAL	0	1218.0	15	10	5	3
QUAL	0	1218.6	6	5	1	1
QUAL	0	1219.0	8	7	1	0
QUAL	0	1219.6	2	2	0	1
QUAL	0	1220.0	7	6	1	3
QUAL	0	1220.6	7	6	1	0
QUAL	0	1221.0	7	5	2	0
QUAL	0	1221.6	4	3	1	0
QUAL	0	1222.0	9	8	1	0
QUAL	0	1222.6	4	3	1	0
QUAL	0	1223.0	12	7	5	2
QUAL	0	1224.0	9	8	1	2
QUAL	0	1224.6	7	4	3	0
QUAL	0	1225.0	9	7	2	0
QUAL	0	1225.6	5	3	2	0
QUAL	0	1226.0	8	4	4	1
QUAL	0	1226.6	1	1	0	0
QUAL	0	1227.0	13	8	5	1
QUAL	0	1227.6	2	0	2	0
QUAL	0	1228.0	12	9	3	1
QUAL	0	1228.6	3	3	0	0
QUAL	0	1229.0	9	7	2	0
QUAL	0	1229.6	2	1	1	0
QUAL	0	1230.0	7	3	4	0
QUAL	0	1230.6	6	4	2	0
QUAL	0	1231.0	9	6	3	2
QUAL	0	1231.6	2	2	0	1
QUAL	0	1232.0	9	7	2	1
QUAL	0	1232.6	3	2	1	0
QUAL	0	1233.0	6	6	0	2
QUAL	0	1233.6	7	6	1	0
QUAL	0	1234.0	11	9	2	2
QUAL	0	1234.6	6	4	2	1
QUAL	0	1235.0	7	7	0	1
QUAL	0	1235.6	3	1	2	0
QUAL	0	1236.0	9	6	3	0
QUAL	0	1236.6	4	2	2	0
QUAL	0	1237.0	14	10	4	0
QUAL	0	1237.6	5	2	3	0
QUAL	0	1238.0	10	6	4	1
QUAL	0	1238.6	4	3	1	0
QUAL	0	1239.0	8	5	3	0
QUAL	0	1239.6	3	3	0	0
QUAL	0	1240.0	12	7	5	1
QUAL	0	1240.6	2	1	1	0
QUAL	0	1241.0	9	5	4	1
QUAL	0	1241.6	1	0	1	0
QUAL	0	1242.0	11	9	2	0
QUAL	0	1242.6	8	5	3	0
QUAL	0	1243.0	12	10	2	1
QUAL	0	1243.6	7	5	2	1
QUAL	0	1244.0	5	5	0	2
QUAL	0	1244.6	5	4	1	1
QUAL	0	1245.0	10	3	7	4
QUAL	0	1245.6	6	3	3	1
QUAL	0	1246.0	23	16	7	15
QUAL	0	1246.6	5	5	0	0
QUAL	0	1247.0	11	9	2	0
QUAL	0	1247.6	6	5	1	1
QUAL	0	1248.0	2	1	1	0
QUAL	0	1248.6	6	5	1	0
QUAL	0	1249.0	11	8	3	0
QUAL	0	1249.6	3	1	2	0
QUAL	0	1250.0	8	5	3	0
QUAL	0	1250.6	7	5	2	1
QUAL	0	1251.0	12	8	4	0
QUAL	0	1251.6	2	1	1	0
QUAL	0	1252.0	10	8	2	1
QUAL	0	1252.6	2	1	1	2
QUAL	0	1253.0	9	8	1	0
QUAL	0	1253.6	2	2	0	0
QUAL	0	1254.0	6	4	2	0
QUAL	0	1254.6	9	7	2	1
QUAL	0	1255.0	8	6	2	1
QUAL	0	1255.6	7	6	1	0
QUAL	0	1256.0	13	11	2	1
QUAL	0	1256.6	3	3	0	0
QUAL	0	1257.0	11	11	0	1
QUAL	0	1257.1	1	1	0	0
QUAL	0	1257.6	6	6	0	0
QUAL	0	1258.0	10	7	3	0
QUAL	0	1258.6	1	0	1	0
QUAL	0	1259.0	5	2	3	0
QUAL	0	1259.6	3	2	1	0
QUAL	0	1260.0	11	8	3	1
QUAL	0	1260.6	7	4	3	1
QUAL	0	1261.0	5	3	2	1
QUAL	0	1261.6	1	1	0	1
QUAL	0	1262.0	10	4	6	1
QUAL	0	1262.6	4	3	1	0
QUAL	0	1263.0	9	6	3	0
QUAL	0	1263.6	2	0	2	0
QUAL	0	1264.0	11	8	3	1
QUAL	0	1264.6	3	1	2	0
QUAL	0	1265.0	13	7	6	2
QUAL	0	1265.6	1	0	1	1
QUAL	0	1266.0	13	10	3	0
QUAL	0	1266.6	4	3	1	1
QUAL	0	1267.0	7	5	2	0
QUAL	0	1267.6	7	7	0	1
QUAL	0	1268.0	8	6	2	0
QUAL	0	1268.6	3	2	1	0
QUAL	0	1269.0	12	8	4	1
QUAL	0	1269.6	2	2	0	0
QUAL	0	1270.0	13	7	6	1
QUAL	0	1270.6	3	3	0	0
QUAL	0	1271.0	8	8	0	1
QUAL	0	1271.6	1	0	1	0
QUAL	0	1272.0	10	9	1	0
QUAL	0	1272.6	5	4	1	0
QUAL	0	1273.0	3	2	1	1
QUAL	0	1273.6	1	1	0	1
QUAL	0	1274.0	8	6	2	0
QUAL	0	1274.6	2	2	0	0
QUAL	0	1275.0	14	7	7	0
QUAL	0	1275.6	4	4	0	0
QUAL	0	1276.0	7	7	0	0
QUAL	0	1277.0	10	8	2	0
QUAL	0	1277.6	2	2	0	0
QUAL	0	1278.0	8	5	3	0
QUAL	0	1278.6	2	2	0	0
QUAL	0	1279.0	5	3	2	1
QUAL	0	1279.6	3	2	1	0
QUAL	0	1280.0	14	7	7	1
QUAL	0	1280.6	2	2	0	0
QUAL	0	1281.0	10	7	3	0
QUAL	0	1281.6	4	3	1	0
QUAL	0	1282.0	7	6	1	1
QUAL	0	1282.6	4	3	1	0
QUAL	0	1283.0	7	6	1	0
QUAL	0	1283.6	4	1	3	0
QUAL	0	1284.0	15	11	4	0
QUAL	0	1284.6	2	2	0	0
QUAL	0	1285.0	9	5	4	4
QUAL	0	1285.6	8	5	3	1
QUAL	0	1286.0	15	9	6	1
QUAL	0	1286.1	1	0	1	0
QUAL	0	1286.6	7	6	1	1
QUAL	0	1287.0	6	4	2	0
QUAL	0	1287.6	2	2	0	1
QUAL	0	1288.0	10	9	1	1
QUAL	0	1288.6	3	3	0	0
QUAL	0	1289.0	6	3	3	3
QUAL	0	1289.6	5	5	0	0
QUAL	0	1290.0	8	4	4	1
QUAL	0	1290.6	3	1	2	0
QUAL	0	1291.0	20	16	4	8
QUAL	0	1291.6	1	1	0	0
QUAL	0	1292.0	13	9	4	0
QUAL	0	1292.6	1	1	0	0
QUAL	0	1293.0	4	4	0	0
QUAL	0	1293.6	2	2	0	2
QUAL	0	1293.9	0	0	0	1
QUAL	0	1294.0	11	8	3	0
QUAL	0	1294.6	3	2	1	0
QUAL	0	1295.0	11	8	3	0
QUAL	0	1295.6	2	1	1	0
QUAL	0	1296.0	10	7	3	1
QUAL	0	1296.6	1	1	0	0
QUAL	0	1297.0	8	6	2	0
QUAL	0	1297.6	5	2	3	1
QUAL	0	1298.0	8	6	2	0
QUAL	0	1299.0	8	5	3	0
QUAL	0	1300.0	13	11	2	1
QUAL	0	1300.6	4	3	1	0
QUAL	0	1301.0	8	5	3	0
QUAL	0	1301.6	4	2	2	1
QUAL	0	1302.0	7	6	1	0
QUAL	0	1302.6	5	1	4	1
QUAL	0	1303.0	8	5	3	0
QUAL	0	1303.6	3	3	0	0
QUAL	0	1304.0	10	4	6	0
QUAL	0	1305.0	5	4	1	0
QUAL	0	1305.1	1	1	0	0
QUAL	0	1305.6	2	2	0	0
QUAL	0	1306.0	11	6	5	3
QUAL	0	1306.6	2	1	1	0
QUAL	0	1307.0	11	9	2	0
QUAL	0	1307.6	2	2	0	0
QUAL	0	1308.0	4	4	0	0
QUAL	0	1308.6	1	0	1	0
QUAL	0	1309.0	7	5	2	0
QUAL	0	1309.6	2	1	1	0
QUAL	0	1310.0	10	7	3	1
QUAL	0	1311.0	9	3	6	1
QUAL	0	1311.6	3	2	1	0
QUAL	0	1312.0	6	5	1	0
QUAL	0	1312.6	4	4	0	0
QUAL	0	1313.0	12	11	1	3
QUAL	0	1313.6	4	2	2	0
QUAL	0	1314.0	10	9	1	0
QUAL	0	1314.6	2	1	1	2
QUAL	0	1315.0	7	5	2	0
QUAL	0	1315.6	4	2	2	0
QUAL	0	1316.0	9	8	1	3
QUAL	0	1316.6	1	1	0	0
QUAL	0	1317.0	11	8	3	0
QUAL	0	1317.6	1	0	1	0
QUAL	0	1318.0	14	8	6	2
QUAL	0	1318.6	3	1	2	1
QUAL	0	1319.0	8	4	4	2
QUAL	0	1319.6	3	2	1	0
QUAL	0	1320.0	12	8	4	0
QUAL	0	1320.6	4	3	1	1
QUAL	0	1321.0	10	8	2	0
QUAL	0	1321.6	1	1	0	0
QUAL	0	1322.0	11	7	4	0
QUAL	0	1322.6	2	1	1	0
QUAL	0	1323.0	4	3	1	2
QUAL	0	1323.6	5	3	2	0
QUAL	0	1324.0	8	7	1	2
QUAL	0	1324.6	3	3	0	0
QUAL	0	1325.0	12	9	3	0
QUAL	0	1325.6	1	1	0	1
QUAL	0	1326.0	8	7	1	1
QUAL	0	1326.6	2	1	1	0
QUAL	0	1327.0	12	9	3	1
QUAL	0	1327.6	2	2	0	0
QUAL	0	1328.0	8	6	2	1
QUAL	0	1328.6	4	3	1	0
QUAL	0	1329.0	14	12	2	1
QUAL	0	1329.6	3	2	1	0
QUAL	0	1330.0	5	4	1	2
QUAL	0	1330.6	4	3	1	0
QUAL	0	1331.0	12	9	3	1
QUAL	0	1331.6	2	1	1	0
QUAL	0	1332.0	3	3	0	0
QUAL	0	1333.0	11	9	2	1
QUAL	0	1333.6	4	2	2	0
QUAL	0	1334.0	9	7	2	0
QUAL	0	1334.6	2	1	1	0
QUAL	0	1335.0	5	4	1	0
QUAL	0	1335.6	2	1	1	0
QUAL	0	1336.0	16	9	7	5
QUAL	0	1336.6	2	1	1	0
QUAL	0	1337.0	10	7	3	0
QUAL	0	1337.6	2	1	1	0
QUAL	0	1338.0	10	9	1	1
QUAL	0	1338.6	3	0	3	0
QUAL	0	1339.0	8	7	1	1
QUAL	0	1339.6	1	1	0	1
QUAL	0	1340.0	10	7	3	2
QUAL	0	1340.6	1	0	1	1
QUAL	0	1341.0	1	1	0	1
QUAL	0	1341.6	4	3	1	0
QUAL	0	1342.0	10	8	2	0
QUAL	0	1342.1	1	0	1	0
QUAL	0	1342.6	4	3	1	0
QUAL	0	1343.0	10	5	5	0
QUAL	0	1343.6	0	0	0	1
QUAL	0	1344.0	8	4	4	0
QUAL	0	1344.6	2	2	0	0
QUAL	0	1345.0	4	2	2	2
QUAL	0	1345.6	4	1	3	0
QUAL	0	1346.0	4	4	0	1
QUAL	0	1346.6	1	1	0	1
QUAL	0	1347.0	9	6	3	1
QUAL	0	1347.6	4	4	0	0
QUAL	0	1348.0	6	4	2	1
QUAL	0	1349.0	7	4	3	1
QUAL	0	1349.6	4	3	1	0
QUAL	0	1350.0	13	10	3	1
QUAL	0	1350.6	9	6	3	1
QUAL	0	1351.0	4	3	1	0
QUAL	0	1351.6	3	3	0	0
QUAL	0	1352.0	12	6	6	1
QUAL	0	1352.6	5	3	2	0
QUAL	0	1353.0	8	6	2	0
QUAL	0	1353.6	0	0	0	2
QUAL	0	1354.0	3	3	0	0
QUAL	0	1354.6	2	2	0	0
QUAL	0	1355.0	12	8	4	0
QUAL	0	1355.6	1	1	0	0
QUAL	0	1356.0	8	6	2	0
QUAL	0	1356.6	6	5	1	2
QUAL	0	1357.0	12	8	4	0
QUAL	0	1358.0	11	10	1	3
QUAL	0	1358.6	1	1	0	0
QUAL	0	1359.0	10	6	4	3
QUAL	0	1359.1	1	1	0	0
QUAL	0	1359.6	1	1	0	1
QUAL	0	1360.0	12	9	3	1
QUAL	0	1360.6	1	1	0	1
QUAL	0	1361.0	8	6	2	0
QUAL	0	1361.5	1	1	0	0
QUAL	0	1361.6	1	1	0	0
QUAL	0	1362.0	6	4	2	0
QUAL	0	1362.6	3	3	0	0
QUAL	0	1363.0	9	3	6	1
QUAL	0	1363.6	1	1	0	0
QUAL	0	1364.0	7	4	3	0
QUAL	0	1364.6	4	2	2	0
QUAL	0	1365.0	10	4	6	0
QUAL	0	1365.6	6	3	3	0
QUAL	0	1366.0	7	4	3	0
QUAL	0	1366.6	3	3	0	0
QUAL	0	1367.0	8	5	3	0
QUAL	0	1367.6	1	1	0	0
QUAL	0	1368.0	12	9	3	1
QUAL	0	1368.6	2	1	1	1
QUAL	0	1369.0	2	2	0	1
QUAL	0	1369.6	3	3	0	0
QUAL	0	1370.0	6	6	0	0
QUAL	0	1370.6	2	1	1	0
QUAL	0	1371.0	9	7	2	1
QUAL	0	1371.6	3	3	0	0
QUAL	0	1372.0	7	4	3	2
QUAL	0	1372.6	2	2	0	0
QUAL	0	1373.0	4	2	2	3
QUAL	0	1373.6	1	1	0	0
QUAL	0	1374.0	6	2	4	1
QUAL	0	1374.6	2	1	1	0
QUAL	0	1375.0	12	8	4	0
QUAL	0	1375.6	4	4	0	0
QUAL	0	1376.0	6	5	1	0
QUAL	0	1376.6	2	2	0	1
QUAL	0	1377.0	7	6	1	1
QUAL	0	1377.6	1	0	1	1
QUAL	0	1378.0	6	6	0	0
QUAL	0	1378.6	3	2	1	0
QUAL	0	1379.0	8	6	2	1
QUAL	0	1379.6	2	1	1	1
QUAL	0	1380.0	5	2	3	0
QUAL	0	1380.6	3	1	2	0
QUAL	0	1381.0	4	2	2	2
QUAL	0	1381.6	2	2	0	1
QUAL	0	1382.0	5	2	3	0
QUAL	0	1382.6	3	3	0	0
QUAL	0	1383.0	11	7	4	1
QUAL	0	1383.6	2	2	0	2
QUAL	0	1384.0	6	6	0	0
QUAL	0	1384.6	1	1	0	0
QUAL	0	1385.0	7	4	3	1
QUAL	0	1386.0	6	4	2	0
QUAL	0	1386.6	1	0	1	0
QUAL	0	1387.0	8	8	0	0
QUAL	0	1387.6	3	2	1	1
QUAL	0	1388.0	6	2	4	1
QUAL	0	1388.6	3	2	1	0
QUAL	0	1389.0	11	9	2	1
QUAL	0	1389.6	2	2	0	1
QUAL	0	1390.0	1	1	0	0
QUAL	0	1390.6	2	2	0	0
QUAL	0	1391.0	8	5	3	2
QUAL	0	1391.6	2	2	0	0
QUAL	0	1392.0	3	3	0	0
QUAL	0	1392.6	2	1	1	0
QUAL	0	1393.0	4	2	2	0
QUAL	0	1393.6	1	1	0	1
QUAL	0	1394.0	9	4	5	0
QUAL	0	1394.6	1	0	1	0
QUAL	0	1395.0	7	6	1	1
QUAL	0	1395.6	3	1	2	0
QUAL	0	1396.0	5	4	1	0
QUAL	0	1396.6	0	0	0	2
QUAL	0	1397.0	10	8	2	0
QUAL	0	1397.6	6	4	2	2
QUAL	0	1398.0	6	4	2	1
QUAL	0	1398.6	3	2	1	1
QUAL	0	1399.0	7	3	4	1
QUAL	0	1399.6	2	1	1	0
QUAL	0	1400.0	8	4	4	0
QUAL	0	1400.6	1	0	1	0
QUAL	0	1401.0	7	6	1	0
QUAL	0	1401.6	4	4	0	0
QUAL	0	1402.0	7	6	1	0
QUAL	0	1402.3	1	0	1	0
QUAL	0	1402.6	4	2	2	0
QUAL	0	1403.0	7	3	4	0
QUAL	0	1403.6	2	2	0	0
QUAL	0	1404.0	8	4	4	1
QUAL	0	1404.6	2	0	2	2
QUAL	0	1405.0	4	4	0	0
QUAL	0	1405.3	1	1	0	0
QUAL	0	1405.6	1	1	0	0
QUAL	0	1406.0	10	6	4	3
QUAL	0	1406.6	6	3	3	0
QUAL	0	1407.0	1	1	0	0
QUAL	0	1407.6	3	2	1	1
QUAL	0	1408.0	11	6	5	1
QUAL	0	1408.6	1	1	0	3
QUAL	0	1409.0	3	2	1	0
QUAL	0	1409.6	4	2	2	0
QUAL	0	1410.0	6	5	1	0
QUAL	0	1410.6	3	1	2	0
QUAL	0	1411.0	8	5	3	0
QUAL	0	1411.6	2	2	0	0
QUAL	0	1412.0	6	5	1	0
QUAL	0	1412.6	2	1	1	0
QUAL	0	1413.0	3	3	0	2
QUAL	0	1413.6	2	1	1	1
QUAL	0	1414.0	9	8	1	1
QUAL	0	1414.6	2	1	1	1
QUAL	0	1415.0	4	3	1	1
QUAL	0	1415.6	2	2	0	1
QUAL	0	1416.0	6	5	1	1
QUAL	0	1416.6	4	2	2	0
QUAL	0	1417.0	11	10	1	0
QUAL	0	1417.6	3	3	0	0
QUAL	0	1418.0	5	4	1	0
QUAL	0	1418.6	1	1	0	1
QUAL	0	1419.0	9	5	4	1
QUAL	0	1419.6	3	2	1	1
QUAL	0	1420.0	6	4	2	0
QUAL	0	1420.6	4	3	1	0
QUAL	0	1421.0	7	6	1	1
QUAL	0	1422.0	7	1	6	1
QUAL	0	1422.6	1	1	0	0
QUAL	0	1423.0	11	5	6	0
QUAL	0	1423.6	1	0	1	0
QUAL	0	1424.0	5	5	0	2
QUAL	0	1424.6	1	1	0	0
QUAL	0	1425.0	3	0	3	0
QUAL	0	1425.6	2	2	0	0
QUAL	0	1426.0	22	14	8	4
QUAL	0	1426.6	4	4	0	0
QUAL	0	1427.0	6	5	1	0
QUAL	0	1427.6	2	1	1	0
QUAL	0	1428.0	8	5	3	0
QUAL	0	1429.0	5	3	2	0
QUAL	0	1429.6	3	3	0	0
QUAL	0	1430.0	7	5	2	0
QUAL	0	1430.6	5	1	4	1
QUAL	0	1431.0	6	6	0	1
QUAL	0	1431.6	4	3	1	0
QUAL	0	1432.0	6	5	1	2
QUAL	0	1432.6	1	1	0	0
QUAL	0	1433.0	8	7	1	0
QUAL	0	1433.6	3	2	1	0
QUAL	0	1434.0	3	3	0	1
QUAL	0	1434.6	2	0	2	0
QUAL	0	1435.0	4	1	3	0
QUAL	0	1435.6	4	3	1	0
QUAL	0	1436.0	10	9	1	0
QUAL	0	1436.6	1	0	1	0
QUAL	0	1437.0	7	4	3	0
QUAL	0	1437.6	2	2	0	0
QUAL	0	1438.0	6	4	2	2
QUAL	0	1438.6	2	2	0	0
QUAL	0	1439.0	6	4	2	1
QUAL	0	1439.6	3	3	0	0
QUAL	0	1440.0	11	9	2	1
QUAL	0	1440.6	5	3	2	0
QUAL	0	1441.0	7	5	2	0
QUAL	0	1441.6	2	1	1	1
QUAL	0	1442.0	5	4	1	1
QUAL	0	1442.6	3	3	0	0
QUAL	0	1443.0	6	5	1	1
QUAL	0	1443.6	2	2	0	0
QUAL	0	1444.0	8	7	1	0
QUAL	0	1444.6	2	1	1	0
QUAL	0	1445.0	7	5	2	0
QUAL	0	1445.6	2	2	0	0
QUAL	0	1446.0	11	7	4	0
QUAL	0	1446.6	3	3	0	0
QUAL	0	1447.0	10	8	2	1
QUAL	0	1447.6	1	1	0	2
QUAL	0	1448.0	7	4	3	0
QUAL	0	1449.0	4	4	0	0
QUAL	0	1449.6	4	3	1	1
QUAL	0	1450.0	7	6	1	0
QUAL	0	1451.0	7	4	3	0
QUAL	0	1451.1	1	1	0	0
QUAL	0	1451.6	2	2	0	0
QUAL	0	1452.0	3	1	2	1
QUAL	0	1453.0	4	4	0	1
QUAL	0	1453.6	1	1	0	0
QUAL	0	1454.0	5	4	1	2
QUAL	0	1455.0	3	3	0	0
QUAL	0	1455.6	3	2	1	1
QUAL	0	1456.0	3	2	1	0
QUAL	0	1456.6	4	3	1	1
QUAL	0	1457.0	8	5	3	3
QUAL	0	1457.5	1	1	0	0
QUAL	0	1457.6	3	2	1	0
QUAL	0	1458.0	2	1	1	2
QUAL	0	1458.6	1	1	0	1
QUAL	0	1459.0	5	4	1	0
QUAL	0	1459.6	1	1	0	0
QUAL	0	1460.0	6	1	5	0
QUAL	0	1460.6	1	0	1	1
QUAL	0	1461.0	9	7	2	0
QUAL	0	1461.6	2	2	0	1
QUAL	0	1462.0	8	7	1	1
QUAL	0	1462.6	5	2	3	0
QUAL	0	1463.0	10	7	3	1
QUAL	0	1463.6	3	0	3	0
QUAL	0	1464.0	8	8	0	2
QUAL	0	1464.6	2	1	1	0
QUAL	0	1465.0	6	6	0	0
QUAL	0	1465.6	2	0	2	1
QUAL	0	1466.0	8	6	2	0
QUAL	0	1467.0	5	2	3	2
QUAL	0	1467.6	1	0	1	0
QUAL	0	1468.0	3	2	1	1
QUAL	0	1468.6	3	2	1	0
QUAL	0	1469.0	5	5	0	0
QUAL	0	1469.6	2	1	1	0
QUAL	0	1470.0	14	12	2	0
QUAL	0	1470.6	3	3	0	0
QUAL	0	1471.0	5	4	1	1
QUAL	0	1471.6	0	0	0	1
QUAL	0	1472.0	6	4	2	0
QUAL	0	1472.6	2	2	0	0
QUAL	0	1473.0	6	3	3	0
QUAL	0	1473.6	1	1	0	0
QUAL	0	1474.0	6	5	1	0
QUAL	0	1474.6	2	1	1	0
QUAL	0	1475.0	6	5	1	0
QUAL	0	1475.6	2	2	0	0
QUAL	0	1476.0	4	2	2	0
QUAL	0	1476.6	3	2	1	0
QUAL	0	1477.0	8	7	1	0
QUAL	0	1477.6	1	1	0	0
QUAL	0	1478.0	4	2	2	1
QUAL	0	1478.6	1	0	1	0
QUAL	0	1479.0	6	3	3	0
QUAL	0	1479.6	1	1	0	1
QUAL	0	1480.0	6	4	2	0
QUAL	0	1480.6	1	0	1	0
QUAL	0	1481.0	10	7	3	0
QUAL	0	1481.6	2	1	1	0
QUAL	0	1482.0	3	1	2	2
QUAL	0	1482.6	5	3	2	0
QUAL	0	1483.0	5	4	1	0
QUAL	0	1483.6	3	3	0	0
QUAL	0	1484.0	3	3	0	2
QUAL	0	1484.6	2	2	0	0
QUAL	0	1485.0	5	4	1	1
QUAL	0	1485.6	2	2	0	0
QUAL	0	1486.0	5	3	2	0
QUAL	0	1487.0	12	11	1	0
QUAL	0	1487.6	3	1	2	0
QUAL	0	1488.0	5	3	2	0
QUAL	0	1488.6	1	1	0	1
QUAL	0	1489.0	8	7	1	0
QUAL	0	1489.6	4	3	1	1
QUAL	0	1490.0	9	5	4	0
QUAL	0	1490.6	2	2	0	0
QUAL	0	1491.0	7	4	3	0
QUAL	0	1492.0	3	3	0	0
QUAL	0	1492.1	1	0	1	0
QUAL	0	1492.6	2	1	1	0
QUAL	0	1493.0	8	5	3	0
QUAL	0	1493.6	3	2	1	0
QUAL	0	1494.0	4	3	1	0
QUAL	0	1494.6	1	1	0	0
QUAL	0	1495.0	10	7	3	0
QUAL	0	1495.6	4	3	1	0
QUAL	0	1496.0	8	6	2	1
QUAL	0	1496.6	2	0	2	1
QUAL	0	1497.0	9	7	2	0
QUAL	0	1497.6	2	1	1	0
QUAL	0	1498.0	6	2	4	0
QUAL	0	1498.6	3	3	0	0
QUAL	0	1499.0	7	2	5	0
QUAL	0	1499.6	5	2	3	0
QUAL	0	1500.0	4	2	2	0
QUAL	0	1500.6	1	0	1	0
QUAL	0	1501.0	5	3	2	2
QUAL	0	1501.6	2	2	0	1
QUAL	0	1502.0	3	2	1	0
QUAL	0	1502.6	2	2	0	0
QUAL	0	1503.0	9	8	1	0
QUAL	0	1504.0	3	3	0	0
QUAL	0	1504.6	3	0	3	0
QUAL	0	1505.0	9	4	5	0
QUAL	0	1505.6	2	1	1	0
QUAL	0	1506.0	8	6	2	1
QUAL	0	1506.6	1	0	1	0
QUAL	0	1507.0	10	10	0	0
QUAL	0	1507.6	3	3	0	1
QUAL	0	1508.0	2	0	2	0
QUAL	0	1509.0	3	3	0	1
QUAL	0	1509.6	1	0	1	0
QUAL	0	1510.0	4	4	0	1
QUAL	0	1510.6	1	0	1	0
QUAL	0	1511.0	4	2	2	1
QUAL	0	1511.6	2	0	2	0
QUAL	0	1512.0	7	4	3	1
QUAL	0	1512.6	2	2	0	0
QUAL	0	1513.0	6	6	0	0
QUAL	0	1513.6	0	0	0	1
QUAL	0	1514.0	5	4	1	0
QUAL	0	1515.0	9	5	4	0
QUAL	0	1515.6	3	1	2	0
QUAL	0	1516.0	11	9	2	6
QUAL	0	1516.6	4	4	0	0
QUAL	0	1517.0	9	8	1	1
QUAL	0	1517.6	1	1	0	0
QUAL	0	1518.0	4	3	1	3
QUAL	0	1518.6	4	4	0	0
QUAL	0	1519.0	7	5	2	1
QUAL	0	1519.6	3	1	2	0
QUAL	0	1520.0	4	2	2	2
QUAL	0	1521.0	4	1	3	0
QUAL	0	1521.6	2	1	1	0
QUAL	0	1522.0	6	4	2	0
QUAL	0	1523.0	7	7	0	0
QUAL	0	1523.6	2	1	1	0
QUAL	0	1524.0	4	1	3	0
QUAL	0	1524.6	3	3	0	0
QUAL	0	1525.0	11	7	4	1
QUAL	0	1525.6	2	2	0	0
QUAL	0	1526.0	11	8	3	1
QUAL	0	1526.9	1	1	0	0
QUAL	0	1527.0	5	3	2	0
QUAL	0	1527.6	2	2	0	0
QUAL	0	1528.0	4	2	2	0
QUAL	0	1528.6	2	1	1	0
QUAL	0	1529.0	3	3	0	0
QUAL	0	1529.6	3	3	0	0
QUAL	0	1530.0	3	2	1	0
QUAL	0	1530.6	1	1	0	1
QUAL	0	1531.0	0	0	0	1
QUAL	0	1532.0	2	2	0	1
QUAL	0	1533.0	6	6	0	0
QUAL	0	1533.6	0	0	0	1
QUAL	0	1534.0	5	4	1	0
QUAL	0	1534.6	1	1	0	0
QUAL	0	1535.0	8	4	4	0
QUAL	0	1535.6	2	2	0	0
QUAL	0	1536.0	4	2	2	0
QUAL	0	1536.6	2	0	2	0
QUAL	0	1537.0	6	4	2	0
QUAL	0	1537.6	1	0	1	0
QUAL	0	1538.0	5	4	1	0
QUAL	0	1538.6	3	3	0	0
QUAL	0	1539.0	5	3	2	0
QUAL	0	1539.6	1	0	1	0
QUAL	0	1540.0	5	4	1	0
QUAL	0	1541.0	5	1	4	1
QUAL	0	1541.6	3	2	1	1
QUAL	0	1542.0	7	4	3	1
QUAL	0	1542.6	2	0	2	1
QUAL	0	1543.0	8	7	1	0
QUAL	0	1543.6	3	2	1	0
QUAL	0	1544.0	6	4	2	1
QUAL	0	1544.6	1	1	0	0
QUAL	0	1545.0	7	7	0	0
QUAL	0	1545.6	2	1	1	1
QUAL	0	1546.0	3	3	0	0
QUAL	0	1547.0	3	2	1	0
QUAL	0	1547.6	5	2	3	1
QUAL	0	1548.0	5	3	2	0
QUAL	0	1548.6	1	0	1	1
QUAL	0	1549.0	3	3	0	0
QUAL	0	1549.6	1	1	0	0
QUAL	0	1550.0	8	4	4	0
QUAL	0	1550.6	1	1	0	0
QUAL	0	1551.0	5	4	1	0
QUAL	0	1551.6	3	2	1	0
QUAL	0	1552.0	8	5	3	0
QUAL	0	1552.6	1	1	0	0
QUAL	0	1553.0	6	5	1	1
QUAL	0	1553.6	2	2	0	0
QUAL	0	1554.0	7	6	1	0
QUAL	0	1554.6	1	1	0	0
QUAL	0	1555.0	4	4	0	0
QUAL	0	1555.6	0	0	0	1
QUAL	0	1556.0	11	6	5	0
QUAL	0	1556.6	1	1	0	0
QUAL	0	1557.0	9	6	3	1
QUAL	0	1558.0	7	6	1	0
QUAL	0	1558.4	0	0	0	1
QUAL	0	1558.6	1	0	1	0
QUAL	0	1559.0	7	4	3	1
QUAL	0	1559.6	2	2	0	1
QUAL	0	1560.0	7	6	1	1
QUAL	0	1560.6	1	1	0	0
QUAL	0	1561.0	16	13	3	3
QUAL	0	1562.0	9	8	1	0
QUAL	0	1563.0	5	2	3	1
QUAL	0	1563.6	2	1	1	0
QUAL	0	1564.0	6	4	2	0
QUAL	0	1564.6	1	1	0	0
QUAL	0	1565.0	3	2	1	0
QUAL	0	1566.0	11	8	3	0
QUAL	0	1566.6	3	3	0	0
QUAL	0	1567.0	7	5	2	0
QUAL	0	1567.6	1	0	1	0
QUAL	0	1568.0	4	1	3	0
QUAL	0	1568.6	2	1	1	0
QUAL	0	1569.0	3	2	1	0
QUAL	0	1569.6	1	0	1	0
QUAL	0	1570.0	8	7	1	0
QUAL	0	1570.6	4	2	2	0
QUAL	0	1571.0	4	2	2	0
QUAL	0	1572.0	8	4	4	1
QUAL	0	1572.6	1	0	1	0
QUAL	0	1573.0	4	3	1	0
QUAL	0	1574.0	10	9	1	0
QUAL	0	1574.6	2	2	0	0
QUAL	0	1575.0	2	2	0	1
QUAL	0	1576.0	4	3	1	2
QUAL	0	1576.6	2	1	1	0
QUAL	0	1577.0	1	1	0	0
QUAL	0	1577.6	4	3	1	0
QUAL	0	1578.0	3	3	0	1
QUAL	0	1578.6	4	2	2	1
QUAL	0	1579.0	4	2	2	2
QUAL	0	1580.0	9	7	2	0
QUAL	0	1580.6	3	1	2	0
QUAL	0	1581.0	4	2	2	0
QUAL	0	1581.6	2	1	1	0
QUAL	0	1582.0	4	2	2	0
QUAL	0	1582.6	1	1	0	0
QUAL	0	1583.0	5	3	2	0
QUAL	0	1584.0	7	4	3	1
QUAL	0	1584.6	1	0	1	0
QUAL	0	1585.0	4	4	0	0
QUAL	0	1585.6	2	0	2	1
QUAL	0	1586.0	6	5	1	0
QUAL	0	1586.6	3	2	1	0
QUAL	0	1587.0	5	3	2	1
QUAL	0	1587.6	1	1	0	0
QUAL	0	1588.0	4	3	1	0
QUAL	0	1588.6	1	0	1	0
QUAL	0	1589.0	4	1	3	0
QUAL	0	1589.6	2	1	1	0
QUAL	0	1590.0	8	5	3	0
QUAL	0	1590.6	3	3	0	0
QUAL	0	1591.0	6	4	2	1
QUAL	0	1591.6	3	3	0	0
QUAL	0	1592.0	4	4	0	1
QUAL	0	1593.0	7	5	2	1
QUAL	0	1593.6	1	1	0	0
QUAL	0	1594.0	5	4	1	0
QUAL	0	1594.6	5	3	2	0
QUAL	0	1595.0	3	3	0	0
QUAL	0	1595.6	2	1	1	0
QUAL	0	1596.0	3	3	0	0
QUAL	0	1596.6	3	3	0	0
QUAL	0	1597.0	4	2	2	1
QUAL	0	1597.6	1	1	0	0
QUAL	0	1598.0	5	4	1	0
QUAL	0	1598.6	1	1	0	0
QUAL	0	1599.0	5	2	3	0
QUAL	0	1599.6	1	1	0	0
QUAL	0	1600.0	7	4	3	1
QUAL	0	1600.6	3	1	2	1
QUAL	0	1601.0	5	4	1	0
QUAL	0	1601.6	3	2	1	0
QUAL	0	1602.0	4	3	1	1
QUAL	0	1602.6	1	1	0	0
QUAL	0	1603.0	2	1	1	0
QUAL	0	1603.6	2	1	1	1
QUAL	0	1604.0	7	6	1	0
QUAL	0	1604.6	3	2	1	0
QUAL	0	1605.0	6	5	1	0
QUAL	0	1605.6	1	1	0	0
QUAL	0	1606.0	16	11	5	2
QUAL	0	1606.1	1	0	1	0
QUAL	0	1606.6	1	1	0	0
QUAL	0	1607.0	5	4	1	1
QUAL	0	1608.0	5	3	2	0
QUAL	0	1608.6	2	1	1	0
QUAL	0	1609.0	10	8	2	0
QUAL	0	1610.0	4	2	2	0
QUAL	0	1610.6	1	0	1	0
QUAL	0	1611.0	4	2	2	0
QUAL	0	1611.6	2	1	1	0
QUAL	0	1612.0	10	8	2	1
QUAL	0	1612.6	3	2	1	0
QUAL	0	1613.0	11	8	3	0
QUAL	0	1613.6	2	2	0	0
QUAL	0	1614.0	8	5	3	0
QUAL	0	1614.6	1	1	0	0
QUAL	0	1615.0	4	3	1	3
QUAL	0	1616.0	9	5	4	1
QUAL	0	1616.6	1	1	0	0
QUAL	0	1617.0	4	4	0	0
QUAL	0	1617.6	4	1	3	0
QUAL	0	1618.0	5	4	1	0
QUAL	0	1618.6	2	1	1	0
QUAL	0	1619.0	5	3	2	0
QUAL	0	1619.6	1	1	0	0
QUAL	0	1620.0	6	4	2	0
QUAL	0	1620.6	0	0	0	1
QUAL	0	1621.0	6	3	3	1
QUAL	0	1621.6	2	1	1	0
QUAL	0	1622.0	7	5	2	0
QUAL	0	1622.6	3	1	2	0
QUAL	0	1623.0	7	5	2	0
QUAL	0	1624.0	5	3	2	0
QUAL	0	1625.0	5	2	3	1
QUAL	0	1625.6	3	3	0	0
QUAL	0	1626.0	7	4	3	0
QUAL	0	1626.6	1	0	1	0
QUAL	0	1627.0	7	5	2	0
QUAL	0	1627.6	3	3	0	0
QUAL	0	1628.0	4	1	3	0
QUAL	0	1628.6	0	0	0	1
QUAL	0	1629.0	5	2	3	0
QUAL	0	1629.6	1	1	0	0
QUAL	0	1630.0	4	2	2	0
QUAL	0	1630.6	4	4	0	0
QUAL	0	1631.0	3	3	0	0
QUAL	0	1631.6	3	2	1	0
QUAL	0	1632.0	8	6	2	0
QUAL	0	1632.6	1	0	1	0
QUAL	0	1633.0	6	5	1	1
QUAL	0	1634.0	5	2	3	0
QUAL	0	1634.6	1	1	0	0
QUAL	0	1635.0	5	5	0	0
QUAL	0	1635.6	3	3	0	0
QUAL	0	1636.0	6	2	4	0
QUAL	0	1636.6	1	1	0	0
QUAL	0	1637.0	8	5	3	1
QUAL	0	1638.0	5	5	0	0
QUAL	0	1638.6	3	2	1	0
QUAL	0	1639.0	5	5	0	1
QUAL	0	1639.6	1	1	0	0
QUAL	0	1640.0	7	5	2	0
QUAL	0	1640.6	3	2	1	0
QUAL	0	1641.0	8	3	5	0
QUAL	0	1642.0	1	1	0	1
QUAL	0	1642.6	2	2	0	0
QUAL	0	1643.0	4	3	1	1
QUAL	0	1644.0	6	6	0	0
QUAL	0	1645.0	9	4	5	0
QUAL	0	1646.0	3	2	1	0
QUAL	0	1647.0	5	2	3	2
QUAL	0	1648.0	3	1	2	0
QUAL	0	1648.6	5	4	1	0
QUAL	0	1649.0	2	2	0	0
QUAL	0	1649.6	1	1	0	0
QUAL	0	1650.0	3	3	0	1
QUAL	0	1651.0	8	3	5	2
QUAL	0	1651.6	1	1	0	0
QUAL	0	1652.0	4	4	0	1
QUAL	0	1653.0	1	1	0	1
QUAL	0	1653.6	1	1	0	0
QUAL	0	1654.0	7	6	1	0
QUAL	0	1655.0	7	6	1	0
QUAL	0	1655.6	1	0	1	0
QUAL	0	1655.7	1	1	0	0
QUAL	0	1655.9	0	0	0	1
QUAL	0	1656.0	6	6	0	0
QUAL	0	1656.6	2	1	1	0
QUAL	0	1657.0	3	1	2	0
QUAL	0	1657.6	1	0	1	0
QUAL	0	1658.0	8	6	2	0
QUAL	0	1658.6	2	1	1	0
QUAL	0	1659.0	2	1	1	0
QUAL	0	1659.6	1	0	1	0
QUAL	0	1660.0	4	4	0	0
QUAL	0	1660.6	1	1	0	0
QUAL	0	1661.0	7	5	2	0
QUAL	0	1661.6	2	1	1	0
QUAL	0	1662.0	3	2	1	0
QUAL	0	1662.6	3	2	1	0
QUAL	0	1663.0	9	6	3	2
QUAL	0	1664.0	5	4	1	1
QUAL	0	1664.6	2	1	1	0
QUAL	0	1665.0	2	2	0	0
QUAL	0	1665.6	1	1	0	0
QUAL	0	1666.0	7	6	1	0
QUAL	0	1666.6	1	0	1	0
QUAL	0	1667.0	5	5	0	0
QUAL	0	1667.6	1	1	0	0
QUAL	0	1668.0	8	6	2	1
QUAL	0	1668.6	4	2	2	0
QUAL	0	1669.0	6	4	2	1
QUAL	0	1669.6	1	0	1	0
QUAL	0	1670.0	4	3	1	0
QUAL	0	1670.6	2	1	1	0
QUAL	0	1671.0	3	1	2	1
QUAL	0	1671.6	3	3	0	0
QUAL	0	1672.0	3	1	2	1
QUAL	0	1673.0	4	2	2	0
QUAL	0	1674.0	6	5	1	0
QUAL	0	1674.6	1	1	0	1
QUAL	0	1675.0	1	0	1	1
QUAL	0	1676.0	3	1	2	0
QUAL	0	1676.6	2	0	2	1
QUAL	0	1677.0	1	1	0	0
QUAL	0	1678.0	9	5	4	0
QUAL	0	1678.6	2	1	1	0
QUAL	0	1679.0	2	2	0	0
QUAL	0	1679.6	1	1	0	0
QUAL	0	1680.0	6	5	1	0
QUAL	0	1680.6	2	1	1	1
QUAL	0	1681.0	4	4	0	1
QUAL	0	1681.6	2	2	0	0
QUAL	0	1682.0	3	2	1	0
QUAL	0	1682.6	3	2	1	0
QUAL	0	1683.0	7	4	3	1
QUAL	0	1683.2	0	0	0	1
QUAL	0	1684.0	6	3	3	0
QUAL	0	1685.0	6	5	1	2
QUAL	0	1685.6	2	1	1	1
QUAL	0	1686.0	6	6	0	1
QUAL	0	1686.6	2	0	2	0
QUAL	0	1687.0	7	5	2	2
QUAL	0	1687.6	1	1	0	0
QUAL	0	1688.0	3	2	1	0
QUAL	0	1688.6	1	1	0	0
QUAL	0	1689.0	4	2	2	0
QUAL	0	1690.0	7	5	2	0
QUAL	0	1690.6	2	2	0	0
QUAL	0	1691.0	3	2	1	0
QUAL	0	1691.6	2	1	1	0
QUAL	0	1692.0	6	3	3	0
QUAL	0	1693.0	1	0	1	0
QUAL	0	1693.6	1	1	0	0
QUAL	0	1694.0	5	3	2	0
QUAL	0	1694.6	2	1	1	0
QUAL	0	1695.0	5	4	1	0
QUAL	0	1695.6	1	1	0	0
QUAL	0	1696.0	4	4	0	6
QUAL	0	1696.6	1	1	0	1
QUAL	0	1697.0	4	2	2	1
QUAL	0	1697.6	3	1	2	0
QUAL	0	1698.0	4	3	1	1
QUAL	0	1699.0	3	3	0	0
QUAL	0	1699.6	1	1	0	0
QUAL	0	1700.0	6	5	1	1
QUAL	0	1701.0	5	3	2	0
QUAL	0	1701.6	1	0	1	1
QUAL	0	1702.0	2	2	0	1
QUAL	0	1703.0	4	2	2	0
QUAL	0	1704.0	5	4	1	0
QUAL	0	1704.6	1	1	0	0
QUAL	0	1705.0	3	3	0	1
QUAL	0	1706.0	5	3	2	1
QUAL	0	1706.6	2	1	1	1
QUAL	0	1707.0	5	3	2	1
QUAL	0	1707.6	3	2	1	1
QUAL	0	1708.0	7	5	2	0
QUAL	0	1708.6	2	1	1	0
QUAL	0	1709.0	5	4	1	0
QUAL	0	1710.0	6	4	2	0
QUAL	0	1711.0	5	4	1	0
QUAL	0	1711.6	1	1	0	0
QUAL	0	1712.0	2	2	0	0
QUAL	0	1713.0	3	2	1	0
QUAL	0	1713.6	2	0	2	1
QUAL	0	1714.0	4	2	2	0
QUAL	0	1714.6	1	0	1	0
QUAL	0	1715.0	4	3	1	1
QUAL	0	1716.0	4	4	0	0
QUAL	0	1717.0	8	6	2	0
QUAL	0	1718.0	5	2	3	0
QUAL	0	1718.6	1	0	1	0
QUAL	0	1719.0	3	2	1	2
QUAL	0	1719.6	1	1	0	0
QUAL	0	1720.0	5	3	2	0
QUAL	0	1721.0	4	4	0	0
QUAL	0	1721.6	2	1	1	0
QUAL	0	1722.0	3	1	2	0
QUAL	0	1722.6	4	3	1	0
QUAL	0	1723.0	9	6	3	0
QUAL	0	1723.6	1	1	0	0
QUAL	0	1724.0	3	3	0	0
QUAL	0	1725.0	1	1	0	0
QUAL	0	1725.6	1	1	0	0
QUAL	0	1726.0	4	2	2	0
QUAL	0	1727.0	3	3	0	1
QUAL	0	1728.0	4	3	1	0
QUAL	0	1728.6	4	4	0	0
QUAL	0	1729.0	4	4	0	1
QUAL	0	1729.6	1	0	1	0
QUAL	0	1730.0	4	4	0	0
QUAL	0	1730.6	2	1	1	0
QUAL	0	1731.0	6	4	2	0
QUAL	0	1731.6	3	3	0	0
QUAL	0	1732.0	3	1	2	0
QUAL	0	1733.0	4	3	1	1
QUAL	0	1733.6	1	0	1	0
QUAL	0	1734.0	2	0	2	0
QUAL	0	1734.6	1	1	0	0
QUAL	0	1735.0	4	3	1	1
QUAL	0	1735.6	1	1	0	0
QUAL	0	1736.0	1	1	0	0
QUAL	0	1736.6	3	2	1	0
QUAL	0	1737.0	5	5	0	1
QUAL	0	1737.6	1	1	0	1
QUAL	0	1738.0	5	5	0	0
QUAL	0	1738.6	2	2	0	0
QUAL	0	1739.0	3	2	1	1
QUAL	0	1739.6	2	2	0	0
QUAL	0	1740.0	5	2	3	0
QUAL	0	1740.6	2	2	0	0
QUAL	0	1741.0	6	5	1	1
QUAL	0	1741.6	3	1	2	0
QUAL	0	1742.0	4	1	3	0
QUAL	0	1742.6	4	3	1	0
QUAL	0	1743.0	7	4	3	1
QUAL	0	1743.6	0	0	0	1
QUAL	0	1744.0	9	6	3	0
QUAL	0	1745.0	6	3	3	0
QUAL	0	1745.6	1	0	1	0
QUAL	0	1746.0	4	2	2	1
QUAL	0	1747.0	4	2	2	1
QUAL	0	1748.0	7	6	1	1
QUAL	0	1749.6	1	1	0	0
QUAL	0	1750.0	5	3	2	1
QUAL	0	1751.0	9	6	3	0
QUAL	0	1752.0	6	5	1	0
QUAL	0	1753.0	5	2	3	0
QUAL	0	1753.6	3	1	2	0
QUAL	0	1754.0	3	3	0	0
QUAL	0	1755.0	4	3	1	0
QUAL	0	1756.0	6	4	2	1
QUAL	0	1756.6	3	3	0	0
QUAL	0	1757.0	5	4	1	0
QUAL	0	1757.6	1	1	0	0
QUAL	0	1758.0	3	3	0	0
QUAL	0	1758.6	3	0	3	0
QUAL	0	1759.0	3	3	0	0
QUAL	0	1760.0	4	1	3	0
QUAL	0	1760.6	2	1	1	0
QUAL	0	1761.0	6	3	3	1
QUAL	0	1761.6	1	0	1	0
QUAL	0	1762.0	4	2	2	1
QUAL	0	1763.0	9	4	5	0
QUAL	0	1764.0	3	2	1	0
QUAL	0	1764.6	1	0	1	0
QUAL	0	1765.0	6	3	3	0
QUAL	0	1765.6	2	0	2	0
QUAL	0	1766.0	7	6	1	3
QUAL	0	1766.6	1	1	0	0
QUAL	0	1767.0	4	2	2	0
QUAL	0	1767.6	1	1	0	0
QUAL	0	1768.0	3	2	1	1
QUAL	0	1768.6	1	1	0	0
QUAL	0	1769.0	3	1	2	1
QUAL	0	1770.0	3	3	0	0
QUAL	0	1770.6	1	0	1	0
QUAL	0	1771.0	6	2	4	0
QUAL	0	1771.6	2	0	2	0
QUAL	0	1772.0	4	3	1	0
QUAL	0	1772.6	2	1	1	0
QUAL	0	1773.0	2	2	0	1
QUAL	0	1774.0	3	2	1	1
QUAL	0	1774.6	1	1	0	0
QUAL	0	1775.0	7	5	2	1
QUAL	0	1775.6	1	1	0	0
QUAL	0	1776.0	5	4	1	0
QUAL	0	1776.6	2	2	0	0
QUAL	0	1777.0	6	5	1	0
QUAL	0	1777.6	1	1	0	0
QUAL	0	1778.0	5	3	2	1
QUAL	0	1778.6	3	1	2	0
QUAL	0	1779.0	4	2	2	0
QUAL	0	1780.0	2	1	1	0
QUAL	0	1780.6	1	1	0	0
QUAL	0	1781.0	3	3	0	0
QUAL	0	1781.6	0	0	0	1
QUAL	0	1782.0	3	3	0	0
QUAL	0	1782.6	1	0	1	0
QUAL	0	1783.0	3	2	1	0
QUAL	0	1783.6	1	0	1	0
QUAL	0	1784.0	4	2	2	0
QUAL	0	1785.0	4	4	0	0
QUAL	0	1785.6	1	1	0	0
QUAL	0	1786.0	6	5	1	6
QUAL	0	1786.6	2	2	0	0
QUAL	0	1787.0	3	1	2	0
QUAL	0	1787.6	1	0	1	0
QUAL	0	1788.0	3	0	3	1
QUAL	0	1789.0	7	4	3	0
QUAL	0	1789.6	3	2	1	0
QUAL	0	1790.0	3	2	1	0
QUAL	0	1790.6	1	1	0	0
QUAL	0	1791.0	8	7	1	0
QUAL	0	1792.0	3	3	0	0
QUAL	0	1792.6	3	2	1	0
QUAL	0	1793.0	3	2	1	1
QUAL	0	1793.6	1	0	1	0
QUAL	0	1794.0	4	2	2	1
QUAL	0	1795.0	6	6	0	0
QUAL	0	1795.6	1	0	1	0
QUAL	0	1796.0	6	6	0	0
QUAL	0	1797.0	4	2	2	0
QUAL	0	1797.6	1	1	0	0
QUAL	0	1798.0	2	1	1	0
QUAL	0	1798.6	1	1	0	0
QUAL	0	1799.0	2	2	0	0
QUAL	0	1799.6	1	1	0	0
QUAL	0	1800.0	4	3	1	0
QUAL	0	1801.0	4	3	1	0
QUAL	0	1802.0	3	1	2	0
QUAL	0	1803.0	4	3	1	1
QUAL	0	1803.6	1	1	0	0
QUAL	0	1804.0	5	5	0	0
QUAL	0	1804.6	2	1	1	0
QUAL	0	1805.0	5	2	3	0
QUAL	0	1805.6	0	0	0	1
QUAL	0	1806.0	2	0	2	1
QUAL	0	1806.6	0	0	0	1
QUAL	0	1807.0	8	5	3	0
QUAL	0	1807.6	1	1	0	0
QUAL	0	1808.0	5	2	3	1
QUAL	0	1808.6	1	1	0	0
QUAL	0	1809.0	1	1	0	0
QUAL	0	1810.0	3	2	1	0
QUAL	0	1811.0	1	0	1	0
QUAL	0	1812.0	5	4	1	0
QUAL	0	1813.0	3	1	2	1
QUAL	0	1813.6	1	1	0	0
QUAL	0	1814.0	6	4	2	1
QUAL	0	1814.6	1	1	0	0
QUAL	0	1815.0	1	1	0	1
QUAL	0	1815.6	2	1	1	0
QUAL	0	1816.0	3	2	1	1
QUAL	0	1817.0	3	2	1	0
QUAL	0	1817.6	2	2	0	0
QUAL	0	1818.0	1	0	1	1
QUAL	0	1819.0	1	1	0	0
QUAL	0	1820.0	7	5	2	1
QUAL	0	1820.6	1	1	0	0
QUAL	0	1821.0	4	3	1	0
QUAL	0	1822.0	2	1	1	2
QUAL	0	1822.6	2	1	1	1
QUAL	0	1823.0	1	1	0	0
QUAL	0	1823.6	2	1	1	0
QUAL	0	1824.0	3	1	2	1
QUAL	0	1824.6	2	2	0	0
QUAL	0	1825.0	2	2	0	0
QUAL	0	1826.0	3	3	0	0
QUAL	0	1827.0	4	3	1	1
QUAL	0	1827.6	0	0	0	1
QUAL	0	1828.0	1	1	0	0
QUAL	0	1828.6	1	1	0	0
QUAL	0	1829.0	3	1	2	0
QUAL	0	1829.6	1	1	0	0
QUAL	0	1830.0	3	1	2	1
QUAL	0	1830.6	1	0	1	0
QUAL	0	1831.0	6	5	1	1
QUAL	0	1831.6	0	0	0	1
QUAL	0	1832.0	4	3	1	1
QUAL	0	1832.6	1	1	0	0
QUAL	0	1833.0	1	1	0	0
QUAL	0	1833.6	1	0	1	0
QUAL	0	1834.0	3	1	2	0
QUAL	0	1835.0	4	3	1	0
QUAL	0	1836.0	3	2	1	0
QUAL	0	1836.6	1	1	0	0
QUAL	0	1837.0	6	4	2	0
QUAL	0	1838.0	2	1	1	0
QUAL	0	1839.0	3	0	3	1
QUAL	0	1839.6	2	1	1	0
QUAL	0	1840.0	2	1	1	1
QUAL	0	1841.0	3	2	1	1
QUAL	0	1842.0	3	3	0	0
QUAL	0	1843.0	3	2	1	0
QUAL	0	1843.6	1	0	1	0
QUAL	0	1845.0	0	0	0	1
QUAL	0	1845.6	2	1	1	0
QUAL	0	1846.0	3	3	0	0
QUAL	0	1847.0	4	2	2	1
QUAL	0	1848.0	6	5	1	0
QUAL	0	1848.6	2	2	0	0
QUAL	0	1849.0	6	4	2	0
QUAL	0	1849.6	1	0	1	0
QUAL	0	1850.0	4	4	0	1
QUAL	0	1851.0	2	0	2	3
QUAL	0	1851.6	1	1	0	0
QUAL	0	1852.0	2	1	1	0
QUAL	0	1853.0	1	1	0	0
QUAL	0	1854.0	0	0	0	1
QUAL	0	1854.6	1	1	0	0
QUAL	0	1855.0	2	1	1	0
QUAL	0	1855.6	1	1	0	0
QUAL	0	1856.0	4	3	1	0
QUAL	0	1856.6	1	0	1	0
QUAL	0	1857.0	3	3	0	0
QUAL	0	1857.6	1	1	0	1
QUAL	0	1858.0	3	1	2	0
QUAL	0	1859.0	3	2	1	0
QUAL	0	1860.0	2	2	0	0
QUAL	0	1860.6	1	1	0	0
QUAL	0	1861.0	6	5	1	0
QUAL	0	1861.6	1	0	1	0
QUAL	0	1862.0	5	4	1	0
QUAL	0	1862.1	1	1	0	0
QUAL	0	1862.6	2	1	1	0
QUAL	0	1863.0	4	3	1	0
QUAL	0	1863.6	0	0	0	1
QUAL	0	1864.0	7	5	2	1
QUAL	0	1864.6	1	1	0	0
QUAL	0	1865.0	3	3	0	0
QUAL	0	1865.6	4	4	0	1
QUAL	0	1866.0	4	2	2	0
QUAL	0	1867.0	5	3	2	1
QUAL	0	1867.6	1	0	1	0
QUAL	0	1868.0	3	2	1	1
QUAL	0	1868.6	1	0	1	0
QUAL	0	1869.6	1	1	0	1
QUAL	0	1870.0	4	3	1	0
QUAL	0	1870.6	2	2	0	1
QUAL	0	1871.0	4	3	1	1
QUAL	0	1871.6	2	0	2	0
QUAL	0	1872.0	4	4	0	0
QUAL	0	1873.0	3	1	2	0
QUAL	0	1874.0	2	2	0	0
QUAL	0	1874.6	1	0	1	0
QUAL	0	1875.0	4	3	1	0
QUAL	0	1876.0	3	3	0	2
QUAL	0	1877.0	3	2	1	0
QUAL	0	1877.6	1	0	1	0
QUAL	0	1878.0	1	1	0	0
QUAL	0	1878.6	1	1	0	1
QUAL	0	1879.0	2	1	1	0
QUAL	0	1880.0	3	2	1	0
QUAL	0	1880.6	1	1	0	0
QUAL	0	1881.0	2	2	0	0
QUAL	0	1882.0	2	2	0	0
QUAL	0	1882.6	2	1	1	0
QUAL	0	1883.0	3	2	1	1
QUAL	0	1884.0	4	2	2	0
QUAL	0	1884.6	4	2	2	0
QUAL	0	1885.0	5	5	0	0
QUAL	0	1885.6	1	1	0	0
QUAL	0	1886.0	6	5	1	1
QUAL	0	1887.0	3	3	0	0
QUAL	0	1888.0	7	6	1	0
QUAL	0	1888.6	1	1	0	0
QUAL	0	1889.0	1	1	0	0
QUAL	0	1889.6	2	2	0	0
QUAL	0	1890.0	6	2	4	0
QUAL	0	1891.0	2	2	0	0
QUAL	0	1891.6	2	1	1	0
QUAL	0	1892.0	5	3	2	1
QUAL	0	1893.0	2	2	0	0
QUAL	0	1894.0	3	2	1	0
QUAL	0	1895.0	2	1	1	0
QUAL	0	1895.6	1	1	0	0
QUAL	0	1896.0	1	1	0	0
QUAL	0	1897.0	2	0	2	0
QUAL	0	1897.6	1	1	0	0
QUAL	0	1898.0	2	0	2	0
QUAL	0	1899.0	0	0	0	1
QUAL	0	1899.6	0	0	0	1
QUAL	0	1900.0	4	4	0	0
QUAL	0	1900.6	1	0	1	0
QUAL	0	1901.0	4	3	1	0
QUAL	0	1902.0	4	3	1	0
QUAL	0	1902.6	1	1	0	0
QUAL	0	1903.0	2	2	0	0
QUAL	0	1904.0	2	2	0	0
QUAL	0	1905.0	1	1	0	0
QUAL	0	1906.0	5	3	2	0
QUAL	0	1907.0	5	3	2	1
QUAL	0	1909.0	3	2	1	1
QUAL	0	1909.6	2	1	1	0
QUAL	0	1910.0	4	4	0	0
QUAL	0	1910.6	2	1	1	0
QUAL	0	1911.0	2	1	1	0
QUAL	0	1911.6	2	1	1	0
QUAL	0	1912.0	8	7	1	0
QUAL	0	1913.0	3	2	1	0
QUAL	0	1913.6	2	1	1	0
QUAL	0	1914.0	7	6	1	1
QUAL	0	1915.0	1	1	0	1
QUAL	0	1915.6	1	1	0	0
QUAL	0	1916.0	1	1	0	0
QUAL	0	1917.0	4	4	0	0
QUAL	0	1918.0	1	1	0	0
QUAL	0	1918.6	1	1	0	1
QUAL	0	1919.0	3	1	2	0
QUAL	0	1920.0	4	2	2	0
QUAL	0	1920.6	1	1	0	0
QUAL	0	1921.0	7	5	2	1
QUAL	0	1921.6	2	2	0	0
QUAL	0	1922.0	4	1	3	0
QUAL	0	1923.0	6	2	4	0
QUAL	0	1924.0	9	6	3	0
QUAL	0	1925.0	5	2	3	1
QUAL	0	1926.0	5	4	1	0
QUAL	0	1926.6	1	1	0	0
QUAL	0	1927.0	3	2	1	1
QUAL	0	1927.6	2	1	1	0
QUAL	0	1928.0	1	1	0	0
QUAL	0	1929.0	3	2	1	0
QUAL	0	1929.6	1	1	0	0
QUAL	0	1930.0	3	1	2	0
QUAL	0	1930.6	1	1	0	0
QUAL	0	1931.6	1	0	1	0
QUAL	0	1932.6	1	0	1	0
QUAL	0	1933.0	4	4	0	0
QUAL	0	1934.0	3	2	1	1
QUAL	0	1935.0	7	5	2	0
QUAL	0	1936.0	3	3	0	0
QUAL	0	1936.6	2	1	1	0
QUAL	0	1937.0	3	1	2	0
QUAL	0	1938.0	2	2	0	0
QUAL	0	1939.0	5	3	2	0
QUAL	0	1939.6	1	1	0	0
QUAL	0	1940.0	4	4	0	2
QUAL	0	1941.0	4	2	2	0
QUAL	0	1942.0	4	3	1	0
QUAL	0	1942.6	1	1	0	0
QUAL	0	1943.0	2	2	0	0
QUAL	0	1944.0	3	2	1	0
QUAL	0	1944.6	2	0	2	0
QUAL	0	1945.0	1	1	0	0
QUAL	0	1945.6	1	0	1	0
QUAL	0	1946.0	1	0	1	0
QUAL	0	1947.0	2	2	0	0
QUAL	0	1948.0	2	2	0	0
QUAL	0	1949.0	4	4	0	0
QUAL	0	1950.0	1	1	0	1
QUAL	0	1951.0	3	1	2	0
QUAL	0	1952.0	5	5	0	0
QUAL	0	1952.6	0	0	0	1
QUAL	0	1953.0	2	2	0	0
QUAL	0	1953.6	1	1	0	0
QUAL	0	1954.0	4	3	1	0
QUAL	0	1955.0	1	1	0	0
QUAL	0	1956.0	3	2	1	1
QUAL	0	1956.6	2	2	0	0
QUAL	0	1957.0	4	3	1	0
QUAL	0	1957.6	2	2	0	0
QUAL	0	1958.0	3	2	1	0
QUAL	0	1958.6	1	0	1	0
QUAL	0	1959.0	2	1	1	0
QUAL	0	1959.6	1	1	0	0
QUAL	0	1960.0	1	1	0	0
QUAL	0	1960.6	2	2	0	0
QUAL	0	1961.0	1	1	0	0
QUAL	0	1962.0	2	2	0	1
QUAL	0	1962.6	1	1	0	0
QUAL	0	1963.0	1	1	0	0
QUAL	0	1963.6	2	2	0	0
QUAL	0	1964.0	2	1	1	1
QUAL	0	1965.6	1	1	0	0
QUAL	0	1966.0	1	0	1	0
QUAL	0	1967.6	1	0	1	0
QUAL	0	1968.0	5	3	2	0
QUAL	0	1969.0	1	1	0	0
QUAL	0	1970.0	2	1	1	1
QUAL	0	1970.6	1	0	1	0
QUAL	0	1971.0	1	1	0	1
QUAL	0	1971.6	1	0	1	0
QUAL	0	1972.0	1	1	0	0
QUAL	0	1973.0	2	1	1	0
QUAL	0	1973.6	1	0	1	0
QUAL	0	1974.0	2	2	0	0
QUAL	0	1975.0	2	2	0	0
QUAL	0	1976.0	3	3	0	0
QUAL	0	1977.6	1	0	1	0
QUAL	0	1978.0	2	1	1	0
QUAL	0	1978.6	1	0	1	0
QUAL	0	1979.0	2	2	0	0
QUAL	0	1979.6	1	1	0	0
QUAL	0	1980.0	3	2	1	0
QUAL	0	1981.0	3	3	0	0
QUAL	0	1981.6	1	1	0	0
QUAL	0	1982.0	3	3	0	0
QUAL	0	1983.0	3	2	1	0
QUAL	0	1984.0	2	2	0	0
QUAL	0	1985.0	5	5	0	0
QUAL	0	1986.0	2	1	1	0
QUAL	0	1987.0	3	3	0	1
QUAL	0	1987.6	2	1	1	0
QUAL	0	1988.0	1	1	0	0
QUAL	0	1989.6	1	1	0	0
QUAL	0	1990.0	6	5	1	0
QUAL	0	1990.6	1	1	0	0
QUAL	0	1991.0	3	1	2	0
QUAL	0	1992.0	3	3	0	0
QUAL	0	1993.0	0	0	0	1
QUAL	0	1993.6	1	1	0	0
QUAL	0	1994.0	3	3	0	0
QUAL	0	1994.6	2	1	1	0
QUAL	0	1995.0	2	1	1	1
QUAL	0	1996.0	2	1	1	0
QUAL	0	1997.0	4	3	1	0
QUAL	0	1998.0	2	0	2	0
QUAL	0	1998.6	3	3	0	0
QUAL	0	1999.0	3	2	1	0
QUAL	0	2000.0	3	1	2	3
QUAL	0	2000.6	1	1	0	0
QUAL	0	2001.0	2	1	1	0
QUAL	0	2001.6	2	1	1	1
QUAL	0	2002.0	1	1	0	0
QUAL	0	2003.0	3	2	1	0
QUAL	0	2004.0	7	6	1	0
QUAL	0	2005.0	1	0	1	1
QUAL	0	2006.0	3	1	2	0
QUAL	0	2006.6	1	1	0	0
QUAL	0	2007.0	3	2	1	0
QUAL	0	2008.0	1	1	0	0
QUAL	0	2008.6	1	0	1	0
QUAL	0	2009.0	2	0	2	0
QUAL	0	2009.6	1	1	0	0
QUAL	0	2010.0	3	1	2	1
QUAL	0	2012.0	1	1	0	1
QUAL	0	2013.0	2	2	0	1
QUAL	0	2014.0	4	1	3	0
QUAL	0	2015.0	2	2	0	0
QUAL	0	2015.6	0	0	0	1
QUAL	0	2016.0	3	3	0	0
QUAL	0	2017.0	2	1	1	0
QUAL	0	2018.0	6	4	2	0
QUAL	0	2019.0	4	2	2	0
QUAL	0	2019.6	1	0	1	0
QUAL	0	2020.0	1	1	0	1
QUAL	0	2020.6	1	0	1	0
QUAL	0	2021.0	3	3	0	1
QUAL	0	2023.0	1	1	0	0
QUAL	0	2023.6	1	0	1	0
QUAL	0	2024.0	2	2	0	0
QUAL	0	2024.6	1	1	0	0
QUAL	0	2025.0	2	2	0	0
QUAL	0	2025.6	1	0	1	0
QUAL	0	2026.0	2	0	2	0
QUAL	0	2026.3	1	0	1	0
QUAL	0	2027.0	2	2	0	0
QUAL	0	2027.6	1	0	1	0
QUAL	0	2028.0	5	3	2	0
QUAL	0	2030.0	4	3	1	0
QUAL	0	2030.6	1	1	0	0
QUAL	0	2031.0	4	3	1	1
QUAL	0	2032.0	2	2	0	1
QUAL	0	2032.6	1	0	1	0
QUAL	0	2034.0	3	3	0	0
QUAL	0	2034.6	1	1	0	0
QUAL	0	2035.0	4	3	1	0
QUAL	0	2036.0	2	1	1	0
QUAL	0	2037.0	1	1	0	0
QUAL	0	2038.0	1	1	0	0
QUAL	0	2038.6	2	1	1	0
QUAL	0	2039.0	7	4	3	0
QUAL	0	2040.0	3	2	1	0
QUAL	0	2041.6	1	1	0	0
QUAL	0	2042.0	0	0	0	1
QUAL	0	2043.0	4	3	1	0
QUAL	0	2044.0	1	1	0	0
QUAL	0	2045.0	1	1	0	0
QUAL	0	2046.0	2	2	0	1
QUAL	0	2046.6	1	1	0	0
QUAL	0	2047.0	2	2	0	0
QUAL	0	2047.6	1	1	0	0
QUAL	0	2048.0	3	1	2	0
QUAL	0	2048.6	1	0	1	0
QUAL	0	2049.0	2	2	0	0
QUAL	0	2050.0	2	0	2	0
QUAL	0	2051.0	4	3	1	0
QUAL	0	2052.0	2	2	0	0
QUAL	0	2053.0	3	2	1	0
QUAL	0	2053.6	4	2	2	0
QUAL	0	2054.0	3	2	1	0
QUAL	0	2055.0	0	0	0	1
QUAL	0	2055.6	1	1	0	0
QUAL	0	2056.0	5	4	1	1
QUAL	0	2056.6	2	2	0	0
QUAL	0	2058.0	6	3	3	1
QUAL	0	2059.0	3	2	1	0
QUAL	0	2060.0	4	3	1	1
QUAL	0	2060.6	2	1	1	0
QUAL	0	2061.0	6	3	3	0
QUAL	0	2061.6	0	0	0	1
QUAL	0	2062.0	2	2	0	0
QUAL	0	2063.0	1	1	0	0
QUAL	0	2063.6	1	1	0	0
QUAL	0	2064.0	3	1	2	1
QUAL	0	2065.0	3	2	1	0
QUAL	0	2066.0	3	3	0	0
QUAL	0	2067.0	1	0	1	1
QUAL	0	2067.6	1	0	1	0
QUAL	0	2068.0	3	3	0	1
QUAL	0	2069.0	2	2	0	0
QUAL	0	2069.6	1	1	0	0
QUAL	0	2070.0	4	2	2	0
QUAL	0	2070.6	1	0	1	1
QUAL	0	2071.0	4	4	0	0
QUAL	0	2072.0	2	2	0	0
QUAL	0	2072.6	1	0	1	0
QUAL	0	2073.0	3	1	2	0
QUAL	0	2073.6	1	1	0	0
QUAL	0	2074.0	3	3	0	0
QUAL	0	2074.6	0	0	0	1
QUAL	0	2075.0	4	2	2	0
QUAL	0	2076.0	4	4	0	1
QUAL	0	2076.6	1	1	0	0
QUAL	0	2077.0	1	1	0	0
QUAL	0	2078.0	5	4	1	0
QUAL	0	2079.0	2	2	0	1
QUAL	0	2081.0	2	2	0	0
QUAL	0	2082.0	3	3	0	0
QUAL	0	2082.6	1	0	1	0
QUAL	0	2083.0	2	1	1	0
QUAL	0	2083.6	1	1	0	0
QUAL	0	2084.0	4	2	2	0
QUAL	0	2085.0	5	4	1	1
QUAL	0	2085.6	1	1	0	0
QUAL	0	2086.0	1	0	1	0
QUAL	0	2087.0	3	2	1	0
QUAL	0	2087.6	1	1	0	0
QUAL	0	2088.0	5	4	1	0
QUAL	0	2088.6	1	1	0	0
QUAL	0	2089.0	2	2	0	1
QUAL	0	2089.6	1	1	0	0
QUAL	0	2090.0	4	4	0	0
QUAL	0	2091.0	4	3	1	1
QUAL	0	2091.6	0	0	0	1
QUAL	0	2092.0	3	2	1	0
QUAL	0	2092.6	1	0	1	0
QUAL	0	2093.0	3	3	0	2
QUAL	0	2093.6	1	1	0	0
QUAL	0	2095.0	4	3	1	0
QUAL	0	2096.0	3	2	1	0
QUAL	0	2097.0	2	2	0	0
QUAL	0	2098.0	5	4	1	0
QUAL	0	2098.6	1	0	1	0
QUAL	0	2099.0	1	1	0	0
QUAL	0	2100.0	3	3	0	1
QUAL	0	2101.0	4	3	1	1
QUAL	0	2102.0	1	1	0	0
QUAL	0	2102.6	1	1	0	0
QUAL	0	2103.0	3	2	1	0
QUAL	0	2105.0	1	0	1	0
QUAL	0	2105.6	1	0	1	0
QUAL	0	2106.0	6	6	0	0
QUAL	0	2107.0	4	2	2	0
QUAL	0	2108.0	3	3	0	0
QUAL	0	2108.6	0	0	0	1
QUAL	0	2109.0	4	2	2	0
QUAL	0	2111.6	1	1	0	0
QUAL	0	2112.0	1	0	1	1
QUAL	0	2112.6	1	1	0	0
QUAL	0	2113.0	1	1	0	0
QUAL	0	2114.0	1	0	1	0
QUAL	0	2115.0	1	1	0	0
QUAL	0	2117.6	1	0	1	0
QUAL	0	2118.0	4	2	2	0
QUAL	0	2119.0	4	1	3	0
QUAL	0	2120.0	1	1	0	0
QUAL	0	2121.0	2	2	0	0
QUAL	0	2121.6	1	1	0	0
QUAL	0	2122.0	1	1	0	0
QUAL	0	2122.6	2	0	2	0
QUAL	0	2123.0	3	2	1	0
QUAL	0	2124.0	3	0	3	0
QUAL	0	2124.6	2	2	0	0
QUAL	0	2125.0	3	1	2	1
QUAL	0	2125.1	1	0	1	0
QUAL	0	2125.6	1	1	0	0
QUAL	0	2126.0	3	3	0	0
QUAL	0	2126.6	1	1	0	0
QUAL	0	2127.0	5	2	3	1
QUAL	0	2128.0	2	1	1	0
QUAL	0	2129.0	2	1	1	0
QUAL	0	2131.0	4	3	1	0
QUAL	0	2132.0	1	1	0	0
QUAL	0	2133.0	2	2	0	1
QUAL	0	2135.0	2	0	2	1
QUAL	0	2136.0	1	0	1	0
QUAL	0	2137.0	4	3	1	1
QUAL	0	2137.6	1	1	0	0
QUAL	0	2138.0	6	3	3	0
QUAL	0	2139.0	3	2	1	1
QUAL	0	2139.6	0	0	0	1
QUAL	0	2140.0	4	2	2	0
QUAL	0	2141.0	2	2	0	1
QUAL	0	2141.6	1	1	0	0
QUAL	0	2142.0	4	3	1	0
QUAL	0	2142.6	1	0	1	0
QUAL	0	2143.0	2	1	1	0
QUAL	0	2144.0	5	5	0	0
QUAL	0	2145.0	2	1	1	1
QUAL	0	2146.0	7	4	3	1
QUAL	0	2146.6	1	1	0	0
QUAL	0	2147.0	3	2	1	0
QUAL	0	2148.0	2	2	0	0
QUAL	0	2149.0	2	1	1	0
QUAL	0	2149.6	1	0	1	0
QUAL	0	2150.0	4	3	1	2
QUAL	0	2151.0	2	2	0	0
QUAL	0	2152.0	2	1	1	0
QUAL	0	2153.0	1	1	0	0
QUAL	0	2154.0	3	2	1	0
QUAL	0	2154.6	2	0	2	0
QUAL	0	2155.0	5	3	2	0
QUAL	0	2158.0	0	0	0	1
QUAL	0	2159.0	2	1	1	0
QUAL	0	2159.6	1	0	1	0
QUAL	0	2160.0	2	1	1	0
QUAL	0	2161.0	2	1	1	0
QUAL	0	2162.0	3	3	0	0
QUAL	0	2164.0	1	1	0	0
QUAL	0	2165.0	3	0	3	0
QUAL	0	2166.0	2	0	2	1
QUAL	0	2166.6	2	1	1	0
QUAL	0	2167.0	2	2	0	0
QUAL	0	2170.0	3	2	1	1
QUAL	0	2170.6	1	0	1	0
QUAL	0	2171.0	4	2	2	0
QUAL	0	2172.0	2	1	1	0
QUAL	0	2173.0	1	1	0	0
QUAL	0	2174.0	4	3	1	1
QUAL	0	2175.0	3	3	0	0
QUAL	0	2176.0	2	1	1	0
QUAL	0	2178.0	4	1	3	0
QUAL	0	2179.0	5	5	0	0
QUAL	0	2180.0	3	3	0	2
QUAL	0	2181.0	1	1	0	0
QUAL	0	2181.6	0	0	0	1
QUAL	0	2182.0	1	0	1	0
QUAL	0	2183.0	4	2	2	0
QUAL	0	2184.0	1	1	0	0
QUAL	0	2185.0	3	1	2	0
QUAL	0	2186.0	2	2	0	0
QUAL	0	2187.0	2	0	2	0
QUAL	0	2188.0	4	2	2	1
QUAL	0	2189.0	2	1	1	0
QUAL	0	2190.0	1	1	0	0
QUAL	0	2191.0	1	1	0	0
QUAL	0	2191.6	1	1	0	0
QUAL	0	2192.6	2	1	1	0
QUAL	0	2193.0	2	2	0	0
QUAL	0	2193.6	1	1	0	0
QUAL	0	2194.0	3	3	0	1
QUAL	0	2195.0	1	0	1	0
QUAL	0	2195.6	1	1	0	0
QUAL	0	2196.0	2	2	0	0
QUAL	0	2197.0	2	2	0	1
QUAL	0	2197.6	1	1	0	0
QUAL	0	2198.0	2	1	1	0
QUAL	0	2199.0	2	1	1	0
QUAL	0	2200.0	1	1	0	1
QUAL	0	2202.0	3	3	0	0
QUAL	0	2203.0	1	1	0	0
QUAL	0	2203.6	2	2	0	0
QUAL	0	2204.0	2	0	2	0
QUAL	0	2205.0	2	2	0	0
QUAL	0	2205.6	1	0	1	1
QUAL	0	2206.0	2	1	1	0
QUAL	0	2207.0	2	1	1	1
QUAL	0	2207.7	1	0	1	0
QUAL	0	2208.0	1	1	0	0
QUAL	0	2208.6	1	1	0	0
QUAL	0	2209.0	2	1	1	0
QUAL	0	2210.0	3	2	1	0
QUAL	0	2210.6	1	1	0	0
QUAL	0	2211.0	2	1	1	0
QUAL	0	2213.0	2	0	2	0
QUAL	0	2214.0	2	1	1	0
QUAL	0	2215.0	2	1	1	0
QUAL	0	2216.0	2	2	0	0
QUAL	0	2217.0	7	3	4	0
QUAL	0	2217.6	1	1	0	0
QUAL	0	2218.0	3	3	0	0
QUAL	0	2219.0	4	3	1	0
QUAL	0	2220.0	4	3	1	0
QUAL	0	2221.0	4	4	0	0
QUAL	0	2222.0	1	1	0	0
QUAL	0	2222.6	1	1	0	0
QUAL	0	2223.0	3	2	1	0
QUAL	0	2224.0	3	3	0	0
QUAL	0	2224.6	1	1	0	0
QUAL	0	2225.0	2	2	0	0
QUAL	0	2226.0	1	0	1	0
QUAL	0	2226.6	1	0	1	0
QUAL	0	2227.0	4	2	2	0
QUAL	0	2227.6	1	0	1	0
QUAL	0	2228.0	2	1	1	0
QUAL	0	2228.6	1	0	1	0
QUAL	0	2229.0	1	1	0	0
QUAL	0	2230.0	4	2	2	0
QUAL	0	2230.6	1	0	1	0
QUAL	0	2232.6	1	1	0	0
QUAL	0	2233.0	1	1	0	0
QUAL	0	2234.0	2	1	1	0
QUAL	0	2235.0	2	2	0	1
QUAL	0	2235.6	1	1	0	0
QUAL	0	2236.0	5	4	1	0
QUAL	0	2237.0	3	3	0	0
QUAL	0	2237.6	3	2	1	0
QUAL	0	2238.0	2	2	0	0
QUAL	0	2239.0	3	2	1	0
QUAL	0	2240.0	5	3	2	1
QUAL	0	2241.0	5	3	2	0
QUAL	0	2241.6	0	0	0	1
QUAL	0	2242.0	3	2	1	1
QUAL	0	2243.0	2	2	0	0
QUAL	0	2244.0	1	0	1	0
QUAL	0	2245.0	2	1	1	0
QUAL	0	2246.0	6	5	1	1
QUAL	0	2247.0	1	1	0	0
QUAL	0	2249.0	2	2	0	0
QUAL	0	2250.0	1	0	1	0
QUAL	0	2251.0	3	3	0	0
QUAL	0	2254.6	1	1	0	0
QUAL	0	2255.0	2	2	0	0
QUAL	0	2256.0	2	0	2	0
QUAL	0	2257.0	6	5	1	0
QUAL	0	2258.0	3	1	2	0
QUAL	0	2259.0	4	2	2	0
QUAL	0	2259.6	1	1	0	0
QUAL	0	2260.0	4	3	1	0
QUAL	0	2261.0	2	2	0	0
QUAL	0	2263.0	1	1	0	0
QUAL	0	2264.0	1	0	1	0
QUAL	0	2265.0	1	0	1	1
QUAL	0	2266.0	2	1	1	0
QUAL	0	2266.6	1	1	0	0
QUAL	0	2267.0	1	0	1	0
QUAL	0	2268.0	4	3	1	0
QUAL	0	2268.6	1	0	1	0
QUAL	0	2269.0	1	1	0	0
QUAL	0	2269.6	1	1	0	0
QUAL	0	2270.0	3	2	1	0
QUAL	0	2271.6	1	1	0	0
QUAL	0	2272.0	7	5	2	0
QUAL	0	2272.6	1	1	0	0
QUAL	0	2273.0	3	1	2	0
QUAL	0	2273.6	1	0	1	0
QUAL	0	2274.0	2	2	0	1
QUAL	0	2277.0	1	1	0	0
QUAL	0	2278.0	2	1	1	0
QUAL	0	2279.0	2	2	0	0
QUAL	0	2280.6	1	0	1	0
QUAL	0	2281.0	4	3	1	0
QUAL	0	2282.0	1	1	0	0
QUAL	0	2284.0	1	1	0	0
QUAL	0	2285.0	3	2	1	1
QUAL	0	2286.0	2	1	1	0
QUAL	0	2287.0	1	1	0	0
QUAL	0	2288.0	2	1	1	0
QUAL	0	2289.0	1	1	0	0
QUAL	0	2290.0	2	1	1	1
QUAL	0	2291.0	3	2	1	0
QUAL	0	2292.0	2	1	1	0
QUAL	0	2293.6	1	0	1	0
QUAL	0	2294.0	1	1	0	0
QUAL	0	2295.0	1	1	0	1
QUAL	0	2296.0	2	1	1	0
QUAL	0	2297.0	0	0	0	1
QUAL	0	2298.0	2	2	0	0
QUAL	0	2298.6	1	1	0	0
QUAL	0	2299.0	2	2	0	0
QUAL	0	2300.0	2	1	1	0
QUAL	0	2301.0	1	0	1	0
QUAL	0	2302.0	1	1	0	0
QUAL	0	2302.6	1	1	0	0
QUAL	0	2303.0	3	1	2	0
QUAL	0	2304.0	4	3	1	0
QUAL	0	2305.0	2	1	1	0
QUAL	0	2306.0	3	2	1	0
QUAL	0	2307.0	1	1	0	1
QUAL	0	2307.6	1	1	0	1
QUAL	0	2308.0	2	2	0	0
QUAL	0	2309.0	1	1	0	0
QUAL	0	2309.6	0	0	0	1
QUAL	0	2310.0	2	2	0	1
QUAL	0	2310.6	1	0	1	0
QUAL	0	2311.0	2	2	0	1
QUAL	0	2311.6	1	1	0	0
QUAL	0	2312.0	2	2	0	0
QUAL	0	2313.0	1	1	0	0
QUAL	0	2314.0	4	2	2	0
QUAL	0	2315.0	3	3	0	0
QUAL	0	2316.6	1	0	1	0
QUAL	0	2317.0	4	4	0	1
QUAL	0	2318.0	1	1	0	0
QUAL	0	2318.6	2	1	1	0
QUAL	0	2319.0	2	1	1	0
QUAL	0	2320.0	2	2	0	0
QUAL	0	2321.0	1	1	0	0
QUAL	0	2322.0	2	2	0	0
QUAL	0	2323.0	1	1	0	0
QUAL	0	2324.0	1	1	0	0
QUAL	0	2325.0	2	0	2	0
QUAL	0	2326.0	4	3	1	1
QUAL	0	2327.0	4	4	0	0
QUAL	0	2328.0	1	0	1	0
QUAL	0	2329.0	3	2	1	0
QUAL	0	2330.0	2	2	0	1
QUAL	0	2330.6	1	0	1	0
QUAL	0	2331.0	1	1	0	0
QUAL	0	2332.0	1	0	1	0
QUAL	0	2333.0	3	3	0	0
QUAL	0	2334.0	1	0	1	0
QUAL	0	2334.6	1	1	0	0
QUAL	0	2335.0	4	4	0	1
QUAL	0	2336.0	3	2	1	1
QUAL	0	2336.6	1	1	0	0
QUAL	0	2337.0	2	1	1	0
QUAL	0	2337.6	1	0	1	0
QUAL	0	2339.6	1	1	0	0
QUAL	0	2340.6	1	1	0	0
QUAL	0	2341.0	1	1	0	0
QUAL	0	2342.0	2	1	1	0
QUAL	0	2343.0	1	0	1	0
QUAL	0	2344.0	1	0	1	0
QUAL	0	2344.6	0	0	0	1
QUAL	0	2345.0	1	0	1	0
QUAL	0	2346.0	1	1	0	0
QUAL	0	2347.0	2	2	0	0
QUAL	0	2347.6	1	0	1	0
QUAL	0	2348.0	0	0	0	1
QUAL	0	2348.6	2	2	0	0
QUAL	0	2349.0	1	1	0	0
QUAL	0	2349.6	1	1	0	0
QUAL	0	2350.0	3	1	2	0
QUAL	0	2351.0	3	2	1	0
QUAL	0	2352.0	3	1	2	0
QUAL	0	2353.0	2	2	0	1
QUAL	0	2353.6	1	1	0	0
QUAL	0	2354.0	3	3	0	0
QUAL	0	2354.6	1	1	0	0
QUAL	0	2355.0	3	2	1	0
QUAL	0	2356.0	1	1	0	0
QUAL	0	2358.0	1	1	0	0
QUAL	0	2359.0	1	1	0	1
QUAL	0	2360.0	2	1	1	0
QUAL	0	2362.0	1	1	0	0
QUAL	0	2363.0	1	1	0	0
QUAL	0	2366.0	3	2	1	0
QUAL	0	2367.0	3	1	2	0
QUAL	0	2367.6	1	0	1	0
QUAL	0	2368.0	3	2	1	0
QUAL	0	2369.0	4	3	1	0
QUAL	0	2370.0	3	3	0	1
QUAL	0	2371.0	1	0	1	0
QUAL	0	2372.0	3	3	0	0
QUAL	0	2372.6	1	1	0	0
QUAL	0	2373.0	1	1	0	0
QUAL	0	2374.0	1	1	0	1
QUAL	0	2374.6	1	1	0	0
QUAL	0	2375.0	1	1	0	0
QUAL	0	2376.0	2	2	0	0
QUAL	0	2377.0	3	3	0	0
QUAL	0	2378.0	4	3	1	0
QUAL	0	2378.6	1	1	0	0
QUAL	0	2379.0	2	2	0	0
QUAL	0	2380.0	2	2	0	0
QUAL	0	2381.0	3	2	1	1
QUAL	0	2382.0	4	2	2	0
QUAL	0	2383.0	5	3	2	1
QUAL	0	2383.6	1	0	1	0
QUAL	0	2384.0	2	2	0	0
QUAL	0	2385.0	3	3	0	0
QUAL	0	2387.0	4	4	0	0
QUAL	0	2388.0	4	4	0	0
QUAL	0	2389.0	2	2	0	0
QUAL	0	2390.0	1	1	0	0
QUAL	0	2391.0	3	3	0	0
QUAL	0	2393.0	1	0	1	0
QUAL	0	2394.0	2	2	0	0
QUAL	0	2395.0	2	1	1	0
QUAL	0	2396.0	1	0	1	0
QUAL	0	2396.6	1	1	0	0
QUAL	0	2397.0	3	2	1	0
QUAL	0	2397.6	1	0	1	0
QUAL	0	2398.0	1	1	0	0
QUAL	0	2399.0	3	2	1	0
QUAL	0	2400.0	2	1	1	0
QUAL	0	2401.0	4	3	1	0
QUAL	0	2401.6	1	1	0	0
QUAL	0	2403.6	1	0	1	0
QUAL	0	2404.0	2	2	0	0
QUAL	0	2404.6	0	0	0	1
QUAL	0	2405.0	1	1	0	0
QUAL	0	2405.6	1	1	0	0
QUAL	0	2406.0	2	2	0	0
QUAL	0	2407.0	1	1	0	0
QUAL	0	2408.0	1	0	1	0
QUAL	0	2409.0	2	2	0	0
QUAL	0	2410.0	3	2	1	0
QUAL	0	2410.6	2	1	1	0
QUAL	0	2411.0	1	1	0	0
QUAL	0	2412.0	3	3	0	0
QUAL	0	2413.0	2	2	0	1
QUAL	0	2415.0	2	2	0	0
QUAL	0	2415.6	1	0	1	0
QUAL	0	2416.0	3	2	1	0
QUAL	0	2416.6	1	1	0	0
QUAL	0	2417.0	3	2	1	0
QUAL	0	2417.6	1	0	1	0
QUAL	0	2418.0	1	0	1	0
QUAL	0	2419.0	2	2	0	0
QUAL	0	2420.0	2	1	1	0
QUAL	0	2421.0	2	2	0	0
QUAL	0	2422.0	2	1	1	0
QUAL	0	2423.0	3	2	1	0
QUAL	0	2424.0	2	2	0	0
QUAL	0	2425.0	2	2	0	0
QUAL	0	2425.6	1	1	0	0
QUAL	0	2426.0	4	4	0	0
QUAL	0	2426.6	1	0	1	0
QUAL	0	2427.0	0	0	0	1
QUAL	0	2427.6	1	1	0	0
QUAL	0	2429.0	1	0	1	0
QUAL	0	2429.6	2	2	0	0
QUAL	0	2430.0	2	2	0	0
QUAL	0	2431.0	4	2	2	0
QUAL	0	2432.0	1	1	0	0
QUAL	0	2434.0	0	0	0	1
QUAL	0	2434.6	1	1	0	0
QUAL	0	2435.0	1	1	0	0
QUAL	0	2436.0	3	3	0	0
QUAL	0	2440.0	1	0	1	0
QUAL	0	2440.6	1	0	1	0
QUAL	0	2441.0	4	3	1	1
QUAL	0	2442.0	1	0	1	0
QUAL	0	2443.0	2	2	0	1
QUAL	0	2445.0	2	2	0	0
QUAL	0	2446.0	1	1	0	0
QUAL	0	2446.6	1	0	1	0
QUAL	0	2447.0	1	1	0	0
QUAL	0	2448.6	1	0	1	0
QUAL	0	2450.0	0	0	0	1
QUAL	0	2451.0	1	1	0	0
QUAL	0	2451.6	1	1	0	0
QUAL	0	2452.0	3	3	0	0
QUAL	0	2452.6	1	1	0	0
QUAL	0	2453.0	2	1	1	0
QUAL	0	2454.0	2	1	1	0
QUAL	0	2456.0	1	1	0	0
QUAL	0	2457.0	2	2	0	0
QUAL	0	2458.0	2	2	0	0
QUAL	0	2458.6	1	0	1	0
QUAL	0	2459.0	1	1	0	0
QUAL	0	2460.0	1	0	1	0
QUAL	0	2460.6	1	1	0	0
QUAL	0	2461.0	5	5	0	0
QUAL	0	2463.0	1	0	1	0
QUAL	0	2463.6	1	1	0	0
QUAL	0	2465.0	2	1	1	0
QUAL	0	2466.0	1	1	0	0
QUAL	0	2466.6	1	1	0	0
QUAL	0	2467.0	3	1	2	0
QUAL	0	2467.6	1	1	0	0
QUAL	0	2471.0	3	2	1	0
QUAL	0	2472.0	2	1	1	0
QUAL	0	2473.0	3	2	1	0
QUAL	0	2474.0	2	2	0	0
QUAL	0	2475.0	2	2	0	0
QUAL	0	2476.0	4	4	0	0
QUAL	0	2476.6	1	1	0	0
QUAL	0	2477.0	3	3	0	0
QUAL	0	2477.6	1	0	1	0
QUAL	0	2478.0	1	1	0	0
QUAL	0	2479.0	2	1	1	0
QUAL	0	2480.6	1	0	1	0
QUAL	0	2481.0	3	3	0	0
QUAL	0	2482.0	1	1	0	0
QUAL	0	2483.0	1	0	1	0
QUAL	0	2485.0	2	1	1	0
QUAL	0	2487.0	4	2	2	0
QUAL	0	2488.0	3	3	0	0
QUAL	0	2489.0	3	0	3	0
QUAL	0	2490.6	1	1	0	0
QUAL	0	2491.0	1	1	0	0
QUAL	0	2492.0	2	1	1	0
QUAL	0	2492.6	1	1	0	0
QUAL	0	2493.0	1	0	1	1
QUAL	0	2494.0	2	2	0	0
QUAL	0	2495.6	1	1	0	0
QUAL	0	2496.0	1	1	0	0
QUAL	0	2497.0	0	0	0	2
QUAL	0	2497.6	1	1	0	0
QUAL	0	2499.6	2	2	0	0
QUAL	0	2500.0	1	1	0	0
QUAL	0	2501.0	1	1	0	0
QUAL	0	2502.0	2	2	0	0
QUAL	0	2503.0	0	0	0	2
QUAL	0	2504.0	2	2	0	0
QUAL	0	2505.0	2	1	1	0
QUAL	0	2506.0	4	4	0	0
QUAL	0	2507.0	1	1	0	0
QUAL	0	2508.0	2	1	1	0
QUAL	0	2509.0	1	1	0	0
QUAL	0	2511.0	1	1	0	0
QUAL	0	2512.0	3	3	0	0
QUAL	0	2513.0	1	1	0	0
QUAL	0	2514.7	1	1	0	0
QUAL	0	2515.0	5	4	1	0
QUAL	0	2516.0	3	3	0	0
QUAL	0	2517.0	4	3	1	1
QUAL	0	2518.0	1	1	0	0
QUAL	0	2519.0	1	1	0	0
QUAL	0	2520.0	0	0	0	1
QUAL	0	2521.0	2	2	0	0
QUAL	0	2522.0	2	2	0	0
QUAL	0	2523.0	1	1	0	0
QUAL	0	2523.6	0	0	0	1
QUAL	0	2524.0	1	0	1	0
QUAL	0	2525.0	2	1	1	0
QUAL	0	2527.0	2	1	1	0
QUAL	0	2528.0	1	1	0	1
QUAL	0	2528.6	2	1	1	0
QUAL	0	2529.0	2	2	0	0
QUAL	0	2529.6	1	1	0	0
QUAL	0	2530.6	1	1	0	0
QUAL	0	2531.0	1	1	0	0
QUAL	0	2533.0	3	3	0	0
QUAL	0	2534.0	1	1	0	0
QUAL	0	2535.0	2	2	0	0
QUAL	0	2536.0	2	2	0	0
QUAL	0	2537.0	1	0	1	0
QUAL	0	2538.0	1	1	0	0
QUAL	0	2538.6	0	0	0	1
QUAL	0	2539.0	1	1	0	0
QUAL	0	2540.6	1	1	0	0
QUAL	0	2541.0	1	0	1	0
QUAL	0	2542.0	1	0	1	0
QUAL	0	2542.6	1	1	0	0
QUAL	0	2544.0	1	1	0	0
QUAL	0	2545.0	1	1	0	0
QUAL	0	2547.0	3	3	0	0
QUAL	0	2548.0	1	1	0	0
QUAL	0	2549.0	2	2	0	0
QUAL	0	2550.0	2	1	1	0
QUAL	0	2551.0	4	3	1	0
QUAL	0	2552.0	2	2	0	0
QUAL	0	2553.0	3	2	1	0
QUAL	0	2554.0	1	1	0	1
QUAL	0	2555.0	4	3	1	0
QUAL	0	2556.0	2	2	0	0
QUAL	0	2557.6	1	1	0	0
QUAL	0	2558.0	2	2	0	0
QUAL	0	2558.6	1	0	1	0
QUAL	0	2559.0	5	5	0	0
QUAL	0	2559.1	0	0	0	1
QUAL	0	2560.0	3	2	1	0
QUAL	0	2560.6	1	0	1	0
QUAL	0	2561.0	2	1	1	0
QUAL	0	2562.0	1	1	0	0
QUAL	0	2563.0	1	0	1	1
QUAL	0	2563.6	1	0	1	0
QUAL	0	2564.0	2	0	2	0
QUAL	0	2565.0	3	3	0	0
QUAL	0	2566.0	1	1	0	0
QUAL	0	2567.0	2	2	0	0
QUAL	0	2570.0	1	1	0	1
QUAL	0	2571.0	1	0	1	0
QUAL	0	2572.0	5	2	3	0
QUAL	0	2573.0	1	1	0	0
QUAL	0	2574.0	3	3	0	0
QUAL	0	2575.0	1	1	0	0
QUAL	0	2576.0	3	1	2	0
QUAL	0	2577.0	1	0	1	0
QUAL	0	2578.0	3	3	0	0
QUAL	0	2579.0	2	2	0	0
QUAL	0	2580.0	3	3	0	0
QUAL	0	2581.0	2	1	1	0
QUAL	0	2581.6	1	1	0	0
QUAL	0	2582.0	3	2	1	0
QUAL	0	2583.0	1	1	0	1
QUAL	0	2584.0	4	4	0	0
QUAL	0	2585.0	4	4	0	0
QUAL	0	2586.0	4	4	0	0
QUAL	0	2587.0	1	1	0	0
QUAL	0	2590.0	2	1	1	0
QUAL	0	2592.0	0	0	0	1
QUAL	0	2593.0	1	1	0	0
QUAL	0	2595.0	1	1	0	0
QUAL	0	2597.0	3	2	1	0
QUAL	0	2598.0	2	1	1	0
QUAL	0	2599.0	1	0	1	0
QUAL	0	2600.0	2	2	0	0
QUAL	0	2601.0	1	0	1	0
QUAL	0	2602.6	1	0	1	0
QUAL	0	2603.0	1	1	0	0
QUAL	0	2604.0	1	0	1	1
QUAL	0	2605.0	1	1	0	1
QUAL	0	2606.0	1	1	0	0
QUAL	0	2606.6	1	1	0	0
QUAL	0	2607.0	2	2	0	0
QUAL	0	2610.0	3	3	0	0
QUAL	0	2611.0	2	2	0	0
QUAL	0	2612.0	1	1	0	0
QUAL	0	2613.0	2	2	0	0
QUAL	0	2614.0	1	0	1	0
QUAL	0	2615.0	2	2	0	0
QUAL	0	2616.0	0	0	0	1
QUAL	0	2617.0	1	1	0	0
QUAL	0	2618.0	1	1	0	0
QUAL	0	2619.0	1	1	0	0
QUAL	0	2619.6	1	0	1	0
QUAL	0	2621.0	2	1	1	0
QUAL	0	2621.6	2	2	0	0
QUAL	0	2622.0	1	1	0	0
QUAL	0	2623.0	1	1	0	0
QUAL	0	2625.6	1	1	0	0
QUAL	0	2627.0	1	1	0	0
QUAL	0	2628.0	3	2	1	0
QUAL	0	2629.0	1	0	1	0
QUAL	0	2630.0	2	1	1	0
QUAL	0	2631.0	2	0	2	0
QUAL	0	2632.0	2	1	1	0
QUAL	0	2633.0	2	2	0	0
QUAL	0	2633.6	2	2	0	0
QUAL	0	2634.0	1	1	0	0
QUAL	0	2635.0	1	1	0	0
QUAL	0	2636.0	2	2	0	0
QUAL	0	2637.0	1	1	0	0
QUAL	0	2638.0	1	1	0	0
QUAL	0	2640.0	1	1	0	0
QUAL	0	2641.0	5	4	1	0
QUAL	0	2643.0	2	2	0	0
QUAL	0	2644.0	1	1	0	0
QUAL	0	2645.0	2	2	0	1
QUAL	0	2646.0	1	1	0	0
QUAL	0	2647.0	2	1	1	0
QUAL	0	2648.0	2	1	1	0
QUAL	0	2649.0	1	1	0	0
QUAL	0	2650.6	1	0	1	0
QUAL	0	2653.0	4	3	1	0
QUAL	0	2654.0	2	0	2	0
QUAL	0	2654.6	1	0	1	0
QUAL	0	2655.0	1	1	0	0
QUAL	0	2656.0	1	1	0	0
QUAL	0	2657.0	4	1	3	0
QUAL	0	2658.0	2	1	1	0
QUAL	0	2658.6	1	1	0	0
QUAL	0	2659.0	1	1	0	0
QUAL	0	2660.0	2	1	1	0
QUAL	0	2660.6	0	0	0	1
QUAL	0	2662.0	1	0	1	0
QUAL	0	2663.0	4	1	3	0
QUAL	0	2663.6	1	1	0	0
QUAL	0	2664.0	2	0	2	0
QUAL	0	2666.0	2	1	1	0
QUAL	0	2666.6	0	0	0	1
QUAL	0	2668.0	1	1	0	1
QUAL	0	2669.6	1	1	0	0
QUAL	0	2670.0	2	1	1	0
QUAL	0	2672.0	1	1	0	0
QUAL	0	2672.6	1	1	0	0
QUAL	0	2673.0	1	1	0	1
QUAL	0	2674.0	1	0	1	0
QUAL	0	2675.0	5	4	1	1
QUAL	0	2676.0	3	2	1	0
QUAL	0	2677.0	1	1	0	0
QUAL	0	2678.0	4	3	1	0
QUAL	0	2679.0	1	0	1	1
QUAL	0	2681.0	2	1	1	0
QUAL	0	2681.6	1	1	0	0
QUAL	0	2682.0	3	3	0	0
QUAL	0	2682.6	1	1	0	0
QUAL	0	2683.0	2	2	0	0
QUAL	0	2683.6	1	0	1	1
QUAL	0	2685.0	1	1	0	0
QUAL	0	2685.6	1	1	0	0
QUAL	0	2686.0	1	1	0	0
QUAL	0	2687.0	2	2	0	0
QUAL	0	2688.0	1	1	0	0
QUAL	0	2689.0	2	1	1	0
QUAL	0	2690.0	0	0	0	1
QUAL	0	2691.0	1	1	0	0
QUAL	0	2692.0	1	1	0	0
QUAL	0	2693.0	1	1	0	0
QUAL	0	2694.0	1	1	0	0
QUAL	0	2695.0	3	2	1	0
QUAL	0	2697.0	1	1	0	0
QUAL	0	2698.0	1	1	0	0
QUAL	0	2699.0	1	1	0	1
QUAL	0	2700.0	1	1	0	0
QUAL	0	2701.0	1	1	0	0
QUAL	0	2702.0	1	0	1	0
QUAL	0	2704.0	1	1	0	0
QUAL	0	2704.6	1	1	0	0
QUAL	0	2705.0	1	1	0	0
QUAL	0	2706.0	1	1	0	0
QUAL	0	2707.0	0	0	0	1
QUAL	0	2709.0	1	0	1	0
QUAL	0	2711.0	2	2	0	0
QUAL	0	2712.0	2	2	0	0
QUAL	0	2713.0	1	1	0	0
QUAL	0	2714.0	1	1	0	0
QUAL	0	2716.0	1	1	0	0
QUAL	0	2717.0	1	1	0	0
QUAL	0	2719.0	4	4	0	0
QUAL	0	2720.0	4	4	0	0
QUAL	0	2722.0	1	1	0	0
QUAL	0	2724.0	3	3	0	0
QUAL	0	2725.0	2	2	0	0
QUAL	0	2726.0	3	2	1	0
QUAL	0	2727.0	2	0	2	0
QUAL	0	2727.6	1	1	0	0
QUAL	0	2731.0	1	1	0	0
QUAL	0	2732.0	3	2	1	1
QUAL	0	2733.0	4	2	2	0
QUAL	0	2734.0	3	3	0	0
QUAL	0	2734.6	1	1	0	0
QUAL	0	2735.0	2	2	0	0
QUAL	0	2736.0	1	0	1	0
QUAL	0	2737.0	2	2	0	0
QUAL	0	2738.0	2	2	0	0
QUAL	0	2738.6	1	1	0	0
QUAL	0	2741.0	1	1	0	1
QUAL	0	2742.0	1	1	0	0
QUAL	0	2743.0	1	0	1	0
QUAL	0	2745.0	1	1	0	0
QUAL	0	2746.6	1	1	0	0
QUAL	0	2747.6	1	1	0	0
QUAL	0	2748.0	2	2	0	1
QUAL	0	2750.0	1	1	0	0
QUAL	0	2750.6	1	0	1	0
QUAL	0	2751.0	2	1	1	0
QUAL	0	2755.0	2	1	1	0
QUAL	0	2756.0	3	2	1	0
QUAL	0	2757.0	1	1	0	0
QUAL	0	2758.0	1	1	0	0
QUAL	0	2760.0	2	1	1	0
QUAL	0	2761.0	2	2	0	0
QUAL	0	2763.0	1	1	0	0
QUAL	0	2764.0	1	1	0	0
QUAL	0	2765.0	1	1	0	0
QUAL	0	2766.0	2	2	0	0
QUAL	0	2768.0	2	1	1	0
QUAL	0	2769.0	3	3	0	0
QUAL	0	2769.6	1	0	1	0
QUAL	0	2770.0	1	1	0	0
QUAL	0	2771.0	3	2	1	0
QUAL	0	2772.0	2	2	0	0
QUAL	0	2774.6	1	0	1	0
QUAL	0	2775.0	1	1	0	2
QUAL	0	2776.6	0	0	0	1
QUAL	0	2780.0	2	2	0	0
QUAL	0	2781.0	2	1	1	0
QUAL	0	2781.6	1	1	0	0
QUAL	0	2783.0	2	1	1	0
QUAL	0	2786.0	1	1	0	0
QUAL	0	2789.0	1	1	0	0
QUAL	0	2790.0	1	1	0	0
QUAL	0	2791.6	1	1	0	0
QUAL	0	2793.0	1	0	1	0
QUAL	0	2794.0	3	2	1	0
QUAL	0	2795.0	0	0	0	1
QUAL	0	2796.0	1	1	0	0
QUAL	0	2797.0	1	1	0	0
QUAL	0	2798.6	1	1	0	0
QUAL	0	2799.0	2	1	1	0
QUAL	0	2800.0	1	1	0	0
QUAL	0	2801.0	1	1	0	2
QUAL	0	2805.0	2	2	0	0
QUAL	0	2806.0	3	3	0	0
QUAL	0	2807.0	1	0	1	0
QUAL	0	2808.0	1	1	0	0
QUAL	0	2809.0	2	1	1	0
QUAL	0	2810.0	2	1	1	0
QUAL	0	2810.6	1	0	1	0
QUAL	0	2812.0	2	1	1	0
QUAL	0	2813.0	2	2	0	0
QUAL	0	2816.0	2	1	1	0
QUAL	0	2817.0	3	2	1	0
QUAL	0	2818.0	2	2	0	0
QUAL	0	2820.6	0	0	0	1
QUAL	0	2821.0	2	1	1	0
QUAL	0	2823.0	2	0	2	0
QUAL	0	2823.6	2	1	1	0
QUAL	0	2824.0	2	2	0	0
QUAL	0	2824.6	1	0	1	0
QUAL	0	2825.0	1	1	0	0
QUAL	0	2826.6	0	0	0	1
QUAL	0	2827.0	2	2	0	0
QUAL	0	2827.6	1	1	0	0
QUAL	0	2829.0	1	1	0	0
QUAL	0	2831.0	2	1	1	0
QUAL	0	2832.0	2	2	0	0
QUAL	0	2833.0	2	1	1	0
QUAL	0	2834.0	1	1	0	0
QUAL	0	2835.0	2	2	0	0
QUAL	0	2835.6	1	1	0	0
QUAL	0	2837.0	1	0	1	0
QUAL	0	2839.6	0	0	0	1
QUAL	0	2842.0	1	1	0	0
QUAL	0	2846.6	1	1	0	0
QUAL	0	2847.0	2	2	0	0
QUAL	0	2847.6	1	1	0	0
QUAL	0	2850.0	4	4	0	0
QUAL	0	2851.6	1	1	0	0
QUAL	0	2853.0	2	1	1	0
QUAL	0	2854.0	1	0	1	0
QUAL	0	2855.0	3	2	1	0
QUAL	0	2856.6	1	1	0	0
QUAL	0	2859.0	1	1	0	0
QUAL	0	2860.0	1	1	0	0
QUAL	0	2860.6	2	2	0	0
QUAL	0	2862.0	1	1	0	0
QUAL	0	2863.0	1	0	1	0
QUAL	0	2864.0	1	0	1	0
QUAL	0	2865.0	2	1	1	0
QUAL	0	2868.0	2	1	1	0
QUAL	0	2869.0	4	3	1	0
QUAL	0	2872.0	2	1	1	0
QUAL	0	2872.6	1	1	0	0
QUAL	0	2873.0	2	1	1	0
QUAL	0	2876.0	1	1	0	0
QUAL	0	2877.0	3	1	2	0
QUAL	0	2878.0	1	1	0	0
QUAL	0	2879.0	1	1	0	0
QUAL	0	2881.0	2	0	2	0
QUAL	0	2882.0	1	0	1	0
QUAL	0	2882.6	1	1	0	0
QUAL	0	2884.6	1	1	0	0
QUAL	0	2886.0	2	1	1	0
QUAL	0	2887.0	2	2	0	0
QUAL	0	2888.0	2	1	1	0
QUAL	0	2889.0	0	0	0	1
QUAL	0	2890.0	2	2	0	0
QUAL	0	2891.0	1	0	1	0
QUAL	0	2892.0	1	0	1	0
QUAL	0	2893.0	1	1	0	0
QUAL	0	2894.0	0	0	0	1
QUAL	0	2895.0	2	1	1	1
QUAL	0	2898.0	1	1	0	0
QUAL	0	2899.0	1	0	1	0
QUAL	0	2900.6	1	1	0	0
QUAL	0	2903.0	2	2	0	0
QUAL	0	2906.0	2	2	0	0
QUAL	0	2907.0	3	2	1	0
QUAL	0	2909.0	2	2	0	0
QUAL	0	2911.0	1	0	1	0
QUAL	0	2913.6	1	1	0	0
QUAL	0	2914.0	3	3	0	0
QUAL	0	2915.0	2	2	0	0
QUAL	0	2916.0	1	1	0	0
QUAL	0	2916.6	1	1	0	0
QUAL	0	2917.0	3	3	0	0
QUAL	0	2918.0	3	2	1	0
QUAL	0	2919.0	2	0	2	0
QUAL	0	2919.6	1	1	0	0
QUAL	0	2922.0	1	1	0	1
QUAL	0	2923.0	0	0	0	1
QUAL	0	2925.0	1	1	0	0
QUAL	0	2925.6	1	1	0	0
QUAL	0	2926.0	2	1	1	0
QUAL	0	2929.0	1	0	1	0
QUAL	0	2930.6	1	1	0	0
QUAL	0	2931.0	1	1	0	0
QUAL	0	2934.0	1	1	0	0
QUAL	0	2939.0	1	0	1	0
QUAL	0	2939.6	2	1	1	0
QUAL	0	2943.0	1	1	0	0
QUAL	0	2944.0	1	1	0	0
QUAL	0	2950.0	2	2	0	0
QUAL	0	2950.6	1	1	0	0
QUAL	0	2953.6	1	1	0	0
QUAL	0	2954.0	1	1	0	0
QUAL	0	2957.0	4	1	3	0
QUAL	0	2960.6	1	1	0	0
QUAL	0	2961.0	1	0	1	0
QUAL	0	2962.6	1	0	1	0
QUAL	0	2967.0	1	1	0	0
QUAL	0	2967.6	1	1	0	0
QUAL	0	2969.0	1	1	0	0
QUAL	0	2970.0	1	1	0	0
QUAL	0	2971.0	4	2	2	0
QUAL	0	2971.6	1	1	0	0
QUAL	0	2974.0	2	2	0	0
QUAL	0	2975.0	1	0	1	0
QUAL	0	2977.0	2	2	0	0
QUAL	0	2978.0	1	0	1	0
QUAL	0	2980.0	1	1	0	0
QUAL	0	2982.6	1	1	0	0
QUAL	0	2984.0	0	0	0	1
QUAL	0	2986.0	2	2	0	0
QUAL	0	2987.0	1	1	0	0
QUAL	0	2988.0	1	1	0	0
QUAL	0	2988.6	1	0	1	0
QUAL	0	2989.6	1	1	0	0
QUAL	0	2991.0	2	2	0	0
QUAL	0	2994.0	1	0	1	0
QUAL	0	2995.0	2	2	0	0
QUAL	0	2998.0	1	1	0	0
QUAL	0	2999.0	2	2	0	0
QUAL	0	3000.6	1	0	1	0
QUAL	0	3002.0	3	3	0	0
QUAL	0	3004.0	1	1	0	0
QUAL	0	3005.0	2	2	0	0
QUAL	0	3006.0	2	1	1	0
QUAL	0	3007.0	1	1	0	0
QUAL	0	3008.0	2	1	1	0
QUAL	0	3008.6	1	0	1	0
QUAL	0	3010.0	2	2	0	0
QUAL	0	3011.0	2	1	1	0
QUAL	0	3013.0	2	0	2	0
QUAL	0	3015.0	1	1	0	0
QUAL	0	3018.0	0	0	0	1
QUAL	0	3019.0	1	1	0	0
QUAL	0	3019.6	1	1	0	0
QUAL	0	3020.0	2	2	0	0
QUAL	0	3021.0	0	0	0	1
QUAL	0	3024.6	1	1	0	0
QUAL	0	3025.6	1	1	0	0
QUAL	0	3027.0	1	0	1	0
QUAL	0	3029.0	1	0	1	0
QUAL	0	3032.0	1	1	0	0
QUAL	0	3034.0	2	1	1	0
QUAL	0	3036.0	1	0	1	0
QUAL	0	3037.0	1	0	1	0
QUAL	0	3039.0	1	1	0	0
QUAL	0	3040.0	1	1	0	1
QUAL	0	3041.0	2	1	1	0
QUAL	0	3044.0	1	1	0	0
QUAL	0	3045.0	1	0	1	0
QUAL	0	3045.9	0	0	0	1
QUAL	0	3047.0	1	1	0	0
QUAL	0	3051.6	1	1	0	0
QUAL	0	3052.0	1	1	0	0
QUAL	0	3053.0	1	0	1	0
QUAL	0	3054.0	1	1	0	0
QUAL	0	3055.0	1	1	0	0
QUAL	0	3057.0	1	0	1	0
QUAL	0	3058.0	2	2	0	0
QUAL	0	3060.0	0	0	0	1
QUAL	0	3061.0	1	1	0	0
QUAL	0	3066.0	1	1	0	0
QUAL	0	3067.0	1	1	0	0
QUAL	0	3070.0	1	1	0	0
QUAL	0	3071.0	3	1	2	0
QUAL	0	3073.0	2	1	1	0
QUAL	0	3075.0	1	0	1	0
QUAL	0	3078.0	1	0	1	0
QUAL	0	3078.6	1	1	0	0
QUAL	0	3079.8	0	0	0	1
QUAL	0	3080.0	2	0	2	0
QUAL	0	3081.0	3	2	1	0
QUAL	0	3084.0	1	1	0	0
QUAL	0	3085.0	1	1	0	0
QUAL	0	3086.0	1	0	1	0
QUAL	0	3087.0	1	1	0	0
QUAL	0	3091.6	1	1	0	0
QUAL	0	3093.0	2	1	1	0
QUAL	0	3094.0	3	2	1	0
QUAL	0	3095.0	2	1	1	0
QUAL	0	3097.0	1	0	1	0
QUAL	0	3098.0	1	0	1	0
QUAL	0	3100.0	1	1	0	0
QUAL	0	3101.0	1	1	0	0
QUAL	0	3102.0	3	2	1	0
QUAL	0	3104.6	1	1	0	0
QUAL	0	3107.6	1	1	0	0
QUAL	0	3109.0	2	2	0	0
QUAL	0	3111.0	1	1	0	0
QUAL	0	3112.0	1	1	0	0
QUAL	0	3112.6	1	1	0	0
QUAL	0	3114.0	1	1	0	0
QUAL	0	3115.0	1	1	0	0
QUAL	0	3116.0	1	0	1	0
QUAL	0	3118.0	1	1	0	0
QUAL	0	3122.0	0	0	0	1
QUAL	0	3123.0	2	1	1	0
QUAL	0	3126.0	1	1	0	0
QUAL	0	3127.0	1	1	0	0
QUAL	0	3129.0	1	1	0	0
QUAL	0	3130.0	1	1	0	0
QUAL	0	3132.0	3	2	1	0
QUAL	0	3133.0	1	1	0	0
QUAL	0	3134.0	1	1	0	0
QUAL	0	3136.0	1	1	0	0
QUAL	0	3137.0	1	1	0	0
QUAL	0	3138.0	1	0	1	0
QUAL	0	3143.6	1	0	1	0
QUAL	0	3145.0	1	0	1	0
QUAL	0	3145.6	1	0	1	0
QUAL	0	3146.0	1	0	1	0
QUAL	0	3147.0	1	1	0	0
QUAL	0	3148.0	1	1	0	0
QUAL	0	3149.0	2	2	0	0
QUAL	0	3151.0	1	1	0	0
QUAL	0	3154.0	2	2	0	0
QUAL	0	3155.6	0	0	0	1
QUAL	0	3156.6	1	1	0	0
QUAL	0	3157.0	1	1	0	0
QUAL	0	3161.0	3	2	1	0
QUAL	0	3162.0	1	1	0	0
QUAL	0	3165.0	1	1	0	0
QUAL	0	3166.0	1	0	1	0
QUAL	0	3167.0	1	1	0	0
QUAL	0	3168.0	3	3	0	0
QUAL	0	3168.6	1	1	0	0
QUAL	0	3171.0	1	1	0	0
QUAL	0	3172.0	1	1	0	0
QUAL	0	3175.6	1	1	0	0
QUAL	0	3177.0	2	2	0	0
QUAL	0	3178.0	2	1	1	0
QUAL	0	3179.0	1	1	0	0
QUAL	0	3182.0	2	1	1	0
QUAL	0	3183.6	1	0	1	0
QUAL	0	3186.0	2	2	0	0
QUAL	0	3187.0	2	0	2	0
QUAL	0	3190.0	1	1	0	0
QUAL	0	3191.0	2	2	0	0
QUAL	0	3193.0	2	0	2	0
QUAL	0	3195.6	1	1	0	0
QUAL	0	3196.0	1	1	0	0
QUAL	0	3199.0	1	1	0	0
QUAL	0	3200.0	1	0	1	0
QUAL	0	3201.0	1	0	1	0
QUAL	0	3202.0	1	1	0	0
QUAL	0	3203.0	1	1	0	0
QUAL	0	3205.0	2	1	1	0
QUAL	0	3206.0	1	1	0	0
QUAL	0	3206.6	1	1	0	0
QUAL	0	3207.0	2	2	0	0
QUAL	0	3207.6	1	1	0	0
QUAL	0	3209.0	1	1	0	0
QUAL	0	3215.0	1	1	0	0
QUAL	0	3216.6	1	1	0	0
QUAL	0	3218.0	1	1	0	1
QUAL	0	3218.6	1	1	0	0
QUAL	0	3219.0	1	1	0	0
QUAL	0	3219.6	1	0	1	0
QUAL	0	3221.0	1	1	0	0
QUAL	0	3226.0	3	2	1	0
QUAL	0	3227.0	1	1	0	0
QUAL	0	3228.0	1	1	0	0
QUAL	0	3229.0	2	1	1	0
QUAL	0	3235.0	1	1	0	0
QUAL	0	3238.0	2	1	1	0
QUAL	0	3239.0	1	0	1	0
QUAL	0	3239.6	1	0	1	0
QUAL	0	3240.0	3	1	2	0
QUAL	0	3242.0	1	0	1	0
QUAL	0	3244.0	0	0	0	1
QUAL	0	3246.6	1	1	0	0
QUAL	0	3247.0	1	0	1	0
QUAL	0	3248.6	1	0	1	0
QUAL	0	3250.6	1	0	1	0
QUAL	0	3255.0	2	2	0	0
QUAL	0	3257.0	1	1	0	0
QUAL	0	3259.0	2	2	0	0
QUAL	0	3260.0	2	2	0	0
QUAL	0	3262.0	1	1	0	0
QUAL	0	3263.0	1	0	1	0
QUAL	0	3265.0	1	1	0	0
QUAL	0	3266.0	1	0	1	0
QUAL	0	3266.6	1	1	0	0
QUAL	0	3267.0	1	1	0	0
QUAL	0	3268.0	1	1	0	0
QUAL	0	3268.6	1	1	0	0
QUAL	0	3269.0	1	1	0	0
QUAL	0	3271.0	2	1	1	0
QUAL	0	3273.0	1	0	1	0
QUAL	0	3275.0	1	1	0	0
QUAL	0	3281.6	1	1	0	0
QUAL	0	3282.0	1	1	0	0
QUAL	0	3283.0	0	0	0	1
QUAL	0	3285.0	1	1	0	0
QUAL	0	3287.0	1	0	1	1
QUAL	0	3291.0	1	0	1	0
QUAL	0	3292.0	1	1	0	0
QUAL	0	3293.0	1	1	0	0
QUAL	0	3296.0	1	1	0	0
QUAL	0	3298.0	1	1	0	0
QUAL	0	3299.0	1	1	0	0
QUAL	0	3300.0	0	0	0	1
QUAL	0	3301.0	1	1	0	0
QUAL	0	3303.0	1	1	0	0
QUAL	0	3309.0	1	1	0	0
QUAL	0	3310.6	1	1	0	0
QUAL	0	3311.0	1	1	0	0
QUAL	0	3312.0	1	1	0	0
QUAL	0	3313.0	0	0	0	1
QUAL	0	3316.0	0	0	0	1
QUAL	0	3317.0	0	0	0	1
QUAL	0	3320.0	1	1	0	0
QUAL	0	3322.6	1	1	0	0
QUAL	0	3323.0	0	0	0	1
QUAL	0	3324.0	1	1	0	0
QUAL	0	3325.0	1	0	1	0
QUAL	0	3325.6	1	0	1	0
QUAL	0	3326.0	4	3	1	0
QUAL	0	3331.6	0	0	0	1
QUAL	0	3333.0	3	2	1	0
QUAL	0	3337.0	0	0	0	1
QUAL	0	3338.0	2	2	0	0
QUAL	0	3339.0	1	0	1	1
QUAL	0	3339.6	1	1	0	0
QUAL	0	3341.0	1	0	1	0
QUAL	0	3348.6	1	1	0	0
QUAL	0	3351.6	1	0	1	0
QUAL	0	3352.0	2	1	1	0
QUAL	0	3354.0	1	0	1	0
QUAL	0	3355.0	1	1	0	0
QUAL	0	3355.6	1	1	0	0
QUAL	0	3356.0	1	1	0	0
QUAL	0	3358.0	1	0	1	0
QUAL	0	3359.0	1	0	1	0
QUAL	0	3362.0	1	0	1	0
QUAL	0	3363.0	1	0	1	0
QUAL	0	3364.0	1	0	1	0
QUAL	0	3365.0	1	1	0	0
QUAL	0	3366.0	1	1	0	0
QUAL	0	3373.0	0	0	0	1
QUAL	0	3376.0	2	1	1	0
QUAL	0	3377.0	1	1	0	0
QUAL	0	3378.0	1	0	1	0
QUAL	0	3379.0	1	1	0	0
QUAL	0	3385.0	1	1	0	0
QUAL	0	3385.6	1	1	0	0
QUAL	0	3386.0	3	2	1	0
QUAL	0	3387.0	1	1	0	0
QUAL	0	3389.0	1	0	1	0
QUAL	0	3389.6	1	1	0	0
QUAL	0	3394.0	1	0	1	0
QUAL	0	3395.0	2	1	1	0
QUAL	0	3401.0	1	1	0	0
QUAL	0	3403.6	1	1	0	0
QUAL	0	3404.0	2	2	0	0
QUAL	0	3404.6	1	1	0	0
QUAL	0	3406.6	1	1	0	0
QUAL	0	3407.0	2	1	1	0
QUAL	0	3408.0	1	0	1	0
QUAL	0	3412.0	1	1	0	1
QUAL	0	3413.0	1	1	0	0
QUAL	0	3413.6	2	0	2	0
QUAL	0	3415.0	2	2	0	0
QUAL	0	3422.0	1	0	1	0
QUAL	0	3428.0	1	0	1	0
QUAL	0	3429.6	1	0	1	0
QUAL	0	3432.0	1	1	0	0
QUAL	0	3433.0	1	1	0	0
QUAL	0	3439.0	1	0	1	0
QUAL	0	3440.0	2	2	0	0
QUAL	0	3444.0	2	2	0	0
QUAL	0	3445.6	1	1	0	0
QUAL	0	3451.0	3	2	1	0
QUAL	0	3453.6	1	0	1	0
QUAL	0	3454.0	0	0	0	2
QUAL	0	3455.6	1	0	1	0
QUAL	0	3460.6	1	0	1	0
QUAL	0	3461.0	1	1	0	0
QUAL	0	3468.0	0	0	0	1
QUAL	0	3473.0	2	1	1	0
QUAL	0	3479.6	2	2	0	0
QUAL	0	3482.0	1	1	0	0
QUAL	0	3484.6	1	1	0	0
QUAL	0	3485.0	1	1	0	0
QUAL	0	3489.0	2	2	0	0
QUAL	0	3493.0	1	1	0	1
QUAL	0	3497.0	1	1	0	0
QUAL	0	3498.0	0	0	0	1
QUAL	0	3502.6	2	0	2	0
QUAL	0	3505.0	0	0	0	1
QUAL	0	3509.0	1	1	0	0
QUAL	0	3513.6	1	1	0	0
QUAL	0	3517.0	1	0	1	0
QUAL	0	3520.0	1	1	0	0
QUAL	0	3521.6	2	1	1	0
QUAL	0	3524.0	1	1	0	0
QUAL	0	3528.0	1	1	0	0
QUAL	0	3529.0	1	1	0	0
QUAL	0	3532.0	3	2	1	0
QUAL	0	3533.6	2	2	0	0
QUAL	0	3535.0	3	1	2	0
QUAL	0	3536.0	1	0	1	0
QUAL	0	3538.0	2	1	1	0
QUAL	0	3539.0	1	1	0	0
QUAL	0	3540.0	0	0	0	1
QUAL	0	3541.0	1	1	0	0
QUAL	0	3542.0	2	1	1	0
QUAL	0	3543.0	2	1	1	0
QUAL	0	3546.0	1	1	0	0
QUAL	0	3547.0	1	0	1	0
QUAL	0	3551.0	1	1	0	0
QUAL	0	3555.6	1	0	1	0
QUAL	0	3556.0	1	1	0	0
QUAL	0	3558.0	1	1	0	0
QUAL	0	3561.0	1	1	0	0
QUAL	0	3563.6	2	0	2	0
QUAL	0	3565.0	1	0	1	0
QUAL	0	3566.6	1	1	0	0
QUAL	0	3570.6	1	0	1	0
QUAL	0	3579.0	1	1	0	1
QUAL	0	3580.0	1	1	0	0
QUAL	0	3582.0	1	1	0	0
QUAL	0	3583.0	1	0	1	0
QUAL	0	3584.6	1	1	0	0
QUAL	0	3585.0	2	1	1	0
QUAL	0	3586.0	3	2	1	0
QUAL	0	3591.0	1	1	0	0
QUAL	0	3591.6	1	1	0	0
QUAL	0	3592.6	1	1	0	0
QUAL	0	3596.0	0	0	0	1
QUAL	0	3600.0	1	1	0	0
QUAL	0	3601.0	1	1	0	0
QUAL	0	3602.0	1	1	0	0
QUAL	0	3603.0	1	1	0	1
QUAL	0	3604.0	1	1	0	0
QUAL	0	3605.0	1	1	0	0
QUAL	0	3606.0	1	1	0	0
QUAL	0	3606.6	1	1	0	0
QUAL	0	3607.0	1	1	0	0
QUAL	0	3608.6	1	1	0	0
QUAL	0	3609.0	1	0	1	0
QUAL	0	3614.0	1	0	1	0
QUAL	0	3619.0	2	2	0	0
QUAL	0	3620.0	1	1	0	0
QUAL	0	3621.0	0	0	0	1
QUAL	0	3624.0	1	1	0	0
QUAL	0	3630.6	0	0	0	1
QUAL	0	3632.0	1	0	1	0
QUAL	0	3633.0	0	0	0	1
QUAL	0	3638.0	2	0	2	0
QUAL	0	3647.6	1	0	1	0
QUAL	0	3652.0	1	1	0	0
QUAL	0	3652.6	1	0	1	0
QUAL	0	3653.6	1	1	0	0
QUAL	0	3656.0	1	1	0	0
QUAL	0	3659.0	1	0	1	0
QUAL	0	3661.0	1	0	1	0
QUAL	0	3663.0	1	1	0	0
QUAL	0	3664.0	0	0	0	1
QUAL	0	3666.0	1	0	1	0
QUAL	0	3668.0	1	0	1	0
QUAL	0	3669.0	1	1	0	0
QUAL	0	3677.6	1	1	0	0
QUAL	0	3680.0	1	1	0	0
QUAL	0	3680.6	1	0	1	0
QUAL	0	3682.0	1	0	1	0
QUAL	0	3682.6	1	0	1	0
QUAL	0	3685.0	1	1	0	0
QUAL	0	3687.0	1	1	0	0
QUAL	0	3688.0	1	0	1	0
QUAL	0	3696.0	1	1	0	0
QUAL	0	3699.6	1	0	1	0
QUAL	0	3703.0	2	1	1	0
QUAL	0	3707.0	0	0	0	1
QUAL	0	3709.6	2	0	2	0
QUAL	0	3710.0	1	1	0	0
QUAL	0	3711.0	1	1	0	0
QUAL	0	3713.0	1	0	1	0
QUAL	0	3716.0	1	1	0	0
QUAL	0	3717.0	1	0	1	0
QUAL	0	3717.6	1	1	0	0
QUAL	0	3720.6	1	1	0	0
QUAL	0	3723.0	1	1	0	0
QUAL	0	3724.0	1	1	0	0
QUAL	0	3733.0	1	1	0	0
QUAL	0	3736.0	1	0	1	0
QUAL	0	3738.0	1	1	0	0
QUAL	0	3739.0	1	0	1	0
QUAL	0	3746.6	1	1	0	0
QUAL	0	3747.0	1	1	0	0
QUAL	0	3748.0	2	0	2	0
QUAL	0	3749.6	1	1	0	0
QUAL	0	3758.0	1	1	0	0
QUAL	0	3758.6	1	0	1	0
QUAL	0	3759.0	1	1	0	0
QUAL	0	3759.6	1	0	1	0
QUAL	0	3760.6	1	1	0	0
QUAL	0	3762.0	1	1	0	0
QUAL	0	3763.0	1	1	0	0
QUAL	0	3769.0	1	1	0	0
QUAL	0	3771.0	1	0	1	0
QUAL	0	3773.0	1	0	1	0
QUAL	0	3781.0	1	0	1	0
QUAL	0	3783.0	1	1	0	0
QUAL	0	3784.0	0	0	0	1
QUAL	0	3787.6	1	1	0	0
QUAL	0	3788.0	1	0	1	0
QUAL	0	3788.6	2	1	1	0
QUAL	0	3789.0	2	1	1	0
QUAL	0	3790.0	1	1	0	0
QUAL	0	3792.0	1	1	0	0
QUAL	0	3797.0	1	1	0	0
QUAL	0	3799.0	1	0	1	0
QUAL	0	3805.0	1	1	0	0
QUAL	0	3806.0	1	1	0	0
QUAL	0	3806.6	1	0	1	0
QUAL	0	3814.0	1	1	0	0
QUAL	0	3815.0	0	0	0	1
QUAL	0	3816.0	2	2	0	0
QUAL	0	3817.0	1	0	1	0
QUAL	0	3819.0	2	0	2	0
QUAL	0	3822.0	1	1	0	0
QUAL	0	3837.0	2	2	0	0
QUAL	0	3838.0	1	1	0	0
QUAL	0	3846.0	1	1	0	0
QUAL	0	3853.0	1	1	0	0
QUAL	0	3855.0	1	1	0	0
QUAL	0	3860.0	1	0	1	0
QUAL	0	3862.0	2	0	2	0
QUAL	0	3863.0	0	0	0	1
QUAL	0	3866.0	1	1	0	1
QUAL	0	3870.0	1	1	0	0
QUAL	0	3870.6	1	1	0	0
QUAL	0	3871.6	1	0	1	0
QUAL	0	3873.0	1	0	1	0
QUAL	0	3876.0	1	0	1	0
QUAL	0	3879.0	1	1	0	0
QUAL	0	3880.0	1	1	0	0
QUAL	0	3880.6	1	1	0	0
QUAL	0	3883.0	0	0	0	1
QUAL	0	3887.6	1	1	0	0
QUAL	0	3900.0	1	0	1	0
QUAL	0	3909.0	1	0	1	0
QUAL	0	3911.0	1	1	0	0
QUAL	0	3912.0	1	1	0	0
QUAL	0	3913.0	0	0	0	1
QUAL	0	3914.0	1	1	0	0
QUAL	0	3915.0	1	0	1	0
QUAL	0	3917.0	2	1	1	0
QUAL	0	3919.6	1	1	0	0
QUAL	0	3920.6	1	0	1	0
QUAL	0	3921.6	1	0	1	0
QUAL	0	3923.0	1	0	1	0
QUAL	0	3926.0	3	2	1	0
QUAL	0	3933.0	1	1	0	0
QUAL	0	3934.0	1	0	1	0
QUAL	0	3938.0	0	0	0	1
QUAL	0	3939.0	0	0	0	1
QUAL	0	3941.0	1	1	0	0
QUAL	0	3941.6	1	1	0	0
QUAL	0	3942.0	1	0	1	0
QUAL	0	3945.0	1	1	0	0
QUAL	0	3950.0	1	1	0	0
QUAL	0	3954.0	0	0	0	1
QUAL	0	3962.0	1	0	1	0
QUAL	0	3964.0	1	1	0	0
QUAL	0	3969.0	2	2	0	0
QUAL	0	3971.0	1	1	0	0
QUAL	0	3976.0	1	1	0	0
QUAL	0	3977.0	1	1	0	0
QUAL	0	3978.0	1	1	0	0
QUAL	0	3979.6	1	1	0	0
QUAL	0	3983.0	1	1	0	0
QUAL	0	3990.0	1	1	0	0
QUAL	0	3992.6	1	1	0	0
QUAL	0	3996.0	1	0	1	0
QUAL	0	3998.6	1	1	0	0
QUAL	0	3999.0	1	1	0	0
QUAL	0	4004.6	1	0	1	0
QUAL	0	4007.0	0	0	0	1
QUAL	0	4008.0	1	0	1	0
QUAL	0	4012.0	1	1	0	0
QUAL	0	4015.0	1	1	0	0
QUAL	0	4018.0	1	1	0	0
QUAL	0	4019.6	0	0	0	1
QUAL	0	4023.0	1	1	0	0
QUAL	0	4025.0	3	1	2	0
QUAL	0	4026.6	1	0	1	0
QUAL	0	4027.0	1	0	1	0
QUAL	0	4037.0	1	1	0	0
QUAL	0	4039.0	1	1	0	0
QUAL	0	4044.0	1	1	0	0
QUAL	0	4046.0	0	0	0	1
QUAL	0	4050.0	1	0	1	0
QUAL	0	4055.6	1	0	1	0
QUAL	0	4056.0	2	1	1	0
QUAL	0	4058.0	2	2	0	0
QUAL	0	4058.6	1	0	1	0
QUAL	0	4061.0	1	1	0	0
QUAL	0	4070.0	1	0	1	0
QUAL	0	4074.0	1	0	1	0
QUAL	0	4076.0	0	0	0	1
QUAL	0	4088.0	1	0	1	0
QUAL	0	4089.0	1	1	0	0
QUAL	0	4090.0	1	0	1	0
QUAL	0	4092.0	1	0	1	0
QUAL	0	4093.0	1	0	1	0
QUAL	0	4097.0	1	1	0	0
QUAL	0	4109.0	1	1	0	0
QUAL	0	4111.0	1	1	0	0
QUAL	0	4114.0	1	1	0	0
QUAL	0	4137.0	1	1	0	0
QUAL	0	4151.0	1	0	1	0
QUAL	0	4160.0	0	0	0	1
QUAL	0	4163.0	1	1	0	0
QUAL	0	4170.0	1	0	1	0
QUAL	0	4173.0	0	0	0	1
QUAL	0	4179.0	1	1	0	0
QUAL	0	4180.0	1	1	0	0
QUAL	0	4182.6	1	1	0	0
QUAL	0	4183.0	1	1	0	0
QUAL	0	4189.0	1	1	0	0
QUAL	0	4195.0	1	0	1	0
QUAL	0	4207.0	1	0	1	0
QUAL	0	4214.0	1	1	0	0
QUAL	0	4221.0	1	1	0	0
QUAL	0	4223.6	1	1	0	0
QUAL	0	4231.0	1	1	0	0
QUAL	0	4239.6	1	1	0	0
QUAL	0	4241.0	3	1	2	0
QUAL	0	4242.6	1	0	1	0
QUAL	0	4245.0	1	0	1	0
QUAL	0	4248.0	1	1	0	0
QUAL	0	4250.0	1	0	1	0
QUAL	0	4252.6	1	1	0	0
QUAL	0	4255.0	1	1	0	0
QUAL	0	4257.0	1	1	0	0
QUAL	0	4264.0	1	0	1	0
QUAL	0	4266.0	1	0	1	0
QUAL	0	4266.6	2	0	2	0
QUAL	0	4270.0	1	0	1	0
QUAL	0	4276.6	1	1	0	0
QUAL	0	4277.6	1	1	0	0
QUAL	0	4282.6	1	0	1	0
QUAL	0	4285.0	1	1	0	0
QUAL	0	4288.0	1	0	1	0
QUAL	0	4298.0	1	1	0	1
QUAL	0	4300.0	1	1	0	0
QUAL	0	4305.6	1	0	1	0
QUAL	0	4306.0	2	1	1	0
QUAL	0	4308.0	0	0	0	1
QUAL	0	4313.0	1	1	0	0
QUAL	0	4315.0	1	0	1	0
QUAL	0	4320.0	1	0	1	0
QUAL	0	4332.6	1	1	0	0
QUAL	0	4334.0	1	0	1	0
QUAL	0	4349.0	1	1	0	0
QUAL	0	4360.6	1	1	0	0
QUAL	0	4362.0	0	0	0	1
QUAL	0	4363.0	1	1	0	0
QUAL	0	4367.0	2	1	1	0
QUAL	0	4372.0	1	1	0	0
QUAL	0	4374.0	1	1	0	0
QUAL	0	4379.0	1	0	1	0
QUAL	0	4385.0	1	1	0	0
QUAL	0	4397.0	1	1	0	0
QUAL	0	4398.0	1	1	0	0
QUAL	0	4399.0	1	1	0	0
QUAL	0	4402.0	2	2	0	0
QUAL	0	4409.0	1	1	0	0
QUAL	0	4448.0	1	1	0	0
QUAL	0	4470.0	1	0	1	0
QUAL	0	4484.0	1	1	0	0
QUAL	0	4499.6	1	1	0	0
QUAL	0	4510.0	1	0	1	0
QUAL	0	4515.0	1	1	0	0
QUAL	0	4528.0	1	1	0	0
QUAL	0	4529.0	1	1	0	0
QUAL	0	4530.0	1	1	0	0
QUAL	0	4531.0	1	0	1	0
QUAL	0	4532.0	1	1	0	0
QUAL	0	4533.0	1	1	0	0
QUAL	0	4535.0	1	1	0	0
QUAL	0	4544.0	2	1	1	0
QUAL	0	4550.0	1	1	0	0
QUAL	0	4564.0	1	1	0	0
QUAL	0	4567.0	1	1	0	0
QUAL	0	4575.6	1	0	1	0
QUAL	0	4579.0	1	1	0	0
QUAL	0	4583.0	2	2	0	0
QUAL	0	4589.0	1	1	0	0
QUAL	0	4607.0	1	0	1	0
QUAL	0	4625.0	1	1	0	0
QUAL	0	4631.0	1	1	0	0
QUAL	0	4632.0	1	1	0	0
QUAL	0	4636.0	1	1	0	0
QUAL	0	4653.6	1	1	0	0
QUAL	0	4654.0	2	2	0	0
QUAL	0	4666.0	1	1	0	0
QUAL	0	4676.0	1	1	0	0
QUAL	0	4676.6	1	0	1	0
QUAL	0	4679.6	1	1	0	0
QUAL	0	4693.0	1	1	0	0
QUAL	0	4699.0	1	1	0	0
QUAL	0	4704.0	1	1	0	0
QUAL	0	4707.0	1	0	1	0
QUAL	0	4711.0	1	0	1	0
QUAL	0	4712.6	0	0	0	1
QUAL	0	4717.0	1	1	0	0
QUAL	0	4726.0	1	0	1	0
QUAL	0	4733.0	1	1	0	0
QUAL	0	4739.0	1	0	1	0
QUAL	0	4740.0	2	2	0	0
QUAL	0	4757.0	1	1	0	0
QUAL	0	4767.0	1	1	0	0
QUAL	0	4768.0	1	0	1	0
QUAL	0	4773.0	1	1	0	0
QUAL	0	4779.6	1	1	0	0
QUAL	0	4783.0	2	1	1	0
QUAL	0	4797.0	0	0	0	1
QUAL	0	4797.6	1	1	0	0
QUAL	0	4806.0	1	1	0	0
QUAL	0	4807.6	1	1	0	0
QUAL	0	4823.6	1	1	0	0
QUAL	0	4825.0	1	1	0	0
QUAL	0	4829.0	1	0	1	0
QUAL	0	4837.0	1	0	1	0
QUAL	0	4843.0	1	1	0	0
QUAL	0	4844.0	1	1	0	0
QUAL	0	4846.0	0	0	0	1
QUAL	0	4852.0	1	0	1	0
QUAL	0	4857.0	1	1	0	0
QUAL	0	4860.0	1	1	0	0
QUAL	0	4865.0	1	0	1	0
QUAL	0	4870.0	1	0	1	0
QUAL	0	4874.0	1	0	1	0
QUAL	0	4874.6	1	1	0	0
QUAL	0	4878.0	1	1	0	0
QUAL	0	4880.0	1	1	0	0
QUAL	0	4883.6	1	0	1	0
QUAL	0	4893.0	1	1	0	0
QUAL	0	4898.0	1	0	1	0
QUAL	0	4917.0	1	1	0	0
QUAL	0	4919.6	1	0	1	0
QUAL	0	4924.0	1	1	0	0
QUAL	0	4937.0	1	1	0	0
QUAL	0	4978.0	1	1	0	0
QUAL	0	4980.0	1	1	0	0
QUAL	0	4981.0	3	0	3	0
QUAL	0	4982.0	1	1	0	0
QUAL	0	4987.0	1	1	0	0
QUAL	0	4989.0	1	0	1	0
QUAL	0	5010.0	1	0	1	0
QUAL	0	5017.6	1	1	0	0
QUAL	0	5032.0	1	0	1	0
QUAL	0	5047.6	1	1	0	0
QUAL	0	5070.0	1	0	1	0
QUAL	0	5071.0	1	1	0	0
QUAL	0	5085.0	1	1	0	0
QUAL	0	5091.0	1	1	0	0
QUAL	0	5094.6	1	1	0	0
QUAL	0	5096.0	2	0	2	0
QUAL	0	5123.6	1	0	1	0
QUAL	0	5170.6	1	0	1	0
QUAL	0	5172.0	1	0	1	0
QUAL	0	5180.0	1	0	1	0
QUAL	0	5181.0	1	1	0	0
QUAL	0	5198.6	1	0	1	0
QUAL	0	5209.6	1	1	0	0
QUAL	0	5220.0	1	0	1	0
QUAL	0	5246.0	1	1	0	0
QUAL	0	5269.0	1	0	1	0
QUAL	0	5295.6	1	1	0	0
QUAL	0	5303.0	1	0	1	0
QUAL	0	5306.0	1	0	1	0
QUAL	0	5307.0	1	1	0	0
QUAL	0	5308.0	1	0	1	0
QUAL	0	5343.0	3	1	2	0
QUAL	0	5351.0	1	0	1	0
QUAL	0	5355.0	0	0	0	1
QUAL	0	5356.0	1	0	1	0
QUAL	0	5376.0	1	0	1	0
QUAL	0	5407.0	1	1	0	0
QUAL	0	5435.0	2	1	1	0
QUAL	0	5438.0	1	1	0	0
QUAL	0	5444.0	1	0	1	0
QUAL	0	5469.0	1	0	1	0
QUAL	0	5471.0	1	1	0	0
QUAL	0	5500.0	1	1	0	0
QUAL	0	5522.6	1	1	0	0
QUAL	0	5577.0	1	1	0	0
QUAL	0	5580.0	1	0	1	0
QUAL	0	5598.6	1	1	0	0
QUAL	0	5623.0	0	0	0	1
QUAL	0	5638.0	1	1	0	0
QUAL	0	5641.0	1	0	1	0
QUAL	0	5644.0	1	1	0	0
QUAL	0	5699.0	1	0	1	0
QUAL	0	5711.0	1	1	0	0
QUAL	0	5736.6	1	1	0	0
QUAL	0	5772.0	1	1	0	0
QUAL	0	5776.0	1	1	0	0
QUAL	0	5854.0	1	0	1	0
QUAL	0	5859.0	0	0	0	1
QUAL	0	5875.6	1	0	1	0
QUAL	0	5907.6	1	1	0	0
QUAL	0	5928.6	1	0	1	0
QUAL	0	5950.0	1	1	0	0
QUAL	0	5991.0	1	0	1	0
QUAL	0	6023.6	1	1	0	0
QUAL	0	6025.6	2	0	2	0
QUAL	0	6089.6	1	0	1	0
QUAL	0	6126.0	1	0	1	0
QUAL	0	6136.0	1	0	1	0
QUAL	0	6153.6	1	0	1	0
QUAL	0	6155.6	1	0	1	0
QUAL	0	6179.6	1	1	0	0
QUAL	0	6184.6	1	0	1	0
QUAL	0	6210.0	1	0	1	0
QUAL	0	6337.0	1	1	0	0
QUAL	0	6342.0	0	0	0	1
QUAL	0	6356.0	1	1	0	0
QUAL	0	6357.6	1	1	0	0
QUAL	0	6369.0	1	0	1	0
QUAL	0	6406.0	1	0	1	0
QUAL	0	6434.0	2	2	0	0
QUAL	0	6477.0	1	1	0	0
QUAL	0	6498.6	1	1	0	0
QUAL	0	6530.0	1	0	1	0
QUAL	0	6535.6	1	1	0	0
QUAL	0	6543.0	1	1	0	0
QUAL	0	6578.0	1	0	1	0
QUAL	0	6605.0	1	0	1	0
QUAL	0	6661.0	1	1	0	0
QUAL	0	6709.6	1	1	0	0
QUAL	0	6715.0	1	1	0	0
QUAL	0	6740.0	1	1	0	0
QUAL	0	6740.6	1	1	0	0
QUAL	0	6760.0	1	1	0	0
QUAL	0	6810.6	1	0	1	0
QUAL	0	6840.0	1	1	0	0
QUAL	0	6876.0	1	1	0	0
QUAL	0	6911.0	1	1	0	0
QUAL	0	6978.0	1	1	0	0
QUAL	0	6980.0	1	1	0	0
QUAL	0	7006.0	1	0	1	0
QUAL	0	7012.0	1	1	0	0
QUAL	0	7051.6	1	1	0	0
QUAL	0	7053.0	1	0	1	0
QUAL	0	7080.6	1	1	0	0
QUAL	0	7130.0	1	1	0	0
QUAL	0	7171.0	1	0	1	0
QUAL	0	7183.6	1	0	1	0
QUAL	0	7298.6	1	1	0	0
QUAL	0	7339.0	1	1	0	0
QUAL	0	7362.0	1	0	1	0
QUAL	0	7390.0	1	0	1	0
QUAL	0	7581.0	1	1	0	0
QUAL	0	7780.0	1	1	0	0
QUAL	0	7873.0	1	1	0	0
QUAL	0	7893.6	1	1	0	0
QUAL	0	7947.6	1	1	0	0
QUAL	0	8031.6	1	1	0	0
QUAL	0	8042.0	1	0	1	0
QUAL	0	8328.0	1	1	0	0
QUAL	0	8568.0	1	1	0	0
QUAL	0	8596.0	0	0	0	1
QUAL	0	8846.0	1	1	0	0
QUAL	0	8868.0	1	1	0	0
QUAL	0	9100.0	1	1	0	0
QUAL	0	9103.0	1	1	0	0
QUAL	0	10032.9	1	1	0	0
QUAL	0	10122.9	1	0	1	0
QUAL	0	10720.9	1	0	1	0
QUAL	0	10754.9	1	1	0	0
QUAL	0	11345.9	1	0	1	0
QUAL	0	11364.9	1	0	1	0
QUAL	0	13155.9	1	1	0	0
QUAL	0	13842.9	1	1	0	0
QUAL	0	14520.9	1	1	0	0
QUAL	0	16982.9	1	1	0	0
QUAL	0	17594.9	1	1	0	0
QUAL	0	22098.9	1	1	0	0
# IDD, InDel distribution:
# IDD	[2]id	[3]length (deletions negative)	[4]number of sites	[5]number of genotypes	[6]mean VAF
IDD	0	-60	39	0	.
IDD	0	-58	2	0	.
IDD	0	-57	4	0	.
IDD	0	-56	1	0	.
IDD	0	-55	2	0	.
IDD	0	-54	1	0	.
IDD	0	-51	2	0	.
IDD	0	-49	5	0	.
IDD	0	-48	6	0	.
IDD	0	-47	1	0	.
IDD	0	-46	3	0	.
IDD	0	-45	3	0	.
IDD	0	-44	4	0	.
IDD	0	-43	2	0	.
IDD	0	-42	8	0	.
IDD	0	-41	3	0	.
IDD	0	-40	4	0	.
IDD	0	-39	2	0	.
IDD	0	-38	3	0	.
IDD	0	-37	7	0	.
IDD	0	-36	4	0	.
IDD	0	-35	3	0	.
IDD	0	-34	6	0	.
IDD	0	-33	5	0	.
IDD	0	-32	10	0	.
IDD	0	-31	1	0	.
IDD	0	-30	18	0	.
IDD	0	-29	4	0	.
IDD	0	-28	7	0	.
IDD	0	-27	12	0	.
IDD	0	-26	11	0	.
IDD	0	-25	8	0	.
IDD	0	-24	24	0	.
IDD	0	-23	12	0	.
IDD	0	-22	19	0	.
IDD	0	-21	29	0	.
IDD	0	-20	32	0	.
IDD	0	-19	25	0	.
IDD	0	-18	42	0	.
IDD	0	-17	24	0	.
IDD	0	-16	51	0	.
IDD	0	-15	57	0	.
IDD	0	-14	50	0	.
IDD	0	-13	57	0	.
IDD	0	-12	147	0	.
IDD	0	-11	82	0	.
IDD	0	-10	147	0	.
IDD	0	-9	123	0	.
IDD	0	-8	228	0	.
IDD	0	-7	126	0	.
IDD	0	-6	397	0	.
IDD	0	-5	521	0	.
IDD	0	-4	1434	0	.
IDD	0	-3	1520	0	.
IDD	0	-2	3454	0	.
IDD	0	-1	11199	0	.
IDD	0	1	8726	0	.
IDD	0	2	2177	0	.
IDD	0	3	942	0	.
IDD	0	4	1002	0	.
IDD	0	5	418	0	.
IDD	0	6	260	0	.
IDD	0	7	80	0	.
IDD	0	8	169	0	.
IDD	0	9	79	0	.
IDD	0	10	74	0	.
IDD	0	11	40	0	.
IDD	0	12	78	0	.
IDD	0	13	32	0	.
IDD	0	14	39	0	.
IDD	0	15	52	0	.
IDD	0	16	31	0	.
IDD	0	17	20	0	.
IDD	0	18	23	0	.
IDD	0	19	21	0	.
IDD	0	20	20	0	.
IDD	0	21	23	0	.
IDD	0	22	10	0	.
IDD	0	23	5	0	.
IDD	0	24	17	0	.
IDD	0	25	8	0	.
IDD	0	26	2	0	.
IDD	0	27	7	0	.
IDD	0	28	4	0	.
IDD	0	29	7	0	.
IDD	0	30	12	0	.
IDD	0	31	6	0	.
IDD	0	32	4	0	.
IDD	0	33	1	0	.
IDD	0	34	3	0	.
IDD	0	35	4	0	.
IDD	0	36	1	0	.
IDD	0	37	2	0	.
IDD	0	38	2	0	.
IDD	0	39	4	0	.
IDD	0	40	2	0	.
IDD	0	42	1	0	.
IDD	0	45	1	0	.
IDD	0	48	2	0	.
IDD	0	49	1	0	.
IDD	0	50	1	0	.
IDD	0	51	1	0	.
IDD	0	52	1	0	.
IDD	0	53	3	0	.
IDD	0	57	1	0	.
IDD	0	60	7	0	.
# ST, Substitution types:
# ST	[2]id	[3]type	[4]count
ST	0	A>C	8479
ST	0	A>G	36689
ST	0	A>T	7348
ST	0	C>A	23475
ST	0	C>G	10384
ST	0	C>T	37855
ST	0	G>A	38146
ST	0	G>C	10392
ST	0	G>T	23816
ST	0	T>A	7216
ST	0	T>C	37020
ST	0	T>G	8501
# DP, depth:
#   - set id, see above
#   - the depth bin, corresponds to the depth (unless --depth was given)
#   - number of genotypes with this depth (zero unless -s/-S was given)
#   - fraction of genotypes with this depth (zero unless -s/-S was given)
#   - number of sites with this depth
#   - fraction of sites with this depth
# DP, Depth distribution
# DP	[2]id	[3]bin	[4]number of genotypes	[5]fraction of genotypes (%)	[6]number of sites	[7]fraction of sites (%)
DP	0	1	0	0.000000	2549	0.900382
DP	0	2	0	0.000000	138928	49.073479
DP	0	3	0	0.000000	19943	7.044457
DP	0	4	0	0.000000	9903	3.498033
DP	0	5	0	0.000000	6277	2.217222
DP	0	6	0	0.000000	5620	1.985150
DP	0	7	0	0.000000	4972	1.756257
DP	0	8	0	0.000000	4640	1.638985
DP	0	9	0	0.000000	4273	1.509350
DP	0	10	0	0.000000	4094	1.446122
DP	0	11	0	0.000000	3826	1.351456
DP	0	12	0	0.000000	3424	1.209458
DP	0	13	0	0.000000	3451	1.218995
DP	0	14	0	0.000000	3210	1.133867
DP	0	15	0	0.000000	3072	1.085121
DP	0	16	0	0.000000	2863	1.011296
DP	0	17	0	0.000000	2683	0.947715
DP	0	18	0	0.000000	2560	0.904268
DP	0	19	0	0.000000	2428	0.857641
DP	0	20	0	0.000000	2330	0.823025
DP	0	21	0	0.000000	2158	0.762269
DP	0	22	0	0.000000	2128	0.751673
DP	0	23	0	0.000000	2028	0.716350
DP	0	24	0	0.000000	1990	0.702927
DP	0	25	0	0.000000	1909	0.674315
DP	0	26	0	0.000000	1753	0.619211
DP	0	27	0	0.000000	1655	0.584595
DP	0	28	0	0.000000	1610	0.568700
DP	0	29	0	0.000000	1482	0.523486
DP	0	30	0	0.000000	1551	0.547859
DP	0	31	0	0.000000	1374	0.485337
DP	0	32	0	0.000000	1341	0.473681
DP	0	33	0	0.000000	1252	0.442243
DP	0	34	0	0.000000	1228	0.433766
DP	0	35	0	0.000000	1189	0.419990
DP	0	36	0	0.000000	1095	0.386786
DP	0	37	0	0.000000	1103	0.389612
DP	0	38	0	0.000000	1014	0.358175
DP	0	39	0	0.000000	937	0.330976
DP	0	40	0	0.000000	946	0.334155
DP	0	41	0	0.000000	873	0.308369
DP	0	42	0	0.000000	802	0.283290
DP	0	43	0	0.000000	818	0.288942
DP	0	44	0	0.000000	751	0.265275
DP	0	45	0	0.000000	746	0.263509
DP	0	46	0	0.000000	757	0.267395
DP	0	47	0	0.000000	611	0.215823
DP	0	48	0	0.000000	675	0.238430
DP	0	49	0	0.000000	602	0.212644
DP	0	50	0	0.000000	605	0.213704
DP	0	51	0	0.000000	566	0.199928
DP	0	52	0	0.000000	479	0.169197
DP	0	53	0	0.000000	526	0.185799
DP	0	54	0	0.000000	488	0.172376
DP	0	55	0	0.000000	450	0.158953
DP	0	56	0	0.000000	427	0.150829
DP	0	57	0	0.000000	483	0.170610
DP	0	58	0	0.000000	372	0.131401
DP	0	59	0	0.000000	421	0.148710
DP	0	60	0	0.000000	399	0.140939
DP	0	61	0	0.000000	346	0.122217
DP	0	62	0	0.000000	327	0.115506
DP	0	63	0	0.000000	335	0.118332
DP	0	64	0	0.000000	293	0.103496
DP	0	65	0	0.000000	297	0.104909
DP	0	66	0	0.000000	287	0.101377
DP	0	67	0	0.000000	271	0.095725
DP	0	68	0	0.000000	277	0.097845
DP	0	69	0	0.000000	279	0.098551
DP	0	70	0	0.000000	255	0.090074
DP	0	71	0	0.000000	238	0.084069
DP	0	72	0	0.000000	233	0.082302
DP	0	73	0	0.000000	234	0.082656
DP	0	74	0	0.000000	214	0.075591
DP	0	75	0	0.000000	207	0.073119
DP	0	76	0	0.000000	201	0.070999
DP	0	77	0	0.000000	182	0.064288
DP	0	78	0	0.000000	188	0.066407
DP	0	79	0	0.000000	156	0.055104
DP	0	80	0	0.000000	164	0.057930
DP	0	81	0	0.000000	173	0.061109
DP	0	82	0	0.000000	152	0.053691
DP	0	83	0	0.000000	149	0.052631
DP	0	84	0	0.000000	149	0.052631
DP	0	85	0	0.000000	159	0.056164
DP	0	86	0	0.000000	117	0.041328
DP	0	87	0	0.000000	148	0.052278
DP	0	88	0	0.000000	121	0.042741
DP	0	89	0	0.000000	116	0.040975
DP	0	90	0	0.000000	128	0.045213
DP	0	91	0	0.000000	116	0.040975
DP	0	92	0	0.000000	102	0.036029
DP	0	93	0	0.000000	103	0.036383
DP	0	94	0	0.000000	107	0.037796
DP	0	95	0	0.000000	110	0.038855
DP	0	96	0	0.000000	96	0.033910
DP	0	97	0	0.000000	78	0.027552
DP	0	98	0	0.000000	96	0.033910
DP	0	99	0	0.000000	97	0.034263
DP	0	100	0	0.000000	93	0.032850
DP	0	101	0	0.000000	85	0.030025
DP	0	102	0	0.000000	90	0.031791
DP	0	103	0	0.000000	82	0.028965
DP	0	104	0	0.000000	71	0.025079
DP	0	105	0	0.000000	79	0.027905
DP	0	106	0	0.000000	72	0.025433
DP	0	107	0	0.000000	60	0.021194
DP	0	108	0	0.000000	78	0.027552
DP	0	109	0	0.000000	51	0.018015
DP	0	110	0	0.000000	77	0.027199
DP	0	111	0	0.000000	63	0.022253
DP	0	112	0	0.000000	56	0.019781
DP	0	113	0	0.000000	59	0.020841
DP	0	114	0	0.000000	48	0.016955
DP	0	115	0	0.000000	43	0.015189
DP	0	116	0	0.000000	60	0.021194
DP	0	117	0	0.000000	41	0.014482
DP	0	118	0	0.000000	49	0.017308
DP	0	119	0	0.000000	45	0.015895
DP	0	120	0	0.000000	38	0.013423
DP	0	121	0	0.000000	51	0.018015
DP	0	122	0	0.000000	45	0.015895
DP	0	123	0	0.000000	43	0.015189
DP	0	124	0	0.000000	32	0.011303
DP	0	125	0	0.000000	34	0.012010
DP	0	126	0	0.000000	30	0.010597
DP	0	127	0	0.000000	40	0.014129
DP	0	128	0	0.000000	45	0.015895
DP	0	129	0	0.000000	28	0.009890
DP	0	130	0	0.000000	30	0.010597
DP	0	131	0	0.000000	32	0.011303
DP	0	132	0	0.000000	33	0.011657
DP	0	133	0	0.000000	29	0.010244
DP	0	134	0	0.000000	22	0.007771
DP	0	135	0	0.000000	24	0.008478
DP	0	136	0	0.000000	26	0.009184
DP	0	137	0	0.000000	27	0.009537
DP	0	138	0	0.000000	25	0.008831
DP	0	139	0	0.000000	20	0.007065
DP	0	140	0	0.000000	24	0.008478
DP	0	141	0	0.000000	20	0.007065
DP	0	142	0	0.000000	21	0.007418
DP	0	143	0	0.000000	22	0.007771
DP	0	144	0	0.000000	16	0.005652
DP	0	145	0	0.000000	25	0.008831
DP	0	146	0	0.000000	19	0.006711
DP	0	147	0	0.000000	18	0.006358
DP	0	148	0	0.000000	14	0.004945
DP	0	149	0	0.000000	16	0.005652
DP	0	150	0	0.000000	15	0.005298
DP	0	151	0	0.000000	15	0.005298
DP	0	152	0	0.000000	18	0.006358
DP	0	153	0	0.000000	13	0.004592
DP	0	154	0	0.000000	21	0.007418
DP	0	155	0	0.000000	19	0.006711
DP	0	156	0	0.000000	14	0.004945
DP	0	157	0	0.000000	14	0.004945
DP	0	158	0	0.000000	12	0.004239
DP	0	159	0	0.000000	23	0.008124
DP	0	160	0	0.000000	11	0.003886
DP	0	161	0	0.000000	20	0.007065
DP	0	162	0	0.000000	14	0.004945
DP	0	163	0	0.000000	13	0.004592
DP	0	164	0	0.000000	14	0.004945
DP	0	165	0	0.000000	14	0.004945
DP	0	166	0	0.000000	4	0.001413
DP	0	167	0	0.000000	10	0.003532
DP	0	168	0	0.000000	10	0.003532
DP	0	169	0	0.000000	9	0.003179
DP	0	170	0	0.000000	16	0.005652
DP	0	171	0	0.000000	8	0.002826
DP	0	172	0	0.000000	10	0.003532
DP	0	173	0	0.000000	15	0.005298
DP	0	174	0	0.000000	7	0.002473
DP	0	175	0	0.000000	12	0.004239
DP	0	176	0	0.000000	14	0.004945
DP	0	177	0	0.000000	10	0.003532
DP	0	178	0	0.000000	6	0.002119
DP	0	179	0	0.000000	13	0.004592
DP	0	180	0	0.000000	9	0.003179
DP	0	181	0	0.000000	8	0.002826
DP	0	182	0	0.000000	6	0.002119
DP	0	183	0	0.000000	8	0.002826
DP	0	184	0	0.000000	19	0.006711
DP	0	185	0	0.000000	17	0.006005
DP	0	186	0	0.000000	5	0.001766
DP	0	187	0	0.000000	8	0.002826
DP	0	188	0	0.000000	11	0.003886
DP	0	189	0	0.000000	5	0.001766
DP	0	190	0	0.000000	7	0.002473
DP	0	191	0	0.000000	1	0.000353
DP	0	192	0	0.000000	10	0.003532
DP	0	193	0	0.000000	10	0.003532
DP	0	194	0	0.000000	2	0.000706
DP	0	195	0	0.000000	5	0.001766
DP	0	196	0	0.000000	2	0.000706
DP	0	197	0	0.000000	8	0.002826
DP	0	198	0	0.000000	8	0.002826
DP	0	199	0	0.000000	5	0.001766
DP	0	200	0	0.000000	13	0.004592
DP	0	201	0	0.000000	1	0.000353
DP	0	202	0	0.000000	8	0.002826
DP	0	203	0	0.000000	7	0.002473
DP	0	204	0	0.000000	5	0.001766
DP	0	205	0	0.000000	3	0.001060
DP	0	206	0	0.000000	2	0.000706
DP	0	207	0	0.000000	6	0.002119
DP	0	208	0	0.000000	4	0.001413
DP	0	209	0	0.000000	4	0.001413
DP	0	210	0	0.000000	4	0.001413
DP	0	211	0	0.000000	4	0.001413
DP	0	212	0	0.000000	4	0.001413
DP	0	213	0	0.000000	4	0.001413
DP	0	214	0	0.000000	4	0.001413
DP	0	215	0	0.000000	1	0.000353
DP	0	216	0	0.000000	3	0.001060
DP	0	217	0	0.000000	7	0.002473
DP	0	218	0	0.000000	8	0.002826
DP	0	219	0	0.000000	6	0.002119
DP	0	220	0	0.000000	3	0.001060
DP	0	221	0	0.000000	5	0.001766
DP	0	222	0	0.000000	1	0.000353
DP	0	223	0	0.000000	3	0.001060
DP	0	224	0	0.000000	1	0.000353
DP	0	226	0	0.000000	4	0.001413
DP	0	227	0	0.000000	4	0.001413
DP	0	228	0	0.000000	2	0.000706
DP	0	229	0	0.000000	5	0.001766
DP	0	230	0	0.000000	1	0.000353
DP	0	231	0	0.000000	6	0.002119
DP	0	232	0	0.000000	2	0.000706
DP	0	233	0	0.000000	2	0.000706
DP	0	235	0	0.000000	5	0.001766
DP	0	237	0	0.000000	3	0.001060
DP	0	238	0	0.000000	3	0.001060
DP	0	239	0	0.000000	4	0.001413
DP	0	240	0	0.000000	1	0.000353
DP	0	241	0	0.000000	3	0.001060
DP	0	242	0	0.000000	3	0.001060
DP	0	243	0	0.000000	4	0.001413
DP	0	244	0	0.000000	5	0.001766
DP	0	245	0	0.000000	6	0.002119
DP	0	246	0	0.000000	4	0.001413
DP	0	247	0	0.000000	2	0.000706
DP	0	248	0	0.000000	2	0.000706
DP	0	249	0	0.000000	2	0.000706
DP	0	250	0	0.000000	5	0.001766
DP	0	251	0	0.000000	3	0.001060
DP	0	252	0	0.000000	1	0.000353
DP	0	253	0	0.000000	3	0.001060
DP	0	254	0	0.000000	5	0.001766
DP	0	255	0	0.000000	7	0.002473
DP	0	256	0	0.000000	7	0.002473
DP	0	257	0	0.000000	7	0.002473
DP	0	258	0	0.000000	2	0.000706
DP	0	259	0	0.000000	4	0.001413
DP	0	260	0	0.000000	3	0.001060
DP	0	261	0	0.000000	2	0.000706
DP	0	262	0	0.000000	2	0.000706
DP	0	263	0	0.000000	2	0.000706
DP	0	264	0	0.000000	1	0.000353
DP	0	265	0	0.000000	2	0.000706
DP	0	266	0	0.000000	2	0.000706
DP	0	267	0	0.000000	3	0.001060
DP	0	268	0	0.000000	3	0.001060
DP	0	269	0	0.000000	5	0.001766
DP	0	270	0	0.000000	4	0.001413
DP	0	271	0	0.000000	3	0.001060
DP	0	272	0	0.000000	1	0.000353
DP	0	273	0	0.000000	2	0.000706
DP	0	274	0	0.000000	1	0.000353
DP	0	275	0	0.000000	2	0.000706
DP	0	276	0	0.000000	3	0.001060
DP	0	277	0	0.000000	3	0.001060
DP	0	278	0	0.000000	3	0.001060
DP	0	279	0	0.000000	2	0.000706
DP	0	280	0	0.000000	3	0.001060
DP	0	282	0	0.000000	1	0.000353
DP	0	283	0	0.000000	7	0.002473
DP	0	284	0	0.000000	2	0.000706
DP	0	285	0	0.000000	3	0.001060
DP	0	286	0	0.000000	2	0.000706
DP	0	287	0	0.000000	6	0.002119
DP	0	288	0	0.000000	1	0.000353
DP	0	289	0	0.000000	3	0.001060
DP	0	290	0	0.000000	3	0.001060
DP	0	291	0	0.000000	1	0.000353
DP	0	293	0	0.000000	5	0.001766
DP	0	294	0	0.000000	2	0.000706
DP	0	295	0	0.000000	2	0.000706
DP	0	297	0	0.000000	4	0.001413
DP	0	299	0	0.000000	2	0.000706
DP	0	300	0	0.000000	1	0.000353
DP	0	303	0	0.000000	1	0.000353
DP	0	304	0	0.000000	1	0.000353
DP	0	308	0	0.000000	2	0.000706
DP	0	310	0	0.000000	2	0.000706
DP	0	311	0	0.000000	2	0.000706
DP	0	315	0	0.000000	1	0.000353
DP	0	316	0	0.000000	3	0.001060
DP	0	321	0	0.000000	1	0.000353
DP	0	322	0	0.000000	1	0.000353
DP	0	323	0	0.000000	1	0.000353
DP	0	324	0	0.000000	1	0.000353
DP	0	325	0	0.000000	1	0.000353
DP	0	326	0	0.000000	2	0.000706
DP	0	327	0	0.000000	1	0.000353
DP	0	328	0	0.000000	2	0.000706
DP	0	329	0	0.000000	2	0.000706
DP	0	331	0	0.000000	1	0.000353
DP	0	332	0	0.000000	4	0.001413
DP	0	333	0	0.000000	3	0.001060
DP	0	334	0	0.000000	2	0.000706
DP	0	335	0	0.000000	3	0.001060
DP	0	336	0	0.000000	1	0.000353
DP	0	337	0	0.000000	5	0.001766
DP	0	338	0	0.000000	1	0.000353
DP	0	341	0	0.000000	1	0.000353
DP	0	342	0	0.000000	1	0.000353
DP	0	345	0	0.000000	4	0.001413
DP	0	346	0	0.000000	2	0.000706
DP	0	348	0	0.000000	2	0.000706
DP	0	349	0	0.000000	3	0.001060
DP	0	351	0	0.000000	2	0.000706
DP	0	355	0	0.000000	1	0.000353
DP	0	356	0	0.000000	1	0.000353
DP	0	361	0	0.000000	1	0.000353
DP	0	362	0	0.000000	1	0.000353
DP	0	365	0	0.000000	1	0.000353
DP	0	366	0	0.000000	3	0.001060
DP	0	367	0	0.000000	2	0.000706
DP	0	370	0	0.000000	1	0.000353
DP	0	376	0	0.000000	1	0.000353
DP	0	378	0	0.000000	1	0.000353
DP	0	379	0	0.000000	2	0.000706
DP	0	382	0	0.000000	1	0.000353
DP	0	383	0	0.000000	1	0.000353
DP	0	386	0	0.000000	1	0.000353
DP	0	389	0	0.000000	1	0.000353
DP	0	393	0	0.000000	1	0.000353
DP	0	396	0	0.000000	1	0.000353
DP	0	398	0	0.000000	3	0.001060
DP	0	399	0	0.000000	1	0.000353
DP	0	401	0	0.000000	2	0.000706
DP	0	403	0	0.000000	1	0.000353
DP	0	404	0	0.000000	1	0.000353
DP	0	411	0	0.000000	1	0.000353
DP	0	413	0	0.000000	1	0.000353
DP	0	414	0	0.000000	1	0.000353
DP	0	415	0	0.000000	1	0.000353
DP	0	417	0	0.000000	1	0.000353
DP	0	420	0	0.000000	1	0.000353
DP	0	421	0	0.000000	1	0.000353
DP	0	422	0	0.000000	3	0.001060
DP	0	423	0	0.000000	1	0.000353
DP	0	424	0	0.000000	1	0.000353
DP	0	434	0	0.000000	1	0.000353
DP	0	438	0	0.000000	1	0.000353
DP	0	440	0	0.000000	1	0.000353
DP	0	444	0	0.000000	2	0.000706
DP	0	445	0	0.000000	1	0.000353
DP	0	449	0	0.000000	1	0.000353
DP	0	450	0	0.000000	1	0.000353
DP	0	457	0	0.000000	1	0.000353
DP	0	459	0	0.000000	1	0.000353
DP	0	472	0	0.000000	1	0.000353
DP	0	479	0	0.000000	1	0.000353
DP	0	489	0	0.000000	1	0.000353
DP	0	491	0	0.000000	1	0.000353
DP	0	495	0	0.000000	1	0.000353
DP	0	>500	0	0.000000	22	0.007771
