# This file was produced by samtools stats (1.24+htslib-1.24) and can be plotted using plot-bamstats
# This file contains statistics for all reads.
# The command line was:  stats results/alignment/NIST7035_recal.bam
# CHK, Checksum	[2]Read Names	[3]Sequences	[4]Qualities
# CHK, CRC32 of reads which passed filtering followed by addition (32bit overflow)
CHK	3f5ee743	bceaa8f6	d46f42d9
# Summary Numbers. Use `grep ^SN | cut -f 2-` to extract this part.
SN	raw total sequences:	38192282	# excluding supplementary and secondary reads
SN	filtered sequences:	0
SN	sequences:	38192282
SN	is sorted:	1	# sorted by coordinate
SN	1st fragments:	19096141
SN	last fragments:	19096141
SN	reads mapped:	38191043
SN	reads mapped and paired:	38190778	# paired-end technology bit set + both mates mapped
SN	reads unmapped:	1239
SN	reads properly paired:	37985850	# proper-pair bit set
SN	reads paired:	38192282	# paired-end technology bit set
SN	reads duplicated:	2338372	# PCR or optical duplicate bit set
SN	reads MQ0:	4277265	# mapped and MQ=0
SN	reads QC failed:	0
SN	non-primary alignments:	0
SN	supplementary alignments:	12613
SN	total length:	3768294726	# ignores clipping
SN	total first fragment length:	1884147363	# ignores clipping
SN	total last fragment length:	1884147363	# ignores clipping
SN	bases mapped:	3768176707	# ignores clipping
SN	bases mapped (cigar):	3764990108	# more accurate
SN	bases trimmed:	0
SN	bases duplicated:	231692826
SN	mismatches:	7635378	# from NM fields
SN	error rate:	2.027994e-03	# mismatches / bases mapped (cigar)
SN	average length:	99
SN	average first fragment length:	99
SN	average last fragment length:	99
SN	maximum length:	101
SN	maximum first fragment length:	101
SN	maximum last fragment length:	101
SN	average quality:	33.7
SN	insert size average:	175.0
SN	insert size standard deviation:	69.8
SN	inward oriented pairs:	19067588
SN	outward oriented pairs:	11336
SN	pairs with other orientation:	6102
SN	pairs on different chromosomes:	10363
SN	percentage of properly paired reads (%):	99.5
# First Fragment Qualities. Use `grep ^FFQ | cut -f 2-` to extract this part.
# Columns correspond to qualities and rows to cycles. First column is the cycle number.
FFQ	1	0	0	277	0	0	0	0	0	0	0	0	0	25422	0	0	0	0	0	0	0	0	2157	0	101644	0	0	52808	0	285258	16901574	1727001	0	0	0	0	0	0	0	0	0	0	0
FFQ	2	0	2477	7454	0	3873	2068	2274	0	3893	3070	17448	6101	5626	9781	7586	1675	2909	2587	5987	667	6400	797	12490	56285	23725	31407	86905	231923	1057604	1285938	3814307	1802682	578336	83203	1819022	2592187	2267452	3046226	213776	0	0	0
FFQ	3	0	80546	3127	21381	37943	14768	13134	45599	51303	20483	39871	26423	21173	16488	18307	61701	52615	57365	78596	58772	76891	142485	210305	55875	209609	205828	230068	723378	519797	1634349	1782337	1707838	589096	2053342	717870	1949039	2069207	2769460	729772	0	0	0
FFQ	4	0	58385	3789	7419	11182	19811	33413	38823	22723	13750	4878	15021	36597	52529	39056	129406	44542	88369	70554	195565	202228	81403	104543	73753	738636	563737	415036	357873	89055	1838659	2299750	956094	1083925	767434	1923790	2948781	3126119	639513	0	0	0	0
FFQ	5	0	0	64	0	0	614	1084	0	603	2434	0	1923	2243	1320	0	4473	2720	1939	5860	1309	5415	5929	2270	5017	19341	16921	36618	15099	407379	887447	2177766	4267239	864369	2255471	709469	2279993	1561888	2024181	1527743	0	0	0
FFQ	6	0	0	0	0	0	0	110	1006	96	661	1827	770	1112	3035	2029	483	3567	5667	2115	830	2450	3813	2915	5224	12501	14475	17615	207146	785240	1777968	3275408	1835690	1295699	208973	688605	1441784	4424374	3072953	0	0	0	0
FFQ	7	0	0	0	0	0	0	112	74	1069	286	4707	189	1256	1388	2973	718	2704	2595	5502	883	5093	3997	2124	11086	8491	21139	15582	380132	656513	2633943	2732570	1594952	943057	219997	833847	1842010	5778787	1388365	0	0	0	0
FFQ	8	0	0	0	0	0	4	74	125	1187	309	3782	103	1203	2374	2825	1038	2321	3209	4996	1959	4162	4924	2214	9847	9703	19576	17220	287197	570330	723605	1955057	3171930	1266781	1531806	273712	1065997	2486495	4941005	729071	0	0	0
FFQ	9	0	0	0	0	0	67	111	1313	404	3601	123	2106	1453	1967	473	2554	3244	2380	4009	1260	3348	3422	5828	3675	14626	18160	6825	145468	602765	1411745	2170232	1212047	200133	209513	1569691	4982804	4453983	2056811	0	0	0	0
FFQ	10	0	0	0	0	111	1482	126	636	2801	37	1706	862	3117	473	3060	2922	3630	2849	1557	4174	1293	4734	2366	12874	10529	5220	35379	16558	213532	329712	2587631	2993146	2606157	414330	248961	3158838	2696699	2451577	1277062	0	0	0
FFQ	11	0	0	0	0	0	204	1470	127	941	1698	63	1679	1747	1852	926	4301	4360	1640	3497	1026	2532	3040	5055	5430	15245	10663	18155	67143	261884	1978599	2728591	2258279	337838	200701	1501445	2029797	4176154	3434803	35256	0	0	0
FFQ	12	0	0	0	0	0	190	1694	91	677	4130	37	1675	1384	2803	627	2729	3668	2418	4783	817	4255	3335	5726	3524	14790	22913	5348	23881	262083	714772	2762847	3364760	1855311	155619	313014	1542535	2299892	3526346	2187467	0	0	0
FFQ	13	0	0	0	0	0	194	1603	97	917	3229	57	1757	1762	2238	820	4318	3814	2557	4089	1082	3628	3493	4952	3685	16167	10208	22525	133648	289334	724723	2310366	2567213	1717861	172640	631804	1549211	3091255	3384584	2430310	0	0	0
FFQ	14	0	0	0	0	0	225	1711	116	738	3598	51	1699	1600	2512	279	3801	3474	3549	2955	2521	4254	6302	3974	8686	5860	23592	20517	30691	198458	1902139	2449074	1257721	1675186	114099	1924351	2954462	4583661	1885118	19167	0	0	0
FFQ	15	0	0	0	0	1	55	175	1468	133	898	2596	158	1788	1794	2547	2378	3020	4721	4000	2852	2773	3380	6491	2682	13806	10806	20913	26020	116686	1068124	2589895	1504077	2623126	760716	1163443	2863018	2861945	3034352	395304	0	0	0
FFQ	16	0	0	3	0	2	84	121	1705	147	805	2765	159	2151	1789	2665	993	3709	4717	3229	4651	2499	3573	6850	2395	15981	8532	16348	33577	87869	1010983	2790426	1651731	2507629	805106	1036307	2829063	2891309	3093854	272414	0	0	0
FFQ	17	0	0	0	0	3	116	135	1647	176	958	2857	270	1924	2555	2319	2058	3432	4905	4403	2487	4410	3971	5531	3734	13232	13658	16118	22462	91844	1253828	2835559	1922607	2245432	781769	1314650	2391849	3138926	2638027	368289	0	0	0
FFQ	18	0	0	17	4	0	220	1897	126	861	3262	140	1748	1830	3530	761	3090	4438	4282	3400	1080	5316	7744	3487	9928	7917	23781	22463	19987	93960	760853	2858976	2016824	2495519	873425	927024	2354101	2810001	3226722	547427	0	0	0
FFQ	19	0	0	160	374	1739	725	3627	597	1623	2730	3067	508	5281	8877	8571	6216	3490	9939	14509	1060	3062	6183	1159	16208	12806	37432	51368	168694	237010	1267104	2815295	1737270	2248122	639129	1325853	2498694	3045321	2631996	280342	0	0	0
FFQ	20	0	0	0	0	5	221	327	1542	698	3200	352	1182	2670	2710	814	3447	4033	4355	1949	3728	2843	6495	10227	6863	9424	17731	19762	26228	151630	718426	2863930	2080007	2365666	832101	885238	2367631	2905697	3200882	594127	0	0	0
FFQ	21	0	0	0	0	6	233	379	1582	718	3372	283	1334	2641	3466	217	4219	4152	5862	2277	1961	4611	7037	8218	8490	7665	20650	18293	25412	94258	1050992	2822327	1937982	2191124	818907	982130	2474224	3053843	3132893	404383	0	0	0
FFQ	22	0	0	0	0	6	133	186	1971	298	954	3027	551	2237	2443	2894	1056	4592	3947	5848	2293	4034	6574	7936	8037	8557	20124	19134	24079	95397	623027	2846397	2137132	2327312	859620	877375	2418424	2816970	3314555	649021	0	0	0
FFQ	23	0	0	0	0	12	157	199	2084	367	929	2846	428	2301	2643	2512	1437	4335	4150	5413	3420	2305	4861	8165	7157	13001	12398	17352	36580	95732	743984	2785962	2085385	2347134	823289	906855	2444660	2906872	3219319	601897	0	0	0
FFQ	24	0	0	1	14	0	312	2020	726	553	714	2952	1112	1444	2261	3856	486	4951	4330	5195	2169	3670	6334	9460	7073	10145	19003	19435	46283	156724	741203	2782533	2077308	2304138	839515	925682	2426133	2994338	3156515	537553	0	0	0
FFQ	25	0	0	4	0	15	280	419	2146	911	2849	327	1889	2687	2741	1634	3188	3068	5897	2371	2722	5203	5883	9620	7664	10516	20742	18835	33167	64325	756931	2777702	2063389	2352760	805336	931584	2402454	2890164	3311753	594965	0	0	0
FFQ	26	0	0	11	0	34	424	3864	487	1975	3436	1317	3313	3704	4113	3210	3868	7058	7082	5047	2555	2515	6668	10669	8870	10527	22266	21176	33331	110656	523202	1747990	2648941	1463474	2409773	191623	1887570	2438885	3793956	1712551	0	0	0
FFQ	27	0	0	23	0	44	504	773	3915	1304	3992	1442	2625	4812	4460	1577	5426	5511	9164	1517	5507	4015	6051	10497	8974	12348	22510	15823	35864	69047	203785	1689484	2821659	1654870	2425322	142180	1753608	2273757	3898016	1964290	31445	0	0
FFQ	28	0	0	93	0	45	491	4590	1032	1877	3240	1588	4131	3510	5044	3127	4033	6774	7815	1736	6743	5354	5557	11245	6054	21077	22945	15803	39717	139285	255430	1838533	2647862	1745407	2294339	139410	1960882	2206945	3836347	1848080	0	0	0
FFQ	29	0	0	45	43	0	902	4752	1356	1681	3071	1884	4584	3834	5177	3693	3999	7472	9561	355	7134	5237	6014	15244	6179	22625	22944	21294	80222	141204	277509	1746816	2719965	1610403	2430951	117162	1817652	2354034	3829517	1811626	0	0	0
FFQ	30	0	0	57	0	55	571	906	4777	1510	2937	2295	2432	5820	4429	3066	4513	6399	10771	1259	138	7414	7122	11659	11434	12802	26635	22912	41737	180146	209842	1751362	2766300	1638485	2412464	116510	1810126	2284032	3858402	1874822	0	0	0
FFQ	31	0	0	75	0	77	635	5250	1528	1893	2503	2618	4847	3532	5657	4220	3195	7222	9119	2289	6805	4731	6301	10376	9778	15772	29611	18388	29841	168700	382528	1785076	2594068	1754854	2250332	191402	1991511	2304765	3705748	1780894	0	0	0
FFQ	32	0	0	95	0	76	682	5453	1687	1875	2362	2894	5032	3385	6070	4445	2987	7110	9392	2482	6563	3200	7017	11980	11437	15295	26688	23044	43171	152951	244598	1320543	2740564	1805716	2172177	649688	1384787	2498016	3047167	2594886	279953	0	0
FFQ	33	0	0	117	0	85	703	644	6007	1080	1706	3914	2092	5460	5006	4561	3384	6672	12720	1867	375	7449	7569	13811	13691	14359	26227	24781	44419	96690	231516	1333123	2704331	1836605	2143912	695452	1333954	2453366	3172720	2600482	283926	0	0
FFQ	34	0	0	158	106	0	1326	389	6195	715	1722	3856	2288	5885	4799	4768	3508	6840	11185	4040	288	7777	7331	12058	13478	16001	24904	21033	47252	150019	360599	1696788	2676578	1668372	2365683	199586	1795719	2424630	3666625	1850794	30607	0	0
FFQ	35	0	0	190	0	93	826	766	5964	1197	1615	3909	2530	5768	5181	4637	3556	7514	13067	1668	1340	9472	7740	11906	16591	13948	30489	26250	29328	160989	247074	1330258	2706185	1836175	2134231	694350	1318068	2550224	3047762	2577967	283896	0	0
FFQ	36	0	0	227	0	115	866	839	5914	1323	1554	4233	2661	5833	5239	4356	4013	7250	12162	3837	567	7296	7431	13252	14555	17473	23825	23574	50541	152697	299063	1776301	2658321	1823086	2309253	110591	1946570	2191561	3638644	1866032	100313	0	0
FFQ	37	0	0	337	0	141	1063	897	6047	1326	1479	4214	2932	5915	5182	4427	4076	7328	12437	3749	639	7114	7804	11708	17494	13229	29338	24302	37178	130686	270958	1744096	2751798	1684418	2351633	193992	1781861	2187474	3940547	1841797	0	0	0
FFQ	38	0	0	328	0	147	1220	1075	6447	1455	1483	4287	3352	6268	5385	4540	4372	7676	12814	4045	710	6559	7731	11412	19267	12588	31073	24899	32802	137617	281642	1745193	2763561	1676548	2368217	197572	1790181	2171637	3915662	1827480	0	0	0
FFQ	39	0	0	386	0	168	1726	2952	4382	1287	1818	5261	3290	5100	6213	3921	6461	5350	14114	3006	5619	2921	8220	12816	18602	13064	32010	21594	30527	116089	298080	1242359	2732275	1909822	2150199	654370	1378342	2356973	2987957	2642136	405288	0	0
FFQ	40	0	0	441	0	164	1523	1283	6401	1495	1257	4314	4504	5141	6429	3404	4422	8114	13349	3530	5145	2764	8226	14246	17466	17614	27873	36773	49943	159236	321746	1301987	2701806	1851737	2090261	705309	1392779	2326394	3164486	2539819	280362	0	0
FFQ	41	0	0	508	180	0	2708	740	6935	878	1313	4460	4755	5603	5699	3673	5354	8671	13346	4109	4383	3059	8676	16844	16815	18112	25712	26814	37890	137864	296683	1321098	2717189	1878337	2088212	747866	1331991	2390246	3150503	2511142	280141	0	0
FFQ	42	0	0	585	215	0	2874	879	7249	934	1313	4607	5005	5814	5592	3843	5511	9286	13149	4241	3549	3512	8098	18507	17301	20761	29465	24268	47298	141679	309372	1329906	2705540	1867951	2075938	748003	1333194	2384636	3157144	2498952	278770	0	0
FFQ	43	0	0	663	209	0	3121	843	7128	873	1177	4888	4367	6373	4753	3776	5553	9781	12366	6718	2325	2718	9283	17271	18000	19504	30456	25808	43851	176835	333792	1297369	2704077	1860657	2070160	727917	1411865	2305956	3169007	2494547	276848	0	0
FFQ	44	0	0	759	0	0	1344	501	4194	4137	1989	4058	3557	4779	5746	3472	2493	7430	7599	4325	4725	3983	7905	14069	15958	13235	33302	35818	40210	134207	321374	1391964	2688558	1845764	2049446	771106	1373479	2311792	3202915	2496142	253370	0	0
FFQ	45	0	0	872	0	0	1427	544	4443	3906	2058	4258	2980	5150	5119	3594	2557	7534	7070	5496	4460	2104	8983	10962	15565	9722	34032	34522	28317	131979	285602	1311034	2726427	1912545	2109330	673646	1317951	2511714	2858760	2593938	420922	0	0
FFQ	46	0	0	965	0	0	1571	548	4644	3795	1967	3949	3239	5108	5190	3170	1778	8692	7400	6504	2092	2561	6378	12994	13576	19519	23589	26465	37271	121626	322074	1787380	2778951	1688167	2261989	275057	1795528	2095645	3939293	1783675	0	0	0
FFQ	47	0	0	1088	0	0	1616	588	4772	3848	2196	3735	3643	5123	5165	3433	2037	9061	8126	7358	827	3005	6472	14389	17055	14559	27949	30314	40383	112162	347619	1030104	2723494	2034990	2262409	652476	1298542	2210367	2856744	2663565	635389	0	0
FFQ	48	0	0	1253	0	251	1628	2336	4108	1140	3729	4122	2688	4895	5534	3813	2136	8166	9407	6339	2928	2814	6614	15010	13565	19541	26215	28331	36034	129054	305723	985123	2723368	1896043	2277860	923247	999143	2296506	3026789	2799692	461128	0	0
FFQ	49	0	0	1383	0	0	1890	709	5567	3798	2088	3526	3799	5289	5014	3482	2241	9558	7628	7211	1291	3057	6071	12013	18049	17471	29753	34021	43006	154560	354490	1404253	2731198	1869637	1945511	811045	1360184	2268944	3268911	2389974	240763	0	0
FFQ	50	0	0	1571	0	243	1858	2596	4374	1306	3486	4015	2805	5080	5439	4170	3568	6963	9195	5978	2946	2955	8746	16875	13890	20196	25249	35075	39622	137807	360444	1313496	2810806	1889646	1962519	816893	1329650	2235707	3200015	2453346	279774	0	0
FFQ	51	0	0	1769	0	0	2208	850	6216	1109	3910	3857	3000	4939	4667	4541	2158	8550	8453	6428	3329	3151	6395	11966	19264	17756	27890	35483	33677	144015	371722	1226585	2785000	1832960	2004571	925778	1136361	2307381	3198147	2620810	233741	0	0
FFQ	52	0	0	1984	0	0	2399	856	6257	1151	3834	3776	3002	5121	4682	4598	2467	8664	7980	6696	3119	3791	7241	11229	21012	16325	23187	47622	36045	167702	415131	958120	2744708	1892971	2213277	909032	1086382	2142560	3056910	2699973	478493	0	0
FFQ	53	0	0	2203	0	0	2418	883	6435	1204	3689	3609	3078	5247	4658	4649	2579	8806	7770	6650	3329	2477	5371	14297	18459	17088	26807	46624	45736	59288	320279	1208084	2795327	2081842	1998219	626535	1315158	2326472	2858429	2626437	526908	0	0
FFQ	54	0	0	2426	0	0	2575	962	6682	1383	3656	3505	3148	5320	4676	4728	2519	9190	8816	6280	3229	4387	7008	17294	16914	22459	33254	34204	37679	153889	369750	870297	2790262	2106692	2120890	869264	1113514	2063639	2909097	2748033	616717	0	0
FFQ	55	0	0	2706	0	0	2753	0	2997	5268	4490	2668	1481	7204	4653	5296	1613	6103	13052	4810	4884	4394	8355	12374	24969	16636	30502	44946	28072	74942	343119	905163	2675934	2223237	2162711	725112	1088899	2201743	2567298	2896189	855111	0	0
FFQ	56	0	0	3016	0	283	2809	3162	5539	1676	3242	3407	3233	5467	5573	3882	3171	10480	7501	7197	3432	4762	10162	19000	20439	19162	31638	42453	23862	80504	394021	799587	2702599	2270942	2195510	804118	1034438	2099632	2410409	2985119	921814	0	0
FFQ	57	0	0	3341	0	0	3266	1098	7522	1551	3741	3408	3418	5304	4936	4944	3002	10118	8700	6301	4561	5043	9897	14926	25113	12012	39110	41753	37117	185410	400627	885402	2792320	2115149	2073935	843160	1212542	1924512	2918666	2696681	617686	0	0
FFQ	58	0	0	3670	0	302	3025	3350	6093	1756	3318	3208	3324	5465	5780	3862	3405	10808	7226	7053	4624	3267	7150	14435	25548	23281	20862	54195	32025	152121	399642	1061355	2716179	2071011	1980312	915640	1176547	2041939	3032838	2555177	548245	0	0
FFQ	59	0	0	4016	0	0	3637	0	3433	6101	4904	2342	1681	7627	4850	5983	3582	4005	14654	4662	6142	5762	11976	13584	26255	22424	37507	47123	34287	111782	432310	710188	2659316	2262713	2165039	816474	963658	2129454	2387016	3054053	920864	0	0
FFQ	60	0	0	4406	0	0	3661	1287	7673	1665	3850	3208	4622	4795	4451	4736	3489	10280	6940	7620	4619	4201	5235	18181	22290	17856	28561	48083	44639	67164	414236	780423	2655131	2273649	2170340	798634	925116	2152637	2370301	3048174	948091	0	0
FFQ	61	0	0	4794	0	0	3895	0	3385	6298	4841	1986	2857	6937	4639	5395	1975	5757	14248	5258	6081	3579	7068	24675	16967	28849	30147	45417	40996	82196	450424	1146336	2764794	2220024	1811100	722065	1195158	2189448	2567000	2719327	706427	0	0
FFQ	62	0	0	6638	0	0	4209	0	3488	6561	5031	1999	2749	7144	4778	5367	1945	6024	14629	4587	7127	3705	6551	19029	22767	27775	18971	59484	38295	175160	467655	843127	2763614	2104996	2054499	1041854	907250	1933695	2825806	2822508	610665	0	0
FFQ	63	0	0	8839	0	0	3656	0	2985	5889	4539	1728	1507	7111	4801	5085	3453	3340	12014	5477	5309	5686	11123	20706	18712	23061	28201	55645	26624	65985	377026	734619	2618744	2379163	2218649	781298	803744	2132039	2091077	3245470	1094584	0	0
FFQ	64	0	0	11641	0	0	4013	0	3147	5990	4529	1615	2619	6466	4455	4724	1828	5060	12719	4167	6903	3745	6133	18258	20977	28948	13711	62807	36763	184556	492725	993095	2766805	2091789	1957056	945324	1068890	1840251	2939273	2621944	611846	0	0
FFQ	65	0	0	14754	0	0	4077	0	3067	5833	4588	1520	1434	7048	4716	3772	4537	3123	11266	5806	5914	4072	10909	13309	28014	22411	26933	53452	29032	70090	459202	668888	2682876	2371665	2173189	764112	823215	2067976	2086643	3175633	1145944	0	0
FFQ	66	0	0	18578	0	0	3977	198	1274	7578	4277	1911	2812	6361	4572	3399	5650	3004	11578	6075	7386	5910	9345	17287	25793	22059	35276	45506	35390	86398	397716	718019	2662271	2348916	2161652	748793	826323	2048842	2065317	3195174	1186931	0	0
FFQ	67	0	0	22520	0	0	4304	0	3125	6334	1951	2917	2190	4881	4232	4979	6029	3249	9506	9082	4071	8635	10257	22327	21805	23206	29471	51968	29402	73083	349623	758607	2589767	2419104	2190415	671472	897961	2068603	1759399	3436246	1201182	0	0
FFQ	68	0	0	26717	0	0	4592	0	3193	6288	4606	1218	1713	7219	4752	4324	4484	2969	12214	6743	6022	6178	8746	18989	27116	21714	36843	38723	39441	102053	465021	802770	2626281	2486746	2092531	629779	1034719	1873042	2049348	2980535	1233761	0	0
FFQ	69	0	0	31233	0	0	4670	0	3239	6491	4620	1167	3090	6251	4308	4366	4290	3072	12805	6363	5806	5353	10750	17066	30192	11292	38739	40398	42077	65464	439060	678675	2425501	2745236	1727449	1074476	789565	1694189	2095502	3224847	1382480	0	0
FFQ	70	0	0	36344	0	0	4671	244	1473	7978	4350	1549	1876	7289	4539	3728	4793	3013	12383	6754	5950	4872	11070	16657	30644	22275	27235	49005	34832	80492	442979	789783	2629302	2382500	2100937	697460	826348	1975611	1934503	3144023	1300390	0	0
FFQ	71	0	0	41408	0	0	5083	0	3179	6698	2100	2623	3651	4039	3563	5526	3722	4656	10726	8061	4509	8471	11735	19798	19515	33151	22697	41479	30813	63093	534914	762744	2635208	2427010	2079404	694734	820765	1940404	1911926	3094779	1313008	0	0
FFQ	72	0	0	46666	0	0	5239	0	3107	6984	4403	1192	2051	7322	4636	4387	3908	3460	13851	5693	6314	5308	11006	17937	26468	27252	22890	44428	40131	66466	460848	827638	2426223	2700332	1647771	1015951	854290	1633890	2032129	3102116	1459233	0	0
FFQ	73	0	0	52332	0	0	5473	0	3136	7063	2233	2603	4057	4047	3931	5574	3430	4952	10587	5788	8062	8844	11344	15276	27608	16815	35800	43104	35415	82812	438342	929635	2621053	2418878	2025541	584146	948444	1879423	1893411	2998505	1369310	0	0
FFQ	74	0	0	58029	0	0	5472	0	3068	6910	2306	2456	3889	4165	3533	5317	3295	4868	11212	7319	5272	8756	11179	15747	28669	27145	23860	50081	42592	79026	554880	770643	2413064	2767574	1518171	1037638	849544	1601404	1964567	3068828	1510328	0	0
FFQ	75	0	0	64362	0	0	5554	195	1569	8167	2225	2610	4121	4343	3503	4883	3799	4830	10624	5510	8210	8818	11608	16361	27420	27236	24577	43665	35563	76549	454521	1051962	2629505	2392953	2019647	459322	1019097	1807508	1963620	2856944	1371105	0	0
FFQ	76	0	0	70651	0	0	5758	0	2948	7204	2437	2259	2352	5548	3591	4802	3899	4189	10325	6095	8705	6916	11923	14574	30485	27656	27878	40893	37843	98328	584081	950550	2612542	2401771	2042226	484962	916382	1767048	1881641	2919536	1393995	0	0
FFQ	77	0	0	77182	0	0	6091	0	2995	7179	2411	2155	2459	5888	3510	4649	3839	4261	11414	8131	5824	4390	8569	14963	30814	34323	15109	45765	53689	88230	383597	980040	2288643	2753603	1569494	838327	1066185	1432986	1720209	3333217	1538702	0	0
FFQ	78	0	0	84883	0	0	6019	0	3061	7571	2595	2318	2620	5710	3814	5242	2867	5137	12337	8027	5207	8533	11843	17366	25129	31108	25228	34278	49348	75291	492485	918720	2334529	2736895	1487495	1007023	856897	1516641	1892214	3049366	1576055	0	0
FFQ	79	0	0	91474	0	0	6222	0	2906	7682	2663	2159	2699	5848	3705	5020	2659	5015	11362	5627	8587	5643	8708	18880	28183	31632	19131	39921	50665	90772	435760	976147	2199355	2805802	1540301	903423	938958	1507758	1482737	3414931	1595279	0	0
FFQ	80	0	0	98551	0	0	6249	0	2855	7419	2580	2003	3945	4851	2945	4247	3396	4288	11313	5905	9783	4572	8899	16529	23828	39170	10957	33936	55001	73693	574361	1068965	1996794	2627990	1500828	1195205	981982	1401972	1404495	3163600	1705420	151825	0
FFQ	81	0	0	106261	0	0	6317	0	2886	7449	2656	1840	3940	4950	2775	4035	3354	4316	11347	5471	9583	7560	12108	10738	37220	19845	30830	38982	30631	91135	535673	1095696	2265468	2746113	1315907	1037076	875237	1473672	1770635	2944634	1646307	0	0
FFQ	82	0	0	115453	0	0	6343	135	1796	8319	2723	2039	4063	5070	2664	3758	3564	4103	11239	5533	9738	7704	12119	15494	24317	33271	21523	31671	47633	74595	659291	1031851	2259585	2772725	1301807	1040673	858021	1444214	1735737	2898722	1656369	0	0
FFQ	83	0	0	123512	0	0	6474	0	2643	7370	2948	1687	3934	5247	2721	3964	3065	4200	11611	5911	9406	7643	12905	20763	28608	26376	30032	22275	37538	69664	604290	1036814	2262932	2796218	1245949	1047715	884842	1448846	1714670	2888753	1683020	0	0
FFQ	84	0	0	132253	0	0	6338	0	2575	7575	2865	1551	3930	4979	2522	3732	2970	4246	11517	5482	9584	7468	12409	11268	38408	19085	32156	40484	36021	114672	544597	1089746	2204229	2652435	1368374	939349	987129	1455426	1253380	3310180	1695383	0	0
FFQ	85	0	0	141559	0	0	6343	0	2515	7447	2859	1536	2256	6590	2729	3531	3018	4171	11242	6107	9620	6904	12827	11287	38923	17392	32301	39023	24412	101309	615863	996436	2279766	2668522	1244714	1050622	943908	1310836	1760739	2883392	1710799	0	0
FFQ	86	0	0	151551	0	0	6583	0	755	1963	7899	4188	2324	3042	5303	3371	4029	829	5657	14957	6287	11247	12552	11620	29776	19325	41251	21921	24374	95015	643421	1121620	2631267	2269461	1769097	481810	981220	1627827	1552912	2754885	1587231	0	0
FFQ	87	0	0	162595	0	0	6443	0	2438	7642	3018	1394	2279	6559	2592	3243	2722	2551	12971	5607	8308	4996	8804	12147	28808	25318	31089	25696	39618	117716	508837	1128123	2301069	2575322	1227645	1016518	958521	1283422	1713479	2885770	1725616	0	0
FFQ	88	0	0	174582	0	0	6418	0	2316	7506	3042	1287	2174	6736	2517	2923	2555	2495	12808	5444	8419	8284	12365	17180	22918	25843	32140	24478	44230	60458	455561	1210450	2168513	2626160	1271233	912808	1049375	1424163	1169432	3278871	1732208	0	0
FFQ	89	0	0	187323	0	0	6505	0	562	1918	7268	2989	1298	4332	4536	2708	3959	1084	5393	13978	6883	8986	13826	10495	34444	13918	41892	33186	23939	92155	557117	1156678	2263669	2600503	1181966	909259	1068604	1400300	1173633	3197881	1691974	0	0
FFQ	90	0	0	201512	0	0	6245	0	2266	7098	3135	79	2811	6483	1926	2639	2596	2744	12582	4757	8735	3587	9970	11243	28203	25155	30902	23252	32401	82896	630502	1152944	2342885	2536806	1115564	1012138	951823	1355631	1558663	2766795	1724197	0	0
FFQ	91	0	0	217189	0	0	6183	0	496	1802	7205	2987	2891	2736	4251	2432	3602	923	5730	13235	6930	9376	13474	19209	19621	26902	33574	21051	43522	65251	535701	1277763	2305408	2448329	1149934	979207	961307	1352416	1529444	2801154	1725352	0	0
FFQ	92	0	0	234376	0	0	5680	0	383	1710	6618	2870	997	4106	4189	2206	3308	808	5148	13183	6494	8555	13102	9514	28455	20326	38025	24443	30961	86186	468299	1299607	2235438	2421422	1234327	855844	1091974	1379204	1084911	3175053	1733436	0	0
FFQ	93	0	0	253897	0	0	5584	0	349	1633	6358	2797	2603	2473	3644	1977	3333	508	5371	12723	6263	9293	11395	11740	25946	17967	40372	20153	22395	95528	610694	1222925	2202326	2441737	1272408	809198	1058106	1324585	1071046	3136649	1750983	0	0
FFQ	94	0	0	276583	0	0	5127	0	1899	5893	2829	43	3821	4181	1240	1941	1787	2106	11581	3822	8189	7090	11790	9128	32485	13199	40293	30699	23162	85738	468349	1440686	2640455	1865997	1732740	264507	1191229	1502841	1056249	3037093	1612116	0	0
FFQ	95	0	0	302343	0	0	4625	0	234	1326	5354	2524	676	1837	3178	1602	2698	1992	4468	11901	5700	9380	10252	10180	25983	15954	39286	19555	21432	79573	454922	1445555	2621916	1872850	1723030	266872	1184847	1479389	1033453	3025638	1637470	0	0
FFQ	96	0	0	332598	0	24	4041	229	34	1270	4648	2272	513	1675	2867	1529	2504	1770	4284	11301	5414	8987	10061	11051	24191	16069	38669	20379	27463	86088	458496	1319779	2228921	2309718	1245654	752941	1114908	1328123	1003948	3123796	1749593	0	0
FFQ	97	0	0	366859	0	15	3059	143	19	993	3725	1810	695	1087	2570	1432	1324	1999	4222	8837	4298	8905	8691	11785	24722	10863	37704	28419	27296	82219	451397	1364311	2272203	2223170	1237242	708813	1129102	1315700	1011875	3090274	1733488	0	0
FFQ	98	0	0	405998	0	0	2028	0	80	693	2615	1785	112	1018	1995	625	1395	1622	4418	8399	1401	8240	9118	7483	25695	10855	35776	27805	23627	78015	422489	1293065	2243447	1930926	1830655	434540	1205935	1113888	1074494	2708185	1988481	197937	0
FFQ	99	0	0	448524	0	6	787	23	353	1293	854	157	470	907	523	400	417	1259	5553	4049	1488	5848	8391	7135	24171	12317	33895	27425	25264	76972	464834	1448684	2522912	1811946	1646033	259497	1153492	1407028	958758	2996000	1668159	0	0
FFQ	100	0	0	487896	0	0	1	2	5	18	86	0	65	19	9	18	82	12	3099	3800	182	5174	6444	6679	24142	10139	35125	27683	34890	90213	565231	1440965	2598866	1731652	1527609	364133	1024019	1362249	1375827	2551983	1665742	0	0
FFQ	101	0	0	518517	0	0	0	0	0	0	0	102	0	73	0	0	0	1399	8043	93	1625	2671	5735	17938	29546	20415	49433	43551	54855	225249	673191	1427622	2609297	1712256	1633954	250906	903902	1768683	959576	2415200	1527960	0	0
# Last Fragment Qualities. Use `grep ^LFQ | cut -f 2-` to extract this part.
# Columns correspond to qualities and rows to cycles. First column is the cycle number.
LFQ	1	0	0	15427	0	0	0	0	0	0	0	2901	0	0	0	74543	0	0	0	1116	0	200	0	0	115375	0	0	0	99262	640839	2829303	15299937	17238	0	0	0	0	0	0	0	0	0	0
LFQ	2	0	0	3441	0	161	855	878	545	150	1604	20625	191	5998	4394	13255	0	7596	5604	6826	21	2449	303	40829	31112	13186	43367	25053	49557	710794	785804	3891126	2397906	981402	270485	88547	3064461	3544191	2920643	162782	0	0	0
LFQ	3	0	1845	4453	0	2886	9327	5255	6091	16468	5929	116	12647	9904	6692	23550	5644	11725	25382	10504	11617	13689	6108	22087	27814	14037	91792	74782	116551	512858	1479809	1612934	2791730	1227390	308120	52595	3378196	3071959	3324393	799262	0	0	0
LFQ	4	0	0	2274	0	1350	2233	97	2963	8849	128	7594	7067	5275	185	8872	6267	7388	2546	687	2526	7349	11601	6718	10325	24874	42562	33601	689479	680183	742888	2274010	1909731	462442	1309670	763484	1812742	3910022	3690381	647778	0	0	0
LFQ	5	0	0	1368	0	114	1333	2498	0	2454	4027	1996	3434	8598	5812	478	10425	8664	6924	645	2242	4516	15948	3103	10205	23636	32347	38551	25935	579921	974775	2141840	4171810	839570	2206077	649892	2216506	1620142	1997571	1482784	0	0	0
LFQ	6	0	0	0	0	0	52	141	1591	735	698	2039	5075	888	4650	6656	5789	421	9306	10099	2812	2043	6557	6579	12955	12837	20696	37788	222420	805400	1838983	3193405	1812614	1270336	221657	709792	1402469	4385171	3083487	0	0	0	0
LFQ	7	0	0	0	0	0	25	475	2433	186	1468	8478	1001	5335	3077	8667	2407	4560	9133	8801	1953	4822	6745	7335	12918	18344	32233	24390	341902	559541	2697384	2760002	1557744	1002031	275774	639728	1938972	5710134	1448143	0	0	0	0
LFQ	8	0	0	0	0	0	46	263	2556	574	610	1500	7493	2223	3550	5180	8951	1238	5136	15974	3290	1868	3958	7230	11671	10573	27810	25042	294046	617690	764732	2019982	3135198	1262039	1519139	311529	1064817	2455523	4791418	713292	0	0	0
LFQ	9	0	0	0	1	71	331	3016	846	750	1899	7862	1610	7326	5087	7149	1680	6225	12546	7070	2171	3210	7104	11441	7152	20968	32210	81899	153066	308638	1589911	2289658	1160646	394004	270252	1166910	4723054	4844010	1966368	0	0	0	0
LFQ	10	0	0	14	98	272	3090	1045	1004	1807	5926	2055	5954	3376	8263	3704	9093	7362	13456	2620	3523	2514	7191	10885	15910	22524	29512	11082	35019	210166	346897	2568855	3087675	2498998	523158	315083	3015403	2556660	2452686	1300180	13081	0	0
LFQ	11	0	0	13	1	0	265	2673	1432	1236	2067	3487	1963	4519	4567	7034	3008	9299	10194	8006	949	2450	8597	6111	19984	8928	17883	41640	75568	239402	2085999	2696815	2187770	390208	259868	1492806	1979791	4085798	3394078	41732	0	0	0
LFQ	12	0	0	1	1	49	556	3348	979	798	2173	9072	2324	3735	5143	8454	2575	7907	11791	7881	1666	4431	6073	13116	5982	25655	37479	10850	32766	263469	485153	2766144	3577324	1733637	350391	187787	1530506	1992082	3745465	2259378	0	0	0
LFQ	13	0	0	0	3	49	504	2815	1146	1222	2180	6659	1696	5463	4595	7703	3183	9422	9023	10125	2379	3377	6165	12279	6540	26533	15316	26685	119426	261740	959792	2269827	2475672	1642691	294296	646878	1614521	3160713	3210350	2275173	0	0	0
LFQ	14	0	0	4	4	0	549	4208	710	2333	8467	1249	7375	4879	5940	3475	11115	7561	10449	3809	2589	4442	7632	15230	5313	22382	34573	11544	35123	137034	1946530	2461197	1329325	1631603	169027	1932449	2931350	4409814	1880560	56297	0	0	0
LFQ	15	0	0	6	0	85	417	2860	1245	1517	1707	5975	1985	6088	4691	8379	2178	11926	9787	8728	2638	2595	7827	10364	10022	14452	21182	31482	30471	139846	946660	2569179	1675798	2479642	927228	1031131	2841156	2665111	3131156	490627	0	0	0
LFQ	16	0	0	0	8	0	313	3459	1298	1123	2164	6101	2315	5908	4919	7965	2881	10786	8203	10551	3248	2308	4197	11125	12268	12802	23665	30639	28894	137628	1032485	2715195	1778474	2402271	889141	929519	2823344	2823973	3026683	340288	0	0	0
LFQ	17	0	0	0	0	8	312	3371	1426	1114	2365	6563	2367	5872	5229	8496	3336	10931	8489	10510	4376	3234	5085	14473	8353	23038	19336	27602	36908	103391	687351	2756374	2196529	2383258	1056298	806482	2365115	2730816	3183518	614215	0	0	0
LFQ	18	0	0	0	0	6	298	3463	1641	1293	2613	7574	2530	5192	7937	7850	3336	11270	12697	7488	2641	2596	4735	13009	14142	13872	25530	33951	32411	143919	832954	2783325	2075575	2544139	858062	767233	2535512	2684890	3114523	537934	0	0	0
LFQ	19	0	0	0	0	13	327	3457	1526	1104	2415	6692	2553	5537	5394	8403	3703	10366	8197	11088	2561	1082	7461	16060	16316	24119	12044	27489	53241	119523	1058862	2769256	2082104	2126329	949524	856500	2399020	2873660	3178171	452044	0	0	0
LFQ	20	0	0	1	0	13	325	3591	1486	1225	2519	6296	2754	5649	5306	8863	3996	10735	8594	11925	2521	1085	7287	16188	15979	22258	16955	25709	53588	121358	647429	2728581	2287721	2279364	986586	678690	2355166	2678984	3390297	707117	0	0	0
LFQ	21	0	0	3	0	17	349	3754	1551	1206	2460	6678	2953	5953	5477	8780	4170	10287	7916	13308	2582	1316	7238	16877	15061	23363	16846	26238	59790	138376	1057508	2733344	2046375	2092629	916105	880798	2466164	2888115	3181350	451204	0	0	0
LFQ	22	0	0	20	0	26	367	4104	1618	1428	2629	6549	3137	5975	5749	9338	4414	11086	9139	13024	2720	1372	7371	15227	18675	16449	25014	28150	44919	135672	923833	2699719	2157072	2062027	982331	845803	2464528	2772412	3300278	513966	0	0	0
LFQ	23	0	0	13	0	31	408	4436	1745	1452	2620	6568	3407	5798	5850	9327	4631	11305	9361	13689	2768	1586	7241	17192	17452	22664	18362	23307	55275	130881	585706	1838334	2593541	1461593	2345775	240014	1881215	2421313	3717652	1633629	0	0	0
LFQ	24	0	0	24	0	32	515	4692	1990	1627	2666	6497	3825	5966	6317	10041	5246	11999	8472	14198	2712	1863	8381	17638	16299	23147	15823	34056	54018	140667	657739	2657322	2303333	2216197	971383	750956	2413223	2642978	3368455	715844	0	0	0
LFQ	25	0	0	38	0	50	519	4848	1910	1628	2772	5830	4304	4876	6827	9797	5005	9512	10689	10865	4104	2579	6000	18742	17673	24567	21083	30820	83750	174622	685233	2720055	2148209	2344953	862620	773130	2554708	2614023	3319753	610047	0	0	0
LFQ	26	0	0	59	89	0	1025	5526	2032	3242	5156	1867	9087	5760	7930	5852	10765	9937	10173	7090	4310	2364	5633	17559	18880	21516	22902	22812	57688	121639	286476	1836692	2741340	1640276	2331631	181862	1785553	2332916	3767909	1810593	0	0	0
LFQ	27	0	0	86	90	0	1065	5803	2311	3337	5046	1651	9235	6446	7116	7082	11281	10406	8281	10494	5426	2401	5611	21181	17386	25947	21928	23503	66824	154773	303339	1811155	2733736	1647283	2342653	151904	1820430	2267013	3765502	1818416	0	0	0
LFQ	28	0	0	132	0	98	795	6340	2405	3915	4581	1932	9641	6217	7493	7841	11121	10412	8992	10754	5816	4581	6226	20246	22622	17004	37434	22846	50403	166821	440615	1819038	2635670	1656964	2299744	202721	1866088	2347688	3641828	1739117	0	0	0
LFQ	29	0	0	176	0	122	1073	7064	2741	3809	4500	2131	9264	6954	6691	9595	10710	9831	7006	14704	482	6956	4896	16085	22114	24447	26539	25932	63201	182101	314156	1818078	2732004	1671161	2340683	158190	1837423	2222137	3751108	1782077	0	0	0
LFQ	30	0	0	230	132	0	1359	6836	3272	3413	4075	2343	9190	7132	6439	10610	10352	9627	8837	13764	76	7679	5178	18743	23846	24226	28602	27204	61719	152759	304792	1835927	2712309	1669297	2336478	198038	1751798	2314055	3752531	1773273	0	0	0
LFQ	31	0	0	292	0	176	990	7447	3501	3947	3787	2857	9707	6911	6852	11766	10807	9534	9835	14805	757	8754	6554	20793	27125	20029	43431	35936	53221	191397	299912	1701064	2753198	1724415	2365061	104147	1801333	2269211	3688158	1838467	39964	0	0
LFQ	32	0	0	345	191	0	1712	7609	3973	3028	3527	3213	10289	7508	7059	12848	9889	9853	9236	15964	720	9702	7053	17380	32910	10224	42738	31311	38581	180483	327241	1802342	2741668	1692045	2316421	193224	1881412	2107963	3817351	1738455	0	0	0
LFQ	33	0	0	494	904	8607	7011	7069	7780	6446	14517	10315	5549	18345	16937	33957	20104	21519	12875	23842	37557	27275	46506	120485	121143	109763	198100	260061	413251	415346	972135	1374373	2338186	1374165	2011802	1142197	1852051	2158541	2619445	1286123	0	0	0
LFQ	34	0	0	486	284	0	2784	8632	3305	1695	4808	7806	6583	7962	11808	12783	7607	14082	18371	5012	452	10821	7341	20596	37801	13606	49164	29236	40227	159939	322038	1827777	2681025	1716015	2276727	247010	1800644	2171595	3842939	1724941	0	0	0
LFQ	35	0	0	582	0	281	2147	9241	2918	2670	4788	8608	6949	7615	12713	12652	8021	13822	20855	4293	1203	9839	7571	21609	38363	14410	47268	34226	43526	165666	340058	1836317	2677988	1761924	2253514	251710	1780923	2166634	3812680	1709140	0	0	0
LFQ	36	0	0	722	0	337	2267	9360	2786	2878	4834	8612	6996	5753	14158	11391	9949	15048	21429	840	4967	2561	13137	14935	35351	24213	48689	37158	38540	209537	328841	1325020	2657480	1962723	2027301	843918	1194242	2542097	2742749	2567855	352694	0	0
LFQ	37	0	0	820	372	0	3620	9496	3420	1546	4930	8437	7373	8713	11943	13643	9285	14642	19304	5128	679	10471	8278	28787	33514	23012	43478	36098	56672	161482	332872	1480196	2698156	1764011	2438238	413987	1325545	2289497	3518753	2262386	40832	0	0
LFQ	38	0	0	944	455	0	4153	9536	3617	1659	5051	9305	7653	7191	13503	12672	11190	16231	20371	1610	4739	2178	12374	14637	37087	30616	37118	42432	50657	164740	347529	1277158	2670330	2028150	1994651	814257	1225667	2417303	2894169	2547659	348653	0	0
LFQ	39	0	0	1070	474	0	4807	10197	3798	3040	8697	8933	9941	13402	7149	10942	22062	22159	2550	9603	4292	13337	21587	29403	32232	30857	44355	43739	60128	153834	335803	1411221	2561162	1965820	1955892	816711	1256879	2423538	2981835	2492264	310985	0	0
LFQ	40	0	0	1206	524	0	4004	1930	10985	2180	2864	8615	7954	12274	10607	9808	10272	21054	21189	7127	960	9791	8164	23879	42885	17990	47575	47475	41529	168033	366088	1277653	2663788	2028285	1962912	821311	1226615	2406500	2903556	2535329	348832	0	0
LFQ	41	0	0	1337	562	0	5603	5305	7507	1825	3981	10793	6075	11997	10067	11497	13770	17547	23634	2374	3963	7456	8254	17142	41640	34764	38758	47401	58167	174818	402988	1098074	2610141	1986306	2094802	951959	882736	2548256	2739036	2894261	303713	0	0
LFQ	42	0	0	1519	0	0	2170	1099	4650	5435	2953	3435	10466	4771	9403	8572	8342	8519	9929	18170	6092	3317	7411	18096	26954	23048	33315	44768	45500	141377	368111	1164011	2638707	2038893	2140262	820645	1227762	2258586	2915015	2534870	518768	0	0
LFQ	43	0	0	1692	0	397	1844	2457	4228	5641	3471	5999	6510	7538	11197	4057	6215	13700	15376	8566	3722	2311	6401	16861	30131	23504	34999	38645	49731	152837	368661	1402713	2690993	1875915	1953236	882412	1325740	2281025	3126734	2429689	275687	0	0
LFQ	44	0	0	1852	0	428	2058	2584	4341	5288	1720	3192	9448	4711	9178	6716	8534	8871	11502	16477	3368	4600	7207	21188	28028	23950	37363	39251	51354	147372	332834	1458021	2684807	1863843	1972618	866252	1312331	2273807	3142229	2433342	265040	0	0
LFQ	45	0	0	2080	0	492	2080	2868	4594	5213	3238	6477	5725	8064	9654	3427	5874	14829	11619	10563	4690	1959	5633	19730	19919	26579	29792	43370	55644	86043	370802	1317565	2711335	1974369	2023542	728026	1301374	2358398	2955390	2510631	417935	0	0
LFQ	46	0	0	2316	0	566	2367	3097	4866	5320	3301	6166	6263	8064	9548	4139	6806	14590	14032	9299	2996	1738	6773	18950	24988	29464	22932	47917	54835	136169	388731	1388443	2722141	1916210	1957514	805522	1333555	2295780	3163313	2374007	259632	0	0
LFQ	47	0	0	2646	0	518	2574	3198	5135	5287	3256	5887	6672	8284	9571	4148	7354	14839	12217	9691	4624	2349	8308	21220	20059	31010	24636	49592	54435	86968	346519	1191581	2663292	2024972	2193054	802683	1191088	2233308	2784509	2581372	627747	0	0
LFQ	48	0	0	2968	0	603	2807	3430	5389	2098	5208	6716	4967	7767	9822	5425	6884	13461	15531	11316	4994	2983	7609	19276	26293	36406	34311	34659	73570	149127	331535	1075880	2656405	2120218	2086415	887162	1169507	2144965	2909629	2620746	540191	0	0
LFQ	49	0	0	3323	0	578	3023	3477	5530	2111	4766	6450	4592	7920	9283	4406	6726	14070	11643	11638	6838	2957	5499	17396	24961	30208	30740	48682	60319	154799	362865	1269766	2728396	1881315	2018678	918776	1044148	2372587	3055552	2645509	247858	0	0
LFQ	50	0	0	3703	0	620	3327	3923	6000	2228	4971	6669	4863	8033	9690	5257	7827	13615	12886	11866	6443	3265	8169	21791	22617	31041	26792	49295	56974	91716	323241	1124404	2657041	2140721	2205764	816079	1103003	2187831	2642898	2675082	718659	0	0
LFQ	51	0	0	4178	0	665	3557	3951	6342	2450	4713	6644	5053	8223	9903	5289	7937	14040	13853	11940	5439	3395	7550	19360	29470	31449	26094	56729	57100	151302	419474	1097742	2727880	2043500	2126397	820268	1164105	2127590	2967433	2479618	538004	0	0
LFQ	52	0	0	4648	669	0	5777	2938	7209	1238	4568	6067	5170	9747	8019	5794	8794	13780	12400	12991	4802	3401	7924	19380	29783	32130	26108	58431	56320	162731	439164	1215755	2752926	1894847	2005909	1013945	1006618	2247379	2964688	2657792	288455	0	0
LFQ	53	0	0	5149	0	645	4248	4095	6531	2493	4350	5923	5194	8185	9321	5206	8508	13973	11272	11780	7374	3589	8124	17662	24871	26485	35484	46845	66113	153750	431933	1059464	2694496	2107035	2057868	887496	1208861	2024719	2920305	2540298	557399	0	0
LFQ	54	0	0	5678	0	711	4462	4220	6566	2713	4330	5968	5176	8251	9375	5854	6491	15384	12827	12017	6200	3741	9336	19012	28069	33506	27090	65568	56572	155559	446163	1110100	2749252	2036844	2111916	831150	1162047	2074452	2980083	2420482	537173	0	0
LFQ	55	0	0	6219	742	0	6730	3098	7285	1399	4275	5601	6100	8801	7413	5251	9712	14407	10621	12539	7064	4201	9014	20934	29331	34757	26951	55283	56122	155852	445966	1095266	2657150	2143767	2026957	927844	1155855	2009385	2930331	2501480	555981	0	0
LFQ	56	0	0	6873	0	720	5574	4456	6981	2739	4143	6006	6167	7895	9134	4705	9480	15248	11885	12299	8108	4572	9661	21132	28478	28548	31240	57379	57038	147166	432786	820621	2716411	2156561	2119181	1031466	906914	2058392	2699516	2875533	618233	0	0
LFQ	57	0	0	7498	700	0	7799	3416	7828	1575	1178	6765	7935	5854	7132	6503	11202	14131	7771	14424	8271	7943	11036	22809	29761	40779	25915	57256	49915	75968	346009	772257	2630270	2341296	2253508	919186	753453	2175529	2246325	3147301	899774	0	0
LFQ	58	0	0	8156	759	0	8372	3645	8424	1692	1133	7097	8258	5986	7542	7004	11837	15198	8701	16414	6872	8725	11966	35064	24016	41292	42337	50031	63729	108326	418727	728262	2620100	2349430	2214160	914235	758446	2157735	2227206	3096004	911157	0	0
LFQ	59	0	754	8864	2398	3763	17503	6796	4191	5546	12855	11071	6297	8580	13602	20735	16444	20516	10916	26222	26868	34940	41084	28090	74710	87477	124761	322446	371580	531121	886610	1810768	2379316	1783666	1502388	915242	1743665	2019022	2678802	1329795	0	0	0
LFQ	60	0	0	9639	760	0	9186	3556	8328	1984	3917	5328	7135	9264	7628	5608	9978	15708	11840	14384	6176	3928	8479	21322	35336	27217	44297	57223	63057	97499	440979	864677	2705094	2361321	2083173	787236	1035298	2032081	2290744	2827176	953688	0	0
LFQ	61	0	0	10539	793	0	9579	3795	8582	1914	4009	5331	7248	9440	7815	5597	10504	16237	10880	15489	5453	4270	13875	23278	36092	34718	33029	61671	82968	66379	413619	753430	2628716	2419073	2125809	909966	810128	2089879	2173531	3062600	974107	0	0
LFQ	62	0	0	14791	729	0	10181	3932	8832	1993	4132	6373	6956	8794	8560	6257	9486	18048	9361	16618	7210	8404	12416	27538	34895	30662	36046	59138	85225	89555	340391	796071	2478538	2577876	1917541	1121499	754531	1837487	2248054	3160979	1070583	0	0
LFQ	63	0	0	20524	732	0	10587	3864	8955	5541	4272	4071	11074	10269	7174	4641	11802	22577	9242	14161	9295	14544	23515	28333	26379	33228	45204	55461	81266	120155	489544	732333	2666776	2317550	2182370	842622	805206	2041722	2113214	3029228	1000458	0	0
LFQ	64	0	0	27743	728	0	11040	4073	8691	2066	3992	6185	7045	8527	8709	6174	9910	19618	9874	15634	7475	8507	12902	32097	32169	27218	44414	64348	83566	63479	467782	908853	2570874	2372042	2011042	912032	926624	2061979	2273338	2830664	923358	0	0
LFQ	65	0	0	36674	657	0	11279	3978	8886	2076	3898	6158	7170	8586	8374	6054	10002	18737	8941	17435	7031	7338	12283	25384	44190	27462	35429	61644	78116	68073	446877	759526	2628497	2460652	2081080	903629	825183	2044889	2057481	2996230	1029121	0	0
LFQ	66	0	0	47774	677	0	11576	4166	9082	2193	3694	6190	7421	8514	8004	4989	10061	19960	10108	16414	8922	5374	12801	19451	42505	34911	38493	61152	78675	86978	363770	869542	2581916	2423964	2056534	889835	830347	2030937	2031001	3033516	1060101	0	0
LFQ	67	0	0	59884	647	0	11758	3939	8928	2173	3621	6037	7355	8392	8042	5818	8598	20667	8562	15575	9115	7396	14169	20665	41775	39179	33539	61370	82931	93137	487683	815682	2574873	2466724	2119256	835103	803372	1986829	1997846	2960156	1071107	0	0
LFQ	68	0	0	73549	0	549	8579	1362	3505	7980	2050	3920	4984	5844	7342	7916	3896	9941	16377	9334	15109	8154	11264	17525	41216	32045	42007	64722	75669	109566	399697	870654	2414877	2629080	1845408	940975	998988	1713104	1819700	3241126	1213376	0	0
LFQ	69	0	0	129634	562	0	11365	3787	10091	5666	2363	4888	12241	9056	7263	3627	8509	21398	5719	15164	6891	11851	15172	35478	32824	30507	62187	45637	69159	96292	378917	931990	2617492	2443498	1992622	740826	976281	1908137	2007370	2829967	1155651	0	0
LFQ	70	0	0	110078	536	0	11369	652	4271	8685	5601	1850	3702	15372	8590	7669	4024	9994	19884	12584	12840	18954	10956	35155	40171	34132	49392	49675	66731	89345	359595	938990	2625435	2441591	1977272	714457	1019770	1782287	2103846	2844456	1167941	0	0
LFQ	71	0	0	122615	518	0	11853	551	4583	8392	5416	1833	3751	11604	9132	7645	3662	11389	20092	8785	16833	7466	11033	22456	46782	53984	32149	68627	51969	77453	357393	971819	2553608	2508889	2025201	665106	998226	1927710	1599892	3171918	1174857	0	0
LFQ	72	0	0	138574	489	0	11794	565	4292	8394	5327	1721	3895	12120	7715	6094	4963	7355	23592	9203	11959	9124	14225	24727	39389	43339	50869	58021	52272	82376	409036	1135552	2272490	2679780	1557744	1021956	1061387	1667009	1871458	3047064	1185650	0	0
LFQ	73	0	0	156204	421	0	11936	466	4342	8403	2684	2532	5933	8292	6559	8455	4247	9779	18421	9830	14768	8831	12390	15441	52795	41515	30543	60421	68984	111332	490546	823352	2527217	2477417	2126900	627821	928873	1752377	1617250	3233374	1226323	0	0
LFQ	74	0	0	175939	0	434	11405	1217	4058	9152	5328	2951	4685	10254	8036	6292	3356	10857	21723	8010	17259	5477	12597	15523	53235	29605	38367	53730	60826	81794	317268	934983	2322049	2817092	1586686	989768	1020828	1476908	1719130	3279564	1354421	0	0
LFQ	75	0	0	195049	398	0	12780	444	4374	8460	2847	3359	5318	7602	6716	7559	3709	11518	17818	9460	16609	9090	10571	15637	52266	43934	27397	62213	54971	85100	410917	961907	2305195	2752137	1644793	957306	926776	1580763	1624003	3245395	1348095	0	0
LFQ	76	0	0	212961	436	0	12564	383	4275	8377	2847	3267	5464	7984	5759	7241	4795	9737	19346	9773	15414	7060	13482	15345	52604	40510	28135	60020	43387	83335	458965	959752	2596893	2458924	1950062	743194	808438	1829479	1743399	2878063	1290323	0	0
LFQ	77	0	0	232722	381	0	12858	378	4337	8398	2873	3212	5618	7915	5767	7673	3803	8466	20961	9419	13885	10184	12908	15815	47396	37567	36643	58143	57815	83744	597994	955855	2637195	2452203	1957372	629684	858441	1758771	1804154	2726311	1261982	0	0
LFQ	78	0	0	252939	405	0	13225	337	4627	8440	3057	3047	5532	7612	6443	7146	3257	9803	20583	9266	15554	11063	10209	16635	47115	41303	42917	52059	52489	108488	471418	832351	2267842	2832283	1523454	1054932	892305	1427918	1531801	3273712	1442285	0	0
LFQ	79	0	353	273879	971	4269	26348	4441	969	9014	11419	7066	5979	3196	13736	27723	11101	16347	20956	17330	15405	38723	7147	56523	54519	41101	98885	131087	201378	336618	771313	1204687	2364807	2133648	1741895	519728	1110789	1464902	1955723	2408802	1144837	0	0
LFQ	80	0	0	294939	0	303	12719	803	4099	8706	2944	2261	5671	7744	6780	6095	2766	9648	21185	7844	15155	10669	11062	14294	47496	45031	36439	65693	54483	113721	473024	1143992	2233021	2733165	1366349	1014269	940046	1546609	1352363	3152719	1446245	0	0
LFQ	81	0	0	316654	310	0	13430	275	4248	8548	2989	3016	5187	7549	6087	6033	2812	9631	20173	7914	15273	15177	11420	19095	51008	29527	62316	52070	34407	127476	500361	1145828	1890252	2330184	1723639	1341357	983134	1107700	1796990	2475139	1781197	254241	0
LFQ	82	0	0	339028	280	0	13291	267	4178	8143	2963	2971	5049	7421	5770	5861	2579	9393	19547	7830	15127	10092	10092	14468	38703	49986	34171	44910	55454	88058	465814	1107948	2280270	2716947	1301986	1157047	843847	1347499	1821577	2793017	1482278	0	0
LFQ	83	0	0	362232	0	232	13215	612	3829	8457	3231	2917	5080	7290	6074	5467	2393	9319	20161	7931	15101	11270	9591	13688	46919	42920	36014	56946	49043	96161	529678	1121075	2285634	2721579	1236044	1159743	798061	1480104	1651356	2745624	1499555	0	0
LFQ	84	0	0	386146	242	0	13885	203	4235	8274	3137	1311	5571	7560	4308	4772	3789	9463	18925	4987	19847	8473	12244	16691	42087	41886	45208	50637	52097	119447	465360	1106181	2189814	2672141	1347868	1021378	998951	1336775	1329444	3156982	1503999	0	0
LFQ	85	0	0	410539	224	0	13424	174	4008	8163	3127	2649	4734	7348	5141	4912	2232	9055	20298	7556	14866	9793	9680	17036	45848	40923	43402	53401	65523	104571	550405	1082544	2280577	2575367	1254020	1125507	880480	1290854	1743898	2745081	1524138	0	0
LFQ	86	0	0	436410	0	213	13290	502	4160	8572	3286	1440	5401	7227	4715	4249	3227	9769	21094	6207	16765	8458	12252	17596	46436	41256	44569	52396	53421	102274	555220	1112202	2293686	2604093	1225348	1143372	813191	1417375	1573501	2729006	1514391	0	0
LFQ	87	0	0	462797	0	157	12831	442	3753	7945	3040	2610	4555	6835	5108	4354	1934	8848	20226	7054	14627	9901	9897	15498	40634	46146	40228	45366	67606	105614	445428	1141137	2178761	2612418	1317005	989961	1004952	1287139	1260325	3135710	1528034	0	0
LFQ	88	0	0	491228	156	0	13386	129	3906	7769	3263	1148	5305	6980	4284	3924	2842	8792	18027	9008	15812	6400	14609	14783	48651	30086	36227	61341	53994	109910	426447	1207176	2270855	2496496	1234545	977424	1056173	1276193	1278405	3101463	1490755	0	0
LFQ	89	0	0	521817	165	0	13503	128	4101	7861	3278	1182	5207	6839	4434	3795	2627	8983	20064	6610	15932	9539	10980	13503	42900	46229	42151	41291	50431	111198	667895	1071712	2308786	2571486	1186600	1109840	811358	1361518	1519691	2602086	1519441	0	0
LFQ	90	0	0	552848	127	0	12726	120	3539	7202	2875	1214	4804	6629	4398	3626	1970	8521	16921	8217	15235	4967	14721	14846	43303	32881	34093	67137	49203	97269	439260	1225499	2234194	2436129	1247854	960762	1057720	1255015	1214957	3060042	1520341	0	0
LFQ	91	0	0	586614	0	84	11748	270	3264	7140	2870	1221	4488	5970	4204	3019	2299	8077	16269	8904	14318	4827	13255	16903	43052	28673	37469	64311	47090	105850	431345	1228892	2221574	2416757	1265066	920910	1062941	1231050	1195598	3057051	1523214	0	0
LFQ	92	0	0	623404	0	97	11627	224	3266	6669	2712	1212	4256	5749	4113	2912	1759	7811	16388	7816	14107	4314	13742	13814	35781	38187	35616	56750	43470	94165	454401	1275889	2193124	2367115	1267787	933014	1058350	1235809	1161308	3010468	1523932	0	0
LFQ	93	0	0	664442	0	106	10918	191	3094	6264	2721	1116	3249	5771	3695	2802	1905	7341	15341	8340	12712	4872	11433	17524	42394	27790	34482	64060	54220	105598	427977	1223838	2135351	2343691	1361829	889535	933049	1224794	1221893	3052297	1538324	0	0
LFQ	94	0	0	709199	76	0	10171	59	114	2594	5703	3481	1110	3074	5561	2889	3708	2169	8642	17178	5307	13940	9075	14836	40730	36482	38366	49741	68952	103308	478526	1324699	2289540	2117342	1266067	834962	1109471	1208114	1168225	2936926	1506551	0	0
LFQ	95	0	0	760803	0	61	9052	145	2423	5245	2317	130	2917	4802	4317	2230	2630	6333	13027	7342	14977	3709	12326	12960	23019	36555	23083	74014	43581	79267	495388	1251943	2154409	2326374	1289346	838189	1041334	1321925	965345	2953295	1543182	0	0
LFQ	96	0	0	818563	0	51	8081	117	25	1955	4438	2040	563	2318	4597	2982	2687	2468	6130	18623	4046	11193	11615	9527	40622	23984	35710	59728	46215	111755	475509	1395931	2588665	1738465	1723386	338875	1078953	1424849	966938	2853106	1441098	0	0
LFQ	97	0	0	885644	0	30	6553	63	24	1791	3620	1812	335	2363	3470	3182	2535	1279	6181	16754	2895	7734	13095	10864	39308	18323	34980	60046	45833	106173	474290	1331887	2523032	1806317	1715379	349951	1052766	1406417	931651	2859952	1454737	0	0
LFQ	98	0	0	961162	0	16	4241	38	13	1180	2523	1478	263	1626	2291	2137	1837	679	4774	13432	1821	7646	10213	13587	32108	17233	41575	60992	60093	108161	477866	1307174	2220046	2079315	1260337	759900	1031254	1287563	934519	2883489	1512258	0	0
LFQ	99	0	0	1044907	0	8	1600	19	0	549	1202	793	178	907	1328	715	1192	1762	6283	3967	1775	11666	8587	14932	31321	14729	62223	43855	41524	118391	604609	1338038	2227021	1956311	1279042	787867	931377	1078912	1485415	2409869	1512950	0	0
LFQ	100	0	0	1139169	0	0	2	2	2	14	116	1	146	16	11	8	1344	1991	2387	592	488	9492	14276	14021	30745	22064	74726	56445	46993	139293	615663	1379027	2492507	1585870	1636479	412717	885870	1283491	1334467	2327796	1435828	0	0
LFQ	101	0	0	1210248	0	0	0	0	0	0	0	204	0	203	0	2035	3105	176	0	3219	1596	19248	22303	20677	38523	38181	84016	111301	43024	141387	564973	1400516	2464740	1688783	1484949	495247	845171	1266339	1347055	2264246	1300327	0	0
# GC Content of first fragments. Use `grep ^GCF | cut -f 2-` to extract this part.
GCF	0.25	0
GCF	1.01	2
GCF	2.01	0
GCF	3.02	7
GCF	4.02	8
GCF	5.03	10
GCF	6.03	28
GCF	7.04	14
GCF	8.04	36
GCF	9.05	41
GCF	9.80	68
GCF	10.30	70
GCF	10.80	108
GCF	11.31	113
GCF	11.81	210
GCF	12.31	220
GCF	12.81	316
GCF	13.32	310
GCF	13.82	546
GCF	14.32	553
GCF	14.82	1105
GCF	15.33	1125
GCF	15.83	1971
GCF	16.33	2023
GCF	16.83	3713
GCF	17.34	3744
GCF	17.84	6590
GCF	18.34	6639
GCF	18.84	11000
GCF	19.35	11116
GCF	19.85	18089
GCF	20.35	18220
GCF	20.85	27464
GCF	21.36	27647
GCF	21.86	39744
GCF	22.36	39999
GCF	22.86	56414
GCF	23.37	56766
GCF	23.87	75984
GCF	24.37	76397
GCF	24.87	99192
GCF	25.38	99810
GCF	25.88	126998
GCF	26.38	127629
GCF	26.88	156489
GCF	27.39	157391
GCF	27.89	186257
GCF	28.39	187203
GCF	28.89	219374
GCF	29.40	220703
GCF	29.90	250494
GCF	30.40	251803
GCF	30.90	284350
GCF	31.41	285779
GCF	31.91	311668
GCF	32.41	313268
GCF	32.91	338381
GCF	33.42	358819
GCF	33.92	360620
GCF	34.42	381823
GCF	34.92	383761
GCF	35.43	401372
GCF	35.93	403182
GCF	36.43	419244
GCF	36.93	420921
GCF	37.44	432727
GCF	37.94	434199
GCF	38.44	447458
GCF	38.94	449173
GCF	39.45	452785
GCF	39.95	453803
GCF	40.45	457359
GCF	40.95	458783
GCF	41.46	455245
GCF	41.96	456441
GCF	42.46	455633
GCF	42.96	456516
GCF	43.47	458118
GCF	43.97	459496
GCF	44.47	465259
GCF	44.97	467062
GCF	45.48	470521
GCF	45.98	471971
GCF	46.48	475499
GCF	46.98	476787
GCF	47.49	473341
GCF	47.99	474771
GCF	48.49	467792
GCF	48.99	468352
GCF	49.50	466097
GCF	50.00	466894
GCF	50.50	456320
GCF	51.01	457311
GCF	51.51	449483
GCF	52.01	449763
GCF	52.51	453237
GCF	53.02	454746
GCF	53.52	451513
GCF	54.02	453008
GCF	54.52	458786
GCF	55.03	461325
GCF	55.53	475073
GCF	56.03	479520
GCF	56.53	504579
GCF	57.04	509098
GCF	57.54	550134
GCF	58.04	556190
GCF	58.54	588419
GCF	59.05	593246
GCF	59.55	616494
GCF	60.05	617693
GCF	60.55	618856
GCF	61.06	619624
GCF	61.56	603159
GCF	62.06	601353
GCF	62.56	576214
GCF	63.07	572035
GCF	63.57	530239
GCF	64.07	523674
GCF	64.57	470066
GCF	65.08	463426
GCF	65.58	406274
GCF	66.08	398866
GCF	66.58	350014
GCF	67.09	306919
GCF	67.59	300488
GCF	68.09	261620
GCF	68.59	256077
GCF	69.10	212370
GCF	69.60	206969
GCF	70.10	169412
GCF	70.60	164343
GCF	71.11	129473
GCF	71.61	125519
GCF	72.11	100245
GCF	72.61	96789
GCF	73.12	74703
GCF	73.62	72382
GCF	74.12	57618
GCF	74.62	55993
GCF	75.13	43390
GCF	75.63	42072
GCF	76.13	32815
GCF	76.63	31665
GCF	77.14	23973
GCF	77.64	23165
GCF	78.14	16764
GCF	78.64	16083
GCF	79.15	11017
GCF	79.65	10532
GCF	80.15	7118
GCF	80.65	6730
GCF	81.16	4169
GCF	81.66	3925
GCF	82.16	2358
GCF	82.66	2223
GCF	83.17	1316
GCF	83.67	1205
GCF	84.17	730
GCF	84.67	613
GCF	85.18	367
GCF	85.68	307
GCF	86.18	241
GCF	86.68	207
GCF	87.19	150
GCF	87.69	128
GCF	88.19	99
GCF	88.69	69
GCF	89.20	56
GCF	89.70	46
GCF	90.20	36
GCF	90.70	28
GCF	91.21	29
GCF	91.71	26
GCF	92.46	18
GCF	93.47	13
GCF	94.47	7
GCF	95.48	11
GCF	96.48	2
GCF	97.49	0
GCF	98.99	4
# GC Content of last fragments. Use `grep ^GCL | cut -f 2-` to extract this part.
GCL	0.25	10
GCL	1.01	2
GCL	2.01	0
GCL	3.02	7
GCL	4.02	10
GCL	5.03	25
GCL	6.03	30
GCL	7.04	25
GCL	8.04	38
GCL	9.05	62
GCL	9.80	76
GCL	10.30	79
GCL	10.80	112
GCL	11.31	117
GCL	11.81	210
GCL	12.31	222
GCL	12.81	294
GCL	13.32	290
GCL	13.82	587
GCL	14.32	591
GCL	14.82	1083
GCL	15.33	1101
GCL	15.83	2002
GCL	16.33	2060
GCL	16.83	3709
GCL	17.34	3738
GCL	17.84	6409
GCL	18.34	6454
GCL	18.84	10840
GCL	19.35	10952
GCL	19.85	17718
GCL	20.35	17835
GCL	20.85	26917
GCL	21.36	27109
GCL	21.86	38980
GCL	22.36	39257
GCL	22.86	54882
GCL	23.37	55208
GCL	23.87	73785
GCL	24.37	74220
GCL	24.87	97217
GCL	25.38	97812
GCL	25.88	124376
GCL	26.38	124993
GCL	26.88	153388
GCL	27.39	154306
GCL	27.89	183809
GCL	28.39	184755
GCL	28.89	215174
GCL	29.40	216541
GCL	29.90	246588
GCL	30.40	247812
GCL	30.90	280104
GCL	31.41	281585
GCL	31.91	307749
GCL	32.41	309378
GCL	32.91	335113
GCL	33.42	355863
GCL	33.92	357641
GCL	34.42	380147
GCL	34.92	382060
GCL	35.43	400520
GCL	35.93	402335
GCL	36.43	416856
GCL	36.93	418515
GCL	37.44	431342
GCL	37.94	432844
GCL	38.44	446736
GCL	38.94	448420
GCL	39.45	451999
GCL	39.95	453012
GCL	40.45	458040
GCL	40.95	459404
GCL	41.46	454972
GCL	41.96	456193
GCL	42.46	456665
GCL	42.96	457504
GCL	43.47	458671
GCL	43.97	460055
GCL	44.47	465994
GCL	44.97	467751
GCL	45.48	471961
GCL	45.98	473520
GCL	46.48	475778
GCL	46.98	476948
GCL	47.49	474326
GCL	47.99	475846
GCL	48.49	470584
GCL	48.99	471167
GCL	49.50	466059
GCL	50.00	466704
GCL	50.50	458813
GCL	51.01	459802
GCL	51.51	451269
GCL	52.01	451557
GCL	52.51	454069
GCL	53.02	455367
GCL	53.52	450111
GCL	54.02	451665
GCL	54.52	459688
GCL	55.03	462420
GCL	55.53	474337
GCL	56.03	478551
GCL	56.53	502385
GCL	57.04	506976
GCL	57.54	549334
GCL	58.04	555110
GCL	58.54	584718
GCL	59.05	589477
GCL	59.55	614158
GCL	60.05	615551
GCL	60.55	620464
GCL	61.06	621187
GCL	61.56	604276
GCL	62.06	602878
GCL	62.56	576736
GCL	63.07	572680
GCL	63.57	532893
GCL	64.07	526057
GCL	64.57	473748
GCL	65.08	467118
GCL	65.58	409279
GCL	66.08	401899
GCL	66.58	353524
GCL	67.09	309391
GCL	67.59	302840
GCL	68.09	264388
GCL	68.59	258742
GCL	69.10	213843
GCL	69.60	208471
GCL	70.10	172402
GCL	70.60	167459
GCL	71.11	131680
GCL	71.61	127723
GCL	72.11	102551
GCL	72.61	99042
GCL	73.12	76587
GCL	73.62	74231
GCL	74.12	59300
GCL	74.62	57731
GCL	75.13	44715
GCL	75.63	43238
GCL	76.13	33908
GCL	76.63	32762
GCL	77.14	25284
GCL	77.64	24518
GCL	78.14	17892
GCL	78.64	17210
GCL	79.15	11957
GCL	79.65	11482
GCL	80.15	8132
GCL	80.65	7713
GCL	81.16	4979
GCL	81.66	4715
GCL	82.16	2860
GCL	82.66	2702
GCL	83.17	1742
GCL	83.67	1625
GCL	84.17	1002
GCL	84.67	876
GCL	85.18	598
GCL	85.68	521
GCL	86.18	328
GCL	86.68	293
GCL	87.19	204
GCL	87.69	183
GCL	88.19	149
GCL	88.69	120
GCL	89.20	81
GCL	89.70	67
GCL	90.20	58
GCL	90.70	48
GCL	91.21	41
GCL	91.71	38
GCL	92.46	30
GCL	93.47	24
GCL	94.47	20
GCL	95.48	18
GCL	96.48	12
GCL	97.49	11
GCL	98.49	6
GCL	99.50	9
# ACGT content per cycle. Use `grep ^GCC | cut -f 2-` to extract this part. The columns are: cycle; A,C,G,T base counts as a percentage of all A/C/G/T bases [%]; and N and O counts as a percentage of all A/C/G/T bases [%]
GCC	1	13.86	36.11	36.16	13.88	0.04	0.00
GCC	2	26.26	23.77	23.80	26.18	0.01	0.00
GCC	3	23.75	26.20	26.26	23.79	0.01	0.00
GCC	4	23.93	26.01	26.07	24.00	0.01	0.00
GCC	5	33.60	16.33	16.36	33.71	0.00	0.00
GCC	6	23.95	25.97	26.08	24.00	0.00	0.00
GCC	7	23.64	26.32	26.38	23.66	0.00	0.00
GCC	8	25.43	24.59	24.61	25.37	0.00	0.00
GCC	9	15.88	34.07	34.09	15.96	0.00	0.00
GCC	10	30.22	19.77	19.79	30.22	0.00	0.00
GCC	11	21.45	28.48	28.55	21.52	0.00	0.00
GCC	12	25.99	23.98	23.98	26.04	0.00	0.00
GCC	13	21.96	28.02	28.09	21.93	0.00	0.00
GCC	14	22.22	27.78	27.77	22.23	0.00	0.00
GCC	15	24.65	25.33	25.37	24.66	0.00	0.00
GCC	16	25.13	24.81	24.84	25.22	0.00	0.00
GCC	17	25.98	24.00	24.03	25.98	0.00	0.00
GCC	18	25.90	24.07	24.12	25.91	0.00	0.00
GCC	19	25.60	24.33	24.36	25.71	0.00	0.00
GCC	20	25.58	24.44	24.44	25.55	0.00	0.00
GCC	21	25.44	24.56	24.57	25.42	0.00	0.00
GCC	22	25.39	24.55	24.65	25.42	0.00	0.00
GCC	23	25.36	24.60	24.68	25.37	0.00	0.00
GCC	24	25.37	24.58	24.65	25.39	0.00	0.00
GCC	25	25.32	24.72	24.73	25.23	0.00	0.00
GCC	26	25.50	24.48	24.52	25.51	0.00	0.00
GCC	27	25.43	24.57	24.58	25.42	0.00	0.00
GCC	28	25.44	24.53	24.53	25.50	0.00	0.00
GCC	29	25.53	24.44	24.44	25.60	0.00	0.00
GCC	30	25.47	24.51	24.52	25.50	0.00	0.00
GCC	31	25.42	24.53	24.58	25.48	0.00	0.00
GCC	32	25.60	24.35	24.42	25.63	0.00	0.00
GCC	33	25.46	24.49	24.53	25.52	0.00	0.00
GCC	34	25.49	24.44	24.52	25.55	0.00	0.00
GCC	35	25.56	24.42	24.45	25.57	0.00	0.00
GCC	36	25.57	24.37	24.44	25.63	0.00	0.00
GCC	37	25.49	24.51	24.50	25.51	0.00	0.00
GCC	38	25.62	24.34	24.40	25.64	0.00	0.00
GCC	39	25.54	24.47	24.41	25.58	0.00	0.00
GCC	40	25.50	24.46	24.49	25.55	0.00	0.00
GCC	41	25.61	24.34	24.40	25.65	0.00	0.00
GCC	42	25.59	24.39	24.44	25.58	0.00	0.00
GCC	43	25.53	24.47	24.51	25.49	0.00	0.00
GCC	44	25.55	24.40	24.41	25.64	0.00	0.00
GCC	45	25.49	24.43	24.49	25.59	0.00	0.00
GCC	46	25.55	24.42	24.40	25.63	0.00	0.00
GCC	47	25.66	24.32	24.35	25.67	0.00	0.00
GCC	48	25.61	24.37	24.38	25.63	0.00	0.00
GCC	49	25.56	24.39	24.41	25.64	0.00	0.00
GCC	50	25.63	24.35	24.35	25.67	0.00	0.00
GCC	51	25.51	24.44	24.46	25.58	0.00	0.00
GCC	52	25.52	24.40	24.49	25.59	0.00	0.00
GCC	53	25.63	24.39	24.35	25.63	0.00	0.00
GCC	54	25.58	24.45	24.40	25.57	0.00	0.00
GCC	55	25.51	24.45	24.49	25.55	0.00	0.00
GCC	56	25.62	24.37	24.38	25.62	0.00	0.00
GCC	57	25.55	24.40	24.44	25.61	0.00	0.00
GCC	58	25.57	24.40	24.41	25.62	0.00	0.00
GCC	59	25.62	24.33	24.40	25.65	0.00	0.00
GCC	60	25.61	24.36	24.38	25.65	0.00	0.00
GCC	61	25.54	24.42	24.45	25.59	0.00	0.00
GCC	62	25.63	24.37	24.37	25.63	0.00	0.00
GCC	63	25.58	24.39	24.37	25.66	0.00	0.00
GCC	64	25.52	24.49	24.45	25.54	0.00	0.00
GCC	65	25.62	24.31	24.40	25.66	0.00	0.00
GCC	66	25.53	24.45	24.46	25.56	0.00	0.00
GCC	67	25.58	24.37	24.42	25.64	0.00	0.00
GCC	68	25.64	24.27	24.36	25.72	0.00	0.00
GCC	69	25.57	24.37	24.45	25.61	0.11	0.00
GCC	70	25.50	24.45	24.50	25.54	0.01	0.00
GCC	71	25.56	24.39	24.43	25.61	0.00	0.00
GCC	72	25.63	24.40	24.33	25.64	0.00	0.00
GCC	73	25.55	24.41	24.44	25.59	0.00	0.00
GCC	74	25.59	24.36	24.39	25.66	0.00	0.00
GCC	75	25.57	24.36	24.41	25.66	0.00	0.00
GCC	76	25.53	24.44	24.44	25.59	0.00	0.00
GCC	77	25.65	24.31	24.31	25.72	0.00	0.00
GCC	78	25.59	24.37	24.40	25.64	0.00	0.00
GCC	79	25.57	24.40	24.42	25.62	0.00	0.00
GCC	80	25.67	24.33	24.36	25.64	0.00	0.00
GCC	81	25.61	24.37	24.40	25.62	0.00	0.00
GCC	82	25.64	24.33	24.35	25.68	0.00	0.00
GCC	83	25.66	24.30	24.37	25.67	0.00	0.00
GCC	84	25.67	24.32	24.30	25.71	0.00	0.00
GCC	85	25.57	24.47	24.38	25.58	0.00	0.00
GCC	86	25.64	24.33	24.35	25.68	0.00	0.00
GCC	87	25.64	24.39	24.35	25.63	0.00	0.00
GCC	88	25.59	24.37	24.39	25.65	0.00	0.00
GCC	89	25.68	24.26	24.34	25.71	0.00	0.00
GCC	90	25.64	24.33	24.36	25.66	0.00	0.00
GCC	91	25.61	24.35	24.40	25.65	0.00	0.00
GCC	92	25.73	24.27	24.31	25.70	0.00	0.00
GCC	93	25.58	24.38	24.43	25.61	0.00	0.00
GCC	94	25.63	24.34	24.31	25.71	0.00	0.00
GCC	95	25.67	24.26	24.34	25.73	0.00	0.00
GCC	96	25.67	24.29	24.36	25.69	0.00	0.00
GCC	97	25.65	24.37	24.35	25.64	0.00	0.00
GCC	98	25.67	24.26	24.36	25.71	0.00	0.00
GCC	99	25.64	24.33	24.31	25.71	0.00	0.00
GCC	100	25.63	24.29	24.39	25.69	0.11	0.00
GCC	101	25.75	24.23	24.27	25.75	0.10	0.00
# ACGT content per cycle, read oriented. Use `grep ^GCT | cut -f 2-` to extract this part. The columns are: cycle; A,C,G,T base counts as a percentage of all A/C/G/T bases [%]
GCT	1	16.70	28.12	44.14	11.03
GCT	2	18.56	29.92	17.65	33.87
GCT	3	19.89	33.40	19.06	27.65
GCT	4	13.90	38.93	13.15	34.02
GCT	5	33.49	16.66	16.03	33.82
GCT	6	32.93	14.76	37.29	15.02
GCT	7	28.21	20.09	32.61	19.09
GCT	8	32.41	20.65	28.54	18.39
GCT	9	14.13	42.51	25.65	17.72
GCT	10	26.58	25.11	14.45	33.86
GCT	11	20.75	20.45	36.58	22.22
GCT	12	22.61	24.48	23.48	29.43
GCT	13	19.19	26.84	29.27	24.70
GCT	14	18.77	33.84	21.71	25.67
GCT	15	27.45	26.40	24.29	21.86
GCT	16	26.64	25.20	24.44	23.72
GCT	17	26.28	24.49	23.54	25.68
GCT	18	25.94	24.08	24.11	25.87
GCT	19	25.49	24.45	24.24	25.82
GCT	20	25.30	24.73	24.14	25.82
GCT	21	25.05	25.11	24.03	25.82
GCT	22	24.96	25.14	24.05	25.84
GCT	23	25.01	25.16	24.11	25.71
GCT	24	24.93	25.12	24.11	25.84
GCT	25	24.90	25.20	24.25	25.65
GCT	26	25.11	25.01	23.98	25.90
GCT	27	25.06	25.05	24.10	25.79
GCT	28	25.03	24.87	24.19	25.91
GCT	29	25.19	24.89	23.98	25.93
GCT	30	25.20	24.98	24.04	25.77
GCT	31	25.26	24.92	24.18	25.63
GCT	32	25.30	24.83	23.93	25.94
GCT	33	25.11	24.91	24.11	25.87
GCT	34	25.04	24.97	24.00	26.00
GCT	35	25.12	24.96	23.91	26.01
GCT	36	25.30	24.74	24.06	25.89
GCT	37	25.22	24.80	24.20	25.77
GCT	38	25.36	24.66	24.08	25.90
GCT	39	25.30	24.68	24.20	25.82
GCT	40	25.20	24.88	24.07	25.85
GCT	41	25.32	24.71	24.03	25.94
GCT	42	25.31	24.81	24.03	25.86
GCT	43	25.18	24.81	24.17	25.84
GCT	44	25.36	24.69	24.12	25.83
GCT	45	25.27	24.85	24.07	25.81
GCT	46	25.39	24.70	24.12	25.79
GCT	47	25.46	24.68	24.00	25.87
GCT	48	25.37	24.73	24.03	25.87
GCT	49	25.32	24.69	24.11	25.88
GCT	50	25.38	24.57	24.13	25.92
GCT	51	25.29	24.70	24.20	25.81
GCT	52	25.36	24.69	24.20	25.75
GCT	53	25.40	24.62	24.12	25.86
GCT	54	25.41	24.57	24.28	25.74
GCT	55	25.40	24.65	24.28	25.67
GCT	56	25.51	24.52	24.24	25.74
GCT	57	25.38	24.61	24.23	25.78
GCT	58	25.32	24.71	24.11	25.87
GCT	59	25.43	24.61	24.12	25.85
GCT	60	25.47	24.47	24.28	25.78
GCT	61	25.45	24.49	24.38	25.68
GCT	62	25.58	24.48	24.26	25.68
GCT	63	25.53	24.50	24.26	25.71
GCT	64	25.40	24.56	24.39	25.66
GCT	65	25.42	24.49	24.22	25.87
GCT	66	25.45	24.60	24.30	25.64
GCT	67	25.49	24.51	24.28	25.72
GCT	68	25.63	24.35	24.29	25.74
GCT	69	25.56	24.37	24.45	25.62
GCT	70	25.48	24.43	24.53	25.56
GCT	71	25.62	24.46	24.36	25.56
GCT	72	25.63	24.37	24.36	25.64
GCT	73	25.57	24.41	24.45	25.58
GCT	74	25.69	24.39	24.35	25.56
GCT	75	25.67	24.35	24.42	25.56
GCT	76	25.64	24.40	24.48	25.48
GCT	77	25.71	24.32	24.31	25.66
GCT	78	25.69	24.30	24.47	25.54
GCT	79	25.64	24.32	24.49	25.55
GCT	80	25.72	24.26	24.43	25.59
GCT	81	25.64	24.34	24.43	25.60
GCT	82	25.73	24.29	24.40	25.59
GCT	83	25.77	24.26	24.40	25.56
GCT	84	25.87	24.18	24.45	25.50
GCT	85	25.71	24.26	24.59	25.44
GCT	86	25.77	24.20	24.48	25.55
GCT	87	25.78	24.17	24.56	25.49
GCT	88	25.72	24.22	24.54	25.52
GCT	89	25.84	24.21	24.40	25.55
GCT	90	25.84	24.14	24.55	25.47
GCT	91	25.86	24.18	24.56	25.40
GCT	92	25.95	24.08	24.50	25.47
GCT	93	25.77	24.19	24.63	25.42
GCT	94	25.83	24.19	24.46	25.52
GCT	95	25.86	24.06	24.53	25.55
GCT	96	25.85	24.11	24.54	25.50
GCT	97	25.85	24.11	24.60	25.44
GCT	98	25.86	24.11	24.51	25.52
GCT	99	25.91	24.11	24.53	25.44
GCT	100	25.80	24.13	24.55	25.52
GCT	101	25.94	24.05	24.45	25.56
# ACGT content per cycle for first fragments. Use `grep ^FBC | cut -f 2-` to extract this part. The columns are: cycle; A,C,G,T base counts as a percentage of all A/C/G/T bases [%]; and N and O counts as a percentage of all A/C/G/T bases [%]
FBC	1	14.41	35.55	35.61	14.44	0.00	0.00
FBC	2	26.31	23.73	23.75	26.21	0.00	0.00
FBC	3	24.22	25.74	25.78	24.26	0.00	0.00
FBC	4	24.24	25.70	25.76	24.30	0.01	0.00
FBC	5	33.66	16.28	16.31	33.75	0.00	0.00
FBC	6	23.99	25.92	26.04	24.05	0.00	0.00
FBC	7	23.62	26.35	26.38	23.65	0.00	0.00
FBC	8	25.47	24.57	24.57	25.39	0.00	0.00
FBC	9	15.74	34.20	34.22	15.84	0.00	0.00
FBC	10	30.32	19.66	19.70	30.32	0.00	0.00
FBC	11	21.40	28.54	28.60	21.45	0.00	0.00
FBC	12	26.02	23.96	23.96	26.06	0.00	0.00
FBC	13	21.96	28.02	28.10	21.92	0.00	0.00
FBC	14	22.20	27.80	27.80	22.20	0.00	0.00
FBC	15	24.66	25.31	25.35	24.68	0.00	0.00
FBC	16	25.16	24.77	24.81	25.25	0.00	0.00
FBC	17	25.99	23.99	24.03	25.99	0.00	0.00
FBC	18	25.91	24.06	24.11	25.92	0.00	0.00
FBC	19	25.63	24.31	24.33	25.73	0.00	0.00
FBC	20	25.58	24.43	24.44	25.55	0.00	0.00
FBC	21	25.46	24.56	24.55	25.44	0.00	0.00
FBC	22	25.41	24.52	24.62	25.44	0.00	0.00
FBC	23	25.38	24.58	24.68	25.37	0.00	0.00
FBC	24	25.40	24.56	24.63	25.41	0.00	0.00
FBC	25	25.34	24.70	24.71	25.25	0.00	0.00
FBC	26	25.51	24.47	24.51	25.51	0.00	0.00
FBC	27	25.45	24.55	24.58	25.42	0.00	0.00
FBC	28	25.46	24.50	24.52	25.51	0.00	0.00
FBC	29	25.52	24.44	24.45	25.59	0.00	0.00
FBC	30	25.47	24.50	24.51	25.53	0.00	0.00
FBC	31	25.44	24.51	24.56	25.50	0.00	0.00
FBC	32	25.60	24.36	24.42	25.63	0.00	0.00
FBC	33	25.47	24.47	24.51	25.55	0.00	0.00
FBC	34	25.50	24.42	24.50	25.58	0.00	0.00
FBC	35	25.56	24.42	24.45	25.56	0.00	0.00
FBC	36	25.58	24.37	24.41	25.64	0.00	0.00
FBC	37	25.50	24.49	24.47	25.53	0.00	0.00
FBC	38	25.62	24.33	24.40	25.64	0.00	0.00
FBC	39	25.55	24.47	24.41	25.58	0.00	0.00
FBC	40	25.51	24.44	24.47	25.57	0.00	0.00
FBC	41	25.60	24.34	24.41	25.65	0.00	0.00
FBC	42	25.58	24.40	24.44	25.59	0.00	0.00
FBC	43	25.54	24.47	24.48	25.51	0.00	0.00
FBC	44	25.55	24.39	24.42	25.64	0.00	0.00
FBC	45	25.50	24.42	24.49	25.59	0.00	0.00
FBC	46	25.57	24.39	24.39	25.65	0.00	0.00
FBC	47	25.65	24.33	24.36	25.67	0.00	0.00
FBC	48	25.62	24.37	24.38	25.63	0.00	0.00
FBC	49	25.57	24.38	24.41	25.65	0.00	0.00
FBC	50	25.62	24.35	24.36	25.67	0.00	0.00
FBC	51	25.51	24.44	24.46	25.59	0.00	0.00
FBC	52	25.54	24.39	24.48	25.58	0.00	0.00
FBC	53	25.63	24.39	24.36	25.62	0.00	0.00
FBC	54	25.58	24.43	24.41	25.58	0.00	0.00
FBC	55	25.53	24.44	24.48	25.55	0.00	0.00
FBC	56	25.62	24.37	24.39	25.61	0.00	0.00
FBC	57	25.56	24.40	24.44	25.60	0.00	0.00
FBC	58	25.58	24.38	24.40	25.64	0.00	0.00
FBC	59	25.62	24.32	24.40	25.66	0.00	0.00
FBC	60	25.61	24.38	24.36	25.64	0.00	0.00
FBC	61	25.55	24.41	24.43	25.61	0.00	0.00
FBC	62	25.62	24.38	24.38	25.62	0.00	0.00
FBC	63	25.58	24.40	24.36	25.66	0.00	0.00
FBC	64	25.53	24.47	24.44	25.55	0.00	0.00
FBC	65	25.62	24.31	24.40	25.67	0.00	0.00
FBC	66	25.54	24.45	24.44	25.58	0.00	0.00
FBC	67	25.57	24.36	24.41	25.66	0.00	0.00
FBC	68	25.64	24.27	24.37	25.72	0.00	0.00
FBC	69	25.57	24.36	24.45	25.62	0.00	0.00
FBC	70	25.53	24.44	24.47	25.56	0.00	0.00
FBC	71	25.56	24.39	24.43	25.62	0.00	0.00
FBC	72	25.62	24.40	24.33	25.65	0.00	0.00
FBC	73	25.55	24.40	24.42	25.62	0.00	0.00
FBC	74	25.59	24.36	24.40	25.66	0.00	0.00
FBC	75	25.58	24.34	24.40	25.68	0.00	0.00
FBC	76	25.55	24.41	24.42	25.62	0.00	0.00
FBC	77	25.65	24.31	24.31	25.73	0.00	0.00
FBC	78	25.60	24.37	24.38	25.65	0.00	0.00
FBC	79	25.59	24.37	24.39	25.66	0.00	0.00
FBC	80	25.68	24.33	24.35	25.64	0.00	0.00
FBC	81	25.62	24.36	24.40	25.62	0.00	0.00
FBC	82	25.68	24.31	24.32	25.70	0.01	0.00
FBC	83	25.67	24.28	24.36	25.68	0.00	0.00
FBC	84	25.69	24.32	24.28	25.72	0.00	0.00
FBC	85	25.60	24.44	24.36	25.60	0.00	0.00
FBC	86	25.65	24.33	24.33	25.70	0.00	0.00
FBC	87	25.65	24.36	24.34	25.64	0.00	0.00
FBC	88	25.62	24.34	24.36	25.68	0.00	0.00
FBC	89	25.69	24.25	24.34	25.72	0.00	0.00
FBC	90	25.67	24.32	24.34	25.67	0.00	0.00
FBC	91	25.64	24.33	24.37	25.67	0.00	0.00
FBC	92	25.76	24.25	24.29	25.70	0.00	0.00
FBC	93	25.60	24.36	24.42	25.62	0.00	0.00
FBC	94	25.65	24.31	24.30	25.74	0.00	0.00
FBC	95	25.69	24.24	24.32	25.75	0.00	0.00
FBC	96	25.69	24.27	24.34	25.70	0.00	0.00
FBC	97	25.68	24.34	24.31	25.67	0.00	0.00
FBC	98	25.67	24.25	24.35	25.72	0.00	0.00
FBC	99	25.66	24.32	24.30	25.72	0.00	0.00
FBC	100	25.65	24.27	24.36	25.71	0.00	0.00
FBC	101	25.78	24.20	24.24	25.77	0.00	0.00
# ACGT raw counters for first fragments. Use `grep ^FTC | cut -f 2-` to extract this part. The columns are: A,C,G,T,N base counters
FTC	477154395	464336299	464899261	477749910	7498
# ACGT content per cycle for last fragments. Use `grep ^LBC | cut -f 2-` to extract this part. The columns are: cycle; A,C,G,T base counts as a percentage of all A/C/G/T bases [%]; and N and O counts as a percentage of all A/C/G/T bases [%]
LBC	1	13.31	36.67	36.70	13.32	0.08	0.00
LBC	2	26.20	23.80	23.85	26.15	0.02	0.00
LBC	3	23.29	26.67	26.73	23.31	0.01	0.00
LBC	4	23.61	26.31	26.38	23.70	0.01	0.00
LBC	5	33.55	16.38	16.40	33.67	0.01	0.00
LBC	6	23.90	26.02	26.13	23.95	0.00	0.00
LBC	7	23.66	26.29	26.38	23.67	0.00	0.00
LBC	8	25.40	24.61	24.64	25.35	0.00	0.00
LBC	9	16.01	33.94	33.96	16.09	0.00	0.00
LBC	10	30.13	19.87	19.88	30.12	0.00	0.00
LBC	11	21.51	28.42	28.49	21.58	0.00	0.00
LBC	12	25.97	24.00	24.01	26.01	0.00	0.00
LBC	13	21.96	28.03	28.08	21.94	0.00	0.00
LBC	14	22.24	27.76	27.75	22.26	0.00	0.00
LBC	15	24.63	25.35	25.39	24.63	0.00	0.00
LBC	16	25.10	24.84	24.87	25.19	0.00	0.00
LBC	17	25.97	24.02	24.03	25.98	0.00	0.00
LBC	18	25.88	24.09	24.12	25.91	0.00	0.00
LBC	19	25.57	24.35	24.39	25.69	0.00	0.00
LBC	20	25.57	24.44	24.44	25.55	0.00	0.00
LBC	21	25.42	24.57	24.59	25.41	0.00	0.00
LBC	22	25.37	24.57	24.67	25.39	0.00	0.00
LBC	23	25.35	24.61	24.67	25.37	0.00	0.00
LBC	24	25.35	24.60	24.66	25.38	0.00	0.00
LBC	25	25.30	24.73	24.75	25.22	0.00	0.00
LBC	26	25.48	24.48	24.52	25.51	0.00	0.00
LBC	27	25.42	24.58	24.58	25.41	0.00	0.00
LBC	28	25.42	24.56	24.54	25.48	0.00	0.00
LBC	29	25.53	24.43	24.42	25.61	0.00	0.00
LBC	30	25.47	24.52	24.53	25.48	0.00	0.00
LBC	31	25.40	24.56	24.60	25.45	0.00	0.00
LBC	32	25.61	24.34	24.42	25.64	0.00	0.00
LBC	33	25.45	24.50	24.55	25.50	0.00	0.00
LBC	34	25.47	24.46	24.55	25.52	0.00	0.00
LBC	35	25.57	24.42	24.45	25.57	0.00	0.00
LBC	36	25.55	24.37	24.46	25.62	0.00	0.00
LBC	37	25.47	24.52	24.52	25.49	0.00	0.00
LBC	38	25.62	24.34	24.40	25.64	0.00	0.00
LBC	39	25.53	24.47	24.42	25.58	0.00	0.00
LBC	40	25.48	24.48	24.51	25.53	0.00	0.00
LBC	41	25.62	24.34	24.39	25.65	0.00	0.00
LBC	42	25.60	24.38	24.45	25.57	0.00	0.00
LBC	43	25.51	24.48	24.53	25.48	0.00	0.00
LBC	44	25.56	24.40	24.40	25.64	0.00	0.00
LBC	45	25.48	24.45	24.49	25.59	0.00	0.00
LBC	46	25.53	24.44	24.42	25.61	0.00	0.00
LBC	47	25.67	24.32	24.35	25.67	0.00	0.00
LBC	48	25.60	24.38	24.39	25.64	0.00	0.00
LBC	49	25.56	24.41	24.41	25.62	0.00	0.00
LBC	50	25.64	24.34	24.34	25.68	0.00	0.00
LBC	51	25.51	24.44	24.46	25.58	0.00	0.00
LBC	52	25.50	24.41	24.50	25.59	0.00	0.00
LBC	53	25.63	24.39	24.34	25.64	0.00	0.00
LBC	54	25.58	24.46	24.40	25.55	0.00	0.00
LBC	55	25.50	24.45	24.49	25.56	0.00	0.00
LBC	56	25.62	24.38	24.37	25.63	0.00	0.00
LBC	57	25.54	24.40	24.44	25.61	0.00	0.00
LBC	58	25.55	24.42	24.43	25.60	0.00	0.00
LBC	59	25.63	24.34	24.39	25.65	0.00	0.00
LBC	60	25.60	24.35	24.40	25.66	0.00	0.00
LBC	61	25.52	24.43	24.47	25.58	0.00	0.00
LBC	62	25.64	24.35	24.37	25.63	0.00	0.00
LBC	63	25.57	24.39	24.37	25.66	0.00	0.00
LBC	64	25.50	24.51	24.47	25.52	0.00	0.00
LBC	65	25.62	24.31	24.40	25.66	0.00	0.00
LBC	66	25.53	24.45	24.48	25.54	0.00	0.00
LBC	67	25.58	24.38	24.43	25.61	0.00	0.00
LBC	68	25.65	24.27	24.35	25.72	0.00	0.00
LBC	69	25.56	24.38	24.46	25.60	0.23	0.00
LBC	70	25.48	24.47	24.52	25.53	0.02	0.00
LBC	71	25.57	24.38	24.43	25.61	0.00	0.00
LBC	72	25.63	24.41	24.34	25.62	0.00	0.00
LBC	73	25.55	24.42	24.47	25.57	0.00	0.00
LBC	74	25.60	24.36	24.38	25.66	0.01	0.00
LBC	75	25.55	24.38	24.42	25.65	0.01	0.00
LBC	76	25.51	24.47	24.46	25.56	0.00	0.00
LBC	77	25.65	24.32	24.32	25.71	0.00	0.00
LBC	78	25.57	24.37	24.42	25.64	0.00	0.00
LBC	79	25.55	24.43	24.44	25.58	0.00	0.00
LBC	80	25.65	24.34	24.37	25.65	0.00	0.00
LBC	81	25.60	24.37	24.41	25.62	0.00	0.00
LBC	82	25.60	24.36	24.38	25.66	0.00	0.00
LBC	83	25.65	24.31	24.37	25.67	0.00	0.00
LBC	84	25.66	24.32	24.33	25.69	0.00	0.00
LBC	85	25.55	24.49	24.40	25.55	0.00	0.00
LBC	86	25.63	24.34	24.37	25.66	0.00	0.00
LBC	87	25.63	24.41	24.35	25.61	0.00	0.00
LBC	88	25.56	24.39	24.42	25.62	0.00	0.00
LBC	89	25.68	24.27	24.34	25.70	0.00	0.00
LBC	90	25.62	24.35	24.38	25.65	0.00	0.00
LBC	91	25.58	24.37	24.42	25.63	0.00	0.00
LBC	92	25.69	24.28	24.32	25.70	0.00	0.00
LBC	93	25.56	24.40	24.44	25.60	0.00	0.00
LBC	94	25.61	24.37	24.32	25.69	0.00	0.00
LBC	95	25.65	24.27	24.35	25.72	0.00	0.00
LBC	96	25.64	24.31	24.38	25.67	0.00	0.00
LBC	97	25.61	24.39	24.38	25.61	0.00	0.00
LBC	98	25.66	24.27	24.38	25.70	0.00	0.00
LBC	99	25.63	24.35	24.33	25.70	0.00	0.00
LBC	100	25.61	24.31	24.42	25.66	0.22	0.00
LBC	101	25.72	24.26	24.29	25.73	0.21	0.00
# ACGT raw counters for last fragments. Use `grep ^LTC | cut -f 2-` to extract this part. The columns are: A,C,G,T,N base counters
LTC	476227470	465164638	465739643	476867226	148386
# Insert sizes. Use `grep ^IS | cut -f 2-` to extract this part. The columns are: insert size, pairs total, inward oriented pairs, outward oriented pairs, other pairs
IS	0	0	0	0	0
IS	1	0	0	0	0
IS	2	14	0	14	0
IS	3	16	0	16	0
IS	4	29	0	29	0
IS	5	10	0	10	0
IS	6	20	0	20	0
IS	7	20	0	20	0
IS	8	11	0	11	0
IS	9	83	0	83	0
IS	10	24	0	24	0
IS	11	26	0	26	0
IS	12	13	0	13	0
IS	13	17	0	17	0
IS	14	40	0	40	0
IS	15	27	0	27	0
IS	16	36	0	36	0
IS	17	34	0	34	0
IS	18	20	0	20	0
IS	19	275	208	67	0
IS	20	278	232	46	0
IS	21	215	171	44	0
IS	22	123	88	35	0
IS	23	108	74	34	0
IS	24	86	43	43	0
IS	25	121	77	44	0
IS	26	108	68	40	0
IS	27	145	102	43	0
IS	28	194	141	53	0
IS	29	174	119	55	0
IS	30	189	122	67	0
IS	31	231	201	30	0
IS	32	288	257	31	0
IS	33	436	410	26	0
IS	34	617	586	31	0
IS	35	857	827	30	0
IS	36	1312	1287	25	0
IS	37	1838	1806	32	0
IS	38	2135	2089	46	0
IS	39	2430	2389	41	0
IS	40	2792	2758	34	0
IS	41	3229	3198	30	1
IS	42	3773	3739	34	0
IS	43	4777	4747	30	0
IS	44	5870	5826	44	0
IS	45	6781	6738	42	1
IS	46	7445	7409	35	1
IS	47	7979	7935	43	1
IS	48	8490	8450	39	1
IS	49	8795	8734	60	1
IS	50	9289	9232	57	0
IS	51	10089	10003	86	0
IS	52	10950	10897	53	0
IS	53	12428	12372	56	0
IS	54	14332	14273	59	0
IS	55	16048	15979	69	0
IS	56	16706	16650	55	1
IS	57	17874	17814	59	1
IS	58	18340	18282	57	1
IS	59	18927	18852	75	0
IS	60	19590	19531	59	0
IS	61	20290	20233	56	1
IS	62	21441	21381	59	1
IS	63	22779	22712	67	0
IS	64	25425	25327	98	0
IS	65	27118	27068	49	1
IS	66	29080	29023	57	0
IS	67	30150	30090	60	0
IS	68	31049	30983	66	0
IS	69	32044	31963	81	0
IS	70	32371	32292	79	0
IS	71	33222	33167	55	0
IS	72	34237	34181	54	2
IS	73	35761	35682	77	2
IS	74	38083	38004	79	0
IS	75	40114	40029	84	1
IS	76	42736	42680	56	0
IS	77	44677	44605	71	1
IS	78	45710	45639	69	2
IS	79	46959	46869	88	2
IS	80	47371	47316	55	0
IS	81	48374	48300	73	1
IS	82	49081	49009	71	1
IS	83	49868	49784	82	2
IS	84	52569	52477	92	0
IS	85	54487	54405	81	1
IS	86	57452	57368	82	2
IS	87	60650	60570	80	0
IS	88	62286	62163	122	1
IS	89	63602	63499	101	2
IS	90	64223	64136	87	0
IS	91	65096	65014	82	0
IS	92	65906	65802	104	0
IS	93	67563	67429	133	1
IS	94	68697	68538	157	2
IS	95	72134	71988	145	1
IS	96	74425	74270	153	2
IS	97	76593	76390	203	0
IS	98	79165	78926	239	0
IS	99	81917	81646	271	0
IS	100	82390	81906	484	0
IS	101	83458	83448	9	1
IS	102	84586	84580	5	1
IS	103	85253	85249	4	0
IS	104	86494	86489	3	2
IS	105	89083	89082	1	0
IS	106	91988	91987	1	0
IS	107	94663	94659	4	0
IS	108	97160	97159	0	1
IS	109	98204	98200	3	1
IS	110	100365	100362	1	2
IS	111	101972	101970	2	0
IS	112	102676	102672	2	2
IS	113	102439	102437	1	1
IS	114	104364	104363	1	0
IS	115	105658	105655	2	1
IS	116	107207	107203	4	0
IS	117	110925	110920	4	1
IS	118	111521	111516	2	3
IS	119	113054	113044	10	0
IS	120	114488	114488	0	0
IS	121	115794	115791	1	2
IS	122	117119	117116	3	0
IS	123	116404	116402	2	0
IS	124	117414	117410	3	1
IS	125	117809	117806	2	1
IS	126	118739	118736	3	0
IS	127	121087	121084	1	2
IS	128	120923	120921	2	0
IS	129	123342	123341	1	0
IS	130	125221	125219	0	2
IS	131	124696	124692	4	0
IS	132	126088	126087	1	0
IS	133	125212	125208	4	0
IS	134	125377	125376	0	1
IS	135	125778	125776	1	1
IS	136	125345	125342	2	1
IS	137	127550	127545	3	2
IS	138	126632	126631	1	0
IS	139	126879	126877	2	0
IS	140	128795	128792	1	2
IS	141	128138	128137	1	0
IS	142	128011	128008	3	0
IS	143	127821	127820	0	1
IS	144	126853	126848	3	2
IS	145	127372	127371	1	0
IS	146	126838	126837	1	0
IS	147	126916	126915	1	0
IS	148	126775	126772	2	1
IS	149	126135	126129	5	1
IS	150	126449	126447	1	1
IS	151	126580	126574	3	3
IS	152	125922	125921	0	1
IS	153	125059	125058	0	1
IS	154	124428	124424	4	0
IS	155	123298	123298	0	0
IS	156	121713	121710	3	0
IS	157	121430	121426	3	1
IS	158	121823	121818	3	2
IS	159	120501	120498	3	0
IS	160	120198	120190	6	2
IS	161	120113	120098	14	1
IS	162	120105	120101	4	0
IS	163	118379	118376	3	0
IS	164	117556	117552	3	1
IS	165	116975	116971	1	3
IS	166	114317	114311	6	0
IS	167	114481	114478	2	1
IS	168	113967	113965	1	1
IS	169	112726	112724	2	0
IS	170	112597	112595	1	1
IS	171	112561	112557	3	1
IS	172	110777	110773	4	0
IS	173	109511	109510	1	0
IS	174	107955	107952	3	0
IS	175	107893	107892	0	1
IS	176	105721	105716	4	1
IS	177	105266	105263	2	1
IS	178	104009	104005	4	0
IS	179	102513	102512	1	0
IS	180	102166	102163	3	0
IS	181	101761	101761	0	0
IS	182	99650	99647	2	1
IS	183	99230	99230	0	0
IS	184	98002	98001	1	0
IS	185	97228	97228	0	0
IS	186	96012	96011	1	0
IS	187	94892	94890	1	1
IS	188	94213	94212	1	0
IS	189	92750	92746	3	1
IS	190	92612	92606	5	1
IS	191	90871	90866	2	3
IS	192	89584	89581	1	2
IS	193	89613	89610	3	0
IS	194	87879	87879	0	0
IS	195	87104	87102	2	0
IS	196	85640	85633	4	3
IS	197	84298	84294	4	0
IS	198	84387	84383	3	1
IS	199	83275	83273	2	0
IS	200	81000	80994	6	0
IS	201	80421	80418	3	0
IS	202	80455	80452	3	0
IS	203	79064	79063	1	0
IS	204	78784	78781	3	0
IS	205	77158	77151	6	1
IS	206	76783	76782	1	0
IS	207	75528	75523	4	1
IS	208	74118	74113	4	1
IS	209	73507	73506	1	0
IS	210	72420	72418	1	1
IS	211	70977	70973	2	2
IS	212	70725	70725	0	0
IS	213	69473	69469	4	0
IS	214	69431	69431	0	0
IS	215	68363	68357	6	0
IS	216	68032	68031	1	0
IS	217	66049	66041	8	0
IS	218	65419	65416	2	1
IS	219	64667	64667	0	0
IS	220	63820	63819	0	1
IS	221	62728	62726	2	0
IS	222	61766	61761	3	2
IS	223	60718	60715	3	0
IS	224	61043	61041	1	1
IS	225	60287	60284	3	0
IS	226	59318	59315	2	1
IS	227	58216	58214	1	1
IS	228	57755	57750	4	1
IS	229	56305	56301	3	1
IS	230	55854	55853	0	1
IS	231	55237	55233	4	0
IS	232	54649	54649	0	0
IS	233	53761	53757	3	1
IS	234	53061	53060	1	0
IS	235	52482	52482	0	0
IS	236	51892	51887	4	1
IS	237	51559	51558	1	0
IS	238	50377	50375	2	0
IS	239	49828	49822	6	0
IS	240	49055	49051	4	0
IS	241	47744	47742	2	0
IS	242	47620	47616	2	2
IS	243	46619	46614	5	0
IS	244	46241	46239	2	0
IS	245	45873	45865	6	2
IS	246	44654	44654	0	0
IS	247	44698	44695	2	1
IS	248	43809	43808	1	0
IS	249	43301	43298	2	1
IS	250	42191	42186	4	1
IS	251	41899	41899	0	0
IS	252	41072	41070	0	2
IS	253	40545	40544	1	0
IS	254	40081	40080	1	0
IS	255	39507	39505	2	0
IS	256	39004	39003	1	0
IS	257	38573	38571	2	0
IS	258	38048	38047	1	0
IS	259	37910	37908	2	0
IS	260	36585	36584	1	0
IS	261	37053	37052	1	0
IS	262	35876	35876	0	0
IS	263	35658	35658	0	0
IS	264	34890	34890	0	0
IS	265	34049	34049	0	0
IS	266	33969	33968	0	1
IS	267	33137	33136	1	0
IS	268	33385	33384	1	0
IS	269	32674	32674	0	0
IS	270	32050	32049	0	1
IS	271	31527	31527	0	0
IS	272	31222	31221	1	0
IS	273	30565	30563	1	1
IS	274	30543	30541	1	1
IS	275	29955	29952	1	2
IS	276	29403	29403	0	0
IS	277	29108	29107	1	0
IS	278	28493	28492	1	0
IS	279	27932	27931	1	0
IS	280	28085	28084	0	1
IS	281	27468	27468	0	0
IS	282	27162	27162	0	0
IS	283	26462	26460	2	0
IS	284	25994	25994	0	0
IS	285	25895	25894	0	1
IS	286	25851	25850	0	1
IS	287	24888	24888	0	0
IS	288	24811	24809	2	0
IS	289	24125	24123	1	1
IS	290	24206	24206	0	0
IS	291	23545	23543	0	2
IS	292	23341	23341	0	0
IS	293	22907	22907	0	0
IS	294	22585	22585	0	0
IS	295	22078	22077	0	1
IS	296	21852	21852	0	0
IS	297	21540	21538	1	1
IS	298	21172	21170	1	1
IS	299	20739	20738	1	0
IS	300	20543	20543	0	0
IS	301	20292	20292	0	0
IS	302	19816	19816	0	0
IS	303	19707	19707	0	0
IS	304	19320	19319	1	0
IS	305	19169	19169	0	0
IS	306	18793	18793	0	0
IS	307	18508	18506	1	1
IS	308	18515	18514	1	0
IS	309	17931	17928	1	2
IS	310	17703	17701	2	0
IS	311	17411	17410	1	0
IS	312	17406	17405	1	0
IS	313	16897	16896	1	0
IS	314	16731	16730	0	1
IS	315	16613	16612	1	0
IS	316	16164	16162	1	1
IS	317	15946	15946	0	0
IS	318	15616	15615	1	0
IS	319	15480	15480	0	0
IS	320	15620	15620	0	0
IS	321	14952	14952	0	0
IS	322	14707	14707	0	0
IS	323	14608	14606	2	0
IS	324	14472	14472	0	0
IS	325	14066	14065	1	0
IS	326	13645	13645	0	0
IS	327	13623	13622	1	0
IS	328	13377	13377	0	0
IS	329	13303	13302	1	0
IS	330	13067	13067	0	0
IS	331	12792	12792	0	0
IS	332	12616	12615	0	1
IS	333	12481	12481	0	0
IS	334	12573	12573	0	0
IS	335	12123	12123	0	0
IS	336	12020	12020	0	0
IS	337	11750	11749	1	0
IS	338	11725	11722	1	2
IS	339	11423	11421	2	0
IS	340	11255	11253	2	0
IS	341	11163	11162	0	1
IS	342	11003	11001	2	0
IS	343	10520	10519	1	0
IS	344	10649	10648	1	0
IS	345	10541	10541	0	0
IS	346	10267	10267	0	0
IS	347	10041	10039	1	1
IS	348	9895	9895	0	0
IS	349	9722	9722	0	0
IS	350	9433	9432	0	1
IS	351	9325	9324	0	1
IS	352	9421	9419	0	2
IS	353	9306	9306	0	0
IS	354	9099	9099	0	0
IS	355	9098	9095	3	0
IS	356	8790	8789	1	0
IS	357	8562	8562	0	0
IS	358	8558	8557	1	0
IS	359	8303	8303	0	0
IS	360	8381	8381	0	0
IS	361	8371	8371	0	0
IS	362	8089	8089	0	0
IS	363	7895	7895	0	0
IS	364	7683	7683	0	0
IS	365	7498	7498	0	0
IS	366	7616	7616	0	0
IS	367	7468	7467	1	0
IS	368	7165	7165	0	0
IS	369	7089	7088	1	0
IS	370	7178	7176	2	0
IS	371	6889	6889	0	0
IS	372	6763	6763	0	0
IS	373	6774	6773	1	0
IS	374	6560	6560	0	0
IS	375	6590	6588	2	0
IS	376	6572	6570	2	0
IS	377	6353	6352	1	0
IS	378	6203	6203	0	0
IS	379	6262	6262	0	0
IS	380	6060	6060	0	0
IS	381	6140	6139	1	0
IS	382	6059	6058	0	1
IS	383	5871	5871	0	0
IS	384	5674	5674	0	0
IS	385	5608	5607	1	0
IS	386	5540	5540	0	0
IS	387	5467	5467	0	0
IS	388	5235	5234	0	1
IS	389	5278	5278	0	0
IS	390	5172	5170	2	0
IS	391	5120	5119	0	1
IS	392	5083	5082	1	0
IS	393	5037	5035	2	0
IS	394	4771	4771	0	0
IS	395	4810	4810	0	0
IS	396	4623	4623	0	0
IS	397	4609	4608	1	0
IS	398	4481	4481	0	0
IS	399	4413	4412	1	0
IS	400	4458	4456	2	0
IS	401	4319	4319	0	0
IS	402	4342	4341	0	1
IS	403	4258	4258	0	0
IS	404	4107	4107	0	0
IS	405	4221	4220	1	0
IS	406	4108	4106	0	2
IS	407	3994	3994	0	0
IS	408	3952	3951	1	0
IS	409	3923	3922	1	0
IS	410	3858	3856	1	1
IS	411	3748	3748	0	0
IS	412	3701	3699	1	1
IS	413	3722	3721	1	0
IS	414	3581	3581	0	0
IS	415	3447	3447	0	0
IS	416	3467	3467	0	0
IS	417	3420	3418	1	1
IS	418	3357	3357	0	0
IS	419	3373	3372	1	0
IS	420	3285	3284	1	0
IS	421	3162	3162	0	0
IS	422	3308	3307	1	0
IS	423	3165	3164	0	1
IS	424	3111	3109	1	1
IS	425	2986	2985	1	0
IS	426	3002	3002	0	0
IS	427	2768	2768	0	0
IS	428	2857	2853	3	1
IS	429	2783	2782	0	1
# Read lengths. Use `grep ^RL | cut -f 2-` to extract this part. The columns are: read length, count
RL	31	1346
RL	32	1384
RL	33	1748
RL	34	2356
RL	35	2712
RL	36	3504
RL	37	4742
RL	38	5094
RL	39	5910
RL	40	6468
RL	41	7136
RL	42	8212
RL	43	10260
RL	44	12364
RL	45	14346
RL	46	15494
RL	47	16660
RL	48	17776
RL	49	18162
RL	50	19334
RL	51	20680
RL	52	22506
RL	53	25412
RL	54	29308
RL	55	32886
RL	56	33938
RL	57	36468
RL	58	37268
RL	59	38320
RL	60	39802
RL	61	41322
RL	62	43586
RL	63	46234
RL	64	51504
RL	65	54944
RL	66	59290
RL	67	61026
RL	68	62616
RL	69	64460
RL	70	65320
RL	71	67344
RL	72	69092
RL	73	72334
RL	74	76642
RL	75	80986
RL	76	86300
RL	77	89982
RL	78	92476
RL	79	94524
RL	80	95410
RL	81	97570
RL	82	98632
RL	83	100456
RL	84	105640
RL	85	109856
RL	86	115388
RL	87	121968
RL	88	125462
RL	89	127992
RL	90	129156
RL	91	130858
RL	92	132398
RL	93	136142
RL	94	137786
RL	95	144374
RL	96	149084
RL	97	152852
RL	98	158032
RL	99	163530
RL	100	164534
RL	101	33723584
# Read lengths - first fragments. Use `grep ^FRL | cut -f 2-` to extract this part. The columns are: read length, count
FRL	31	673
FRL	32	692
FRL	33	874
FRL	34	1178
FRL	35	1356
FRL	36	1752
FRL	37	2371
FRL	38	2547
FRL	39	2955
FRL	40	3234
FRL	41	3568
FRL	42	4106
FRL	43	5130
FRL	44	6182
FRL	45	7173
FRL	46	7747
FRL	47	8330
FRL	48	8888
FRL	49	9081
FRL	50	9667
FRL	51	10340
FRL	52	11253
FRL	53	12706
FRL	54	14654
FRL	55	16443
FRL	56	16969
FRL	57	18234
FRL	58	18634
FRL	59	19160
FRL	60	19901
FRL	61	20661
FRL	62	21793
FRL	63	23117
FRL	64	25752
FRL	65	27472
FRL	66	29645
FRL	67	30513
FRL	68	31308
FRL	69	32230
FRL	70	32660
FRL	71	33672
FRL	72	34546
FRL	73	36167
FRL	74	38321
FRL	75	40493
FRL	76	43150
FRL	77	44991
FRL	78	46238
FRL	79	47262
FRL	80	47705
FRL	81	48785
FRL	82	49316
FRL	83	50228
FRL	84	52820
FRL	85	54928
FRL	86	57694
FRL	87	60984
FRL	88	62731
FRL	89	63996
FRL	90	64578
FRL	91	65429
FRL	92	66199
FRL	93	68071
FRL	94	68893
FRL	95	72187
FRL	96	74542
FRL	97	76426
FRL	98	79016
FRL	99	81765
FRL	100	82267
FRL	101	16861792
# Read lengths - last fragments. Use `grep ^LRL | cut -f 2-` to extract this part. The columns are: read length, count
LRL	31	673
LRL	32	692
LRL	33	874
LRL	34	1178
LRL	35	1356
LRL	36	1752
LRL	37	2371
LRL	38	2547
LRL	39	2955
LRL	40	3234
LRL	41	3568
LRL	42	4106
LRL	43	5130
LRL	44	6182
LRL	45	7173
LRL	46	7747
LRL	47	8330
LRL	48	8888
LRL	49	9081
LRL	50	9667
LRL	51	10340
LRL	52	11253
LRL	53	12706
LRL	54	14654
LRL	55	16443
LRL	56	16969
LRL	57	18234
LRL	58	18634
LRL	59	19160
LRL	60	19901
LRL	61	20661
LRL	62	21793
LRL	63	23117
LRL	64	25752
LRL	65	27472
LRL	66	29645
LRL	67	30513
LRL	68	31308
LRL	69	32230
LRL	70	32660
LRL	71	33672
LRL	72	34546
LRL	73	36167
LRL	74	38321
LRL	75	40493
LRL	76	43150
LRL	77	44991
LRL	78	46238
LRL	79	47262
LRL	80	47705
LRL	81	48785
LRL	82	49316
LRL	83	50228
LRL	84	52820
LRL	85	54928
LRL	86	57694
LRL	87	60984
LRL	88	62731
LRL	89	63996
LRL	90	64578
LRL	91	65429
LRL	92	66199
LRL	93	68071
LRL	94	68893
LRL	95	72187
LRL	96	74542
LRL	97	76426
LRL	98	79016
LRL	99	81765
LRL	100	82267
LRL	101	16861792
# Mapping qualities for reads !(UNMAP|SECOND|SUPPL|QCFAIL|DUP). Use `grep ^MAPQ | cut -f 2-` to extract this part. The columns are: mapq, count
MAPQ	0	3822698
MAPQ	1	11695
MAPQ	2	4890
MAPQ	3	19312
MAPQ	4	7443
MAPQ	5	7705
MAPQ	6	9877
MAPQ	7	15728
MAPQ	8	7868
MAPQ	9	25321
MAPQ	10	13993
MAPQ	11	5347
MAPQ	12	8273
MAPQ	13	12409
MAPQ	14	5364
MAPQ	15	17673
MAPQ	16	7660
MAPQ	17	12268
MAPQ	18	13971
MAPQ	19	26187
MAPQ	20	35730
MAPQ	21	33237
MAPQ	22	53722
MAPQ	23	49202
MAPQ	24	76168
MAPQ	25	145246
MAPQ	26	2517
MAPQ	27	278531
MAPQ	28	4802
MAPQ	29	3987
MAPQ	30	6795
MAPQ	31	10985
MAPQ	32	2203
MAPQ	33	21539
MAPQ	34	4444
MAPQ	35	4446
MAPQ	36	7016
MAPQ	37	12965
MAPQ	38	5775
MAPQ	39	23932
MAPQ	40	320042
MAPQ	41	8854
MAPQ	42	23856
MAPQ	43	28301
MAPQ	44	18264
MAPQ	45	58672
MAPQ	46	36055
MAPQ	47	74771
MAPQ	48	107389
MAPQ	49	67097
MAPQ	50	344154
MAPQ	51	33275
MAPQ	52	40558
MAPQ	53	17036
MAPQ	54	16423
MAPQ	55	41254
MAPQ	56	3833
MAPQ	57	42340
MAPQ	58	3175
MAPQ	59	5125
MAPQ	60	29723273
# Indel distribution. Use `grep ^ID | cut -f 2-` to extract this part. The columns are: length, number of insertions, number of deletions
ID	1	99970	139337
ID	2	21701	34332
ID	3	10066	17107
ID	4	8560	13386
ID	5	7756	5261
ID	6	1949	3411
ID	7	614	1213
ID	8	1049	1650
ID	9	627	977
ID	10	941	1336
ID	11	281	609
ID	12	427	852
ID	13	228	483
ID	14	158	386
ID	15	260	563
ID	16	94	320
ID	17	51	130
ID	18	71	289
ID	19	53	149
ID	20	49	155
ID	21	20	151
ID	22	9	89
ID	23	5	53
ID	24	14	125
ID	25	9	30
ID	26	1	62
ID	27	1	27
ID	28	0	26
ID	29	6	8
ID	30	0	29
ID	31	0	5
ID	32	0	22
ID	33	0	3
ID	34	0	14
ID	35	0	9
ID	36	0	4
ID	37	0	2
ID	38	0	3
ID	40	0	1
ID	41	0	3
ID	42	0	2
# Indels per cycle. Use `grep ^IC | cut -f 2-` to extract this part. The columns are: cycle, number of insertions (fwd), .. (rev) , number of deletions (fwd), .. (rev)
IC	3	0	0	297	314
IC	4	304	222	393	334
IC	5	331	285	410	387
IC	6	347	300	370	391
IC	7	375	308	408	411
IC	8	324	370	473	503
IC	9	415	417	666	687
IC	10	538	499	697	714
IC	11	522	473	731	774
IC	12	633	648	785	752
IC	13	563	526	830	859
IC	14	640	640	972	880
IC	15	770	692	1118	1041
IC	16	734	776	977	924
IC	17	788	761	1299	1289
IC	18	848	843	1017	986
IC	19	724	683	1086	1062
IC	20	770	708	1115	1083
IC	21	785	776	1065	1070
IC	22	845	830	1145	1072
IC	23	890	778	1178	1139
IC	24	847	852	1237	1171
IC	25	874	819	1345	1248
IC	26	1007	915	1242	1274
IC	27	959	865	1349	1305
IC	28	939	848	1399	1294
IC	29	975	911	1424	1303
IC	30	974	951	1475	1376
IC	31	1105	966	1435	1294
IC	32	1014	887	1379	1310
IC	33	953	914	1402	1357
IC	34	969	898	1414	1385
IC	35	1063	980	1564	1462
IC	36	1089	998	1374	1263
IC	37	993	920	1451	1298
IC	38	964	936	1425	1302
IC	39	941	839	1361	1277
IC	40	1000	964	1480	1342
IC	41	1050	935	1439	1333
IC	42	1009	960	1442	1365
IC	43	1066	1028	1439	1320
IC	44	1020	922	1464	1384
IC	45	997	945	1354	1316
IC	46	1031	956	1380	1294
IC	47	1075	1005	1431	1319
IC	48	1051	995	1471	1322
IC	49	1064	979	1597	1368
IC	50	1014	924	1395	1443
IC	51	1069	966	1378	1314
IC	52	982	913	1469	1374
IC	53	1009	930	1424	1396
IC	54	980	980	1430	1431
IC	55	1022	964	1453	1371
IC	56	1000	947	1451	1395
IC	57	1003	955	1432	1338
IC	58	935	844	1407	1333
IC	59	999	978	1427	1336
IC	60	930	973	1396	1368
IC	61	951	911	1375	1299
IC	62	933	916	1355	1401
IC	63	899	897	1394	1360
IC	64	961	877	1426	1342
IC	65	1050	1008	1499	1406
IC	66	969	977	1448	1419
IC	67	959	954	1414	1465
IC	68	932	885	1412	1304
IC	69	974	905	1349	1361
IC	70	990	996	1394	1344
IC	71	948	955	1311	1300
IC	72	888	913	1415	1361
IC	73	947	966	1401	1318
IC	74	894	881	1343	1264
IC	75	908	948	1251	1241
IC	76	867	811	1291	1289
IC	77	877	820	1346	1260
IC	78	833	892	1304	1286
IC	79	787	768	1263	1308
IC	80	866	866	1245	1210
IC	81	911	901	1170	1227
IC	82	816	817	1220	1200
IC	83	791	766	1197	1186
IC	84	829	818	1138	1185
IC	85	886	862	1165	1123
IC	86	725	748	1132	1097
IC	87	661	689	1087	1042
IC	88	663	673	1035	1033
IC	89	631	652	955	958
IC	90	664	666	863	887
IC	91	573	558	897	881
IC	92	600	591	857	857
IC	93	451	485	852	827
IC	94	497	522	741	739
IC	95	437	491	705	674
IC	96	508	625	652	687
IC	97	354	461	547	616
IC	98	402	452	459	428
IC	100	0	0	0	1
# Coverage distribution. Use `grep ^COV | cut -f 2-` to extract this part.
COV	[1-1]	1	210739737
COV	[2-2]	2	114119106
COV	[3-3]	3	16988341
COV	[4-4]	4	11230739
COV	[5-5]	5	5717328
COV	[6-6]	6	4780702
COV	[7-7]	7	4043924
COV	[8-8]	8	3662168
COV	[9-9]	9	3363148
COV	[10-10]	10	3139681
COV	[11-11]	11	2957794
COV	[12-12]	12	2812490
COV	[13-13]	13	2672921
COV	[14-14]	14	2555486
COV	[15-15]	15	2432659
COV	[16-16]	16	2339670
COV	[17-17]	17	2243603
COV	[18-18]	18	2155649
COV	[19-19]	19	2067015
COV	[20-20]	20	1986161
COV	[21-21]	21	1907243
COV	[22-22]	22	1833022
COV	[23-23]	23	1761243
COV	[24-24]	24	1695680
COV	[25-25]	25	1642216
COV	[26-26]	26	1586672
COV	[27-27]	27	1522073
COV	[28-28]	28	1467022
COV	[29-29]	29	1415165
COV	[30-30]	30	1367055
COV	[31-31]	31	1318076
COV	[32-32]	32	1266988
COV	[33-33]	33	1225496
COV	[34-34]	34	1178783
COV	[35-35]	35	1135750
COV	[36-36]	36	1096015
COV	[37-37]	37	1051504
COV	[38-38]	38	1012493
COV	[39-39]	39	975537
COV	[40-40]	40	937989
COV	[41-41]	41	901075
COV	[42-42]	42	867079
COV	[43-43]	43	831147
COV	[44-44]	44	803215
COV	[45-45]	45	771327
COV	[46-46]	46	738737
COV	[47-47]	47	710936
COV	[48-48]	48	684191
COV	[49-49]	49	656528
COV	[50-50]	50	632586
COV	[51-51]	51	604532
COV	[52-52]	52	580927
COV	[53-53]	53	556537
COV	[54-54]	54	534886
COV	[55-55]	55	510612
COV	[56-56]	56	490610
COV	[57-57]	57	469256
COV	[58-58]	58	449887
COV	[59-59]	59	431146
COV	[60-60]	60	415749
COV	[61-61]	61	401243
COV	[62-62]	62	382674
COV	[63-63]	63	369936
COV	[64-64]	64	354811
COV	[65-65]	65	338527
COV	[66-66]	66	327152
COV	[67-67]	67	311091
COV	[68-68]	68	298781
COV	[69-69]	69	289104
COV	[70-70]	70	277676
COV	[71-71]	71	266658
COV	[72-72]	72	256419
COV	[73-73]	73	246450
COV	[74-74]	74	237193
COV	[75-75]	75	229790
COV	[76-76]	76	221327
COV	[77-77]	77	213008
COV	[78-78]	78	206385
COV	[79-79]	79	197912
COV	[80-80]	80	192303
COV	[81-81]	81	186142
COV	[82-82]	82	177800
COV	[83-83]	83	172216
COV	[84-84]	84	167620
COV	[85-85]	85	162745
COV	[86-86]	86	157855
COV	[87-87]	87	151391
COV	[88-88]	88	147636
COV	[89-89]	89	142543
COV	[90-90]	90	137277
COV	[91-91]	91	132665
COV	[92-92]	92	129010
COV	[93-93]	93	126202
COV	[94-94]	94	121833
COV	[95-95]	95	117607
COV	[96-96]	96	114652
COV	[97-97]	97	109843
COV	[98-98]	98	107838
COV	[99-99]	99	104824
COV	[100-100]	100	101723
COV	[101-101]	101	99122
COV	[102-102]	102	95381
COV	[103-103]	103	92855
COV	[104-104]	104	90209
COV	[105-105]	105	87334
COV	[106-106]	106	84110
COV	[107-107]	107	82875
COV	[108-108]	108	81119
COV	[109-109]	109	78571
COV	[110-110]	110	76218
COV	[111-111]	111	73886
COV	[112-112]	112	72265
COV	[113-113]	113	70207
COV	[114-114]	114	67124
COV	[115-115]	115	65028
COV	[116-116]	116	62945
COV	[117-117]	117	60917
COV	[118-118]	118	59381
COV	[119-119]	119	58850
COV	[120-120]	120	56917
COV	[121-121]	121	54512
COV	[122-122]	122	53781
COV	[123-123]	123	51979
COV	[124-124]	124	50095
COV	[125-125]	125	48819
COV	[126-126]	126	47221
COV	[127-127]	127	45661
COV	[128-128]	128	44413
COV	[129-129]	129	42898
COV	[130-130]	130	41483
COV	[131-131]	131	40042
COV	[132-132]	132	39208
COV	[133-133]	133	37718
COV	[134-134]	134	37056
COV	[135-135]	135	36196
COV	[136-136]	136	35199
COV	[137-137]	137	33696
COV	[138-138]	138	32627
COV	[139-139]	139	31992
COV	[140-140]	140	31090
COV	[141-141]	141	29597
COV	[142-142]	142	28704
COV	[143-143]	143	28183
COV	[144-144]	144	27262
COV	[145-145]	145	26147
COV	[146-146]	146	25648
COV	[147-147]	147	24564
COV	[148-148]	148	23596
COV	[149-149]	149	23019
COV	[150-150]	150	22192
COV	[151-151]	151	21979
COV	[152-152]	152	21084
COV	[153-153]	153	20000
COV	[154-154]	154	19439
COV	[155-155]	155	18996
COV	[156-156]	156	18829
COV	[157-157]	157	17857
COV	[158-158]	158	17475
COV	[159-159]	159	16999
COV	[160-160]	160	16513
COV	[161-161]	161	16142
COV	[162-162]	162	15472
COV	[163-163]	163	15263
COV	[164-164]	164	14747
COV	[165-165]	165	14304
COV	[166-166]	166	13901
COV	[167-167]	167	13413
COV	[168-168]	168	12736
COV	[169-169]	169	12454
COV	[170-170]	170	12446
COV	[171-171]	171	12054
COV	[172-172]	172	11924
COV	[173-173]	173	11414
COV	[174-174]	174	11116
COV	[175-175]	175	10888
COV	[176-176]	176	10450
COV	[177-177]	177	10266
COV	[178-178]	178	9903
COV	[179-179]	179	9658
COV	[180-180]	180	9336
COV	[181-181]	181	8936
COV	[182-182]	182	8720
COV	[183-183]	183	8349
COV	[184-184]	184	8345
COV	[185-185]	185	8197
COV	[186-186]	186	8179
COV	[187-187]	187	7849
COV	[188-188]	188	7788
COV	[189-189]	189	7485
COV	[190-190]	190	7294
COV	[191-191]	191	7289
COV	[192-192]	192	7017
COV	[193-193]	193	6719
COV	[194-194]	194	6715
COV	[195-195]	195	6437
COV	[196-196]	196	6338
COV	[197-197]	197	6250
COV	[198-198]	198	5971
COV	[199-199]	199	5914
COV	[200-200]	200	5779
COV	[201-201]	201	5561
COV	[202-202]	202	5547
COV	[203-203]	203	5419
COV	[204-204]	204	5462
COV	[205-205]	205	5222
COV	[206-206]	206	5190
COV	[207-207]	207	5008
COV	[208-208]	208	5161
COV	[209-209]	209	4867
COV	[210-210]	210	4875
COV	[211-211]	211	4588
COV	[212-212]	212	4773
COV	[213-213]	213	4489
COV	[214-214]	214	4574
COV	[215-215]	215	4235
COV	[216-216]	216	4155
COV	[217-217]	217	4186
COV	[218-218]	218	4108
COV	[219-219]	219	4115
COV	[220-220]	220	3962
COV	[221-221]	221	3910
COV	[222-222]	222	4024
COV	[223-223]	223	3691
COV	[224-224]	224	3816
COV	[225-225]	225	3766
COV	[226-226]	226	3593
COV	[227-227]	227	3521
COV	[228-228]	228	3522
COV	[229-229]	229	3479
COV	[230-230]	230	3490
COV	[231-231]	231	3482
COV	[232-232]	232	3430
COV	[233-233]	233	3225
COV	[234-234]	234	3120
COV	[235-235]	235	3138
COV	[236-236]	236	3048
COV	[237-237]	237	3003
COV	[238-238]	238	2999
COV	[239-239]	239	2930
COV	[240-240]	240	3011
COV	[241-241]	241	2974
COV	[242-242]	242	2871
COV	[243-243]	243	2888
COV	[244-244]	244	2729
COV	[245-245]	245	2764
COV	[246-246]	246	2698
COV	[247-247]	247	2665
COV	[248-248]	248	2701
COV	[249-249]	249	2630
COV	[250-250]	250	2571
COV	[251-251]	251	2427
COV	[252-252]	252	2462
COV	[253-253]	253	2523
COV	[254-254]	254	2488
COV	[255-255]	255	2455
COV	[256-256]	256	2426
COV	[257-257]	257	2438
COV	[258-258]	258	2298
COV	[259-259]	259	2324
COV	[260-260]	260	2278
COV	[261-261]	261	2152
COV	[262-262]	262	2231
COV	[263-263]	263	2159
COV	[264-264]	264	2146
COV	[265-265]	265	2196
COV	[266-266]	266	2095
COV	[267-267]	267	2115
COV	[268-268]	268	2063
COV	[269-269]	269	2068
COV	[270-270]	270	2056
COV	[271-271]	271	2010
COV	[272-272]	272	2011
COV	[273-273]	273	1928
COV	[274-274]	274	1907
COV	[275-275]	275	1839
COV	[276-276]	276	1845
COV	[277-277]	277	1851
COV	[278-278]	278	1755
COV	[279-279]	279	1833
COV	[280-280]	280	1806
COV	[281-281]	281	1775
COV	[282-282]	282	1768
COV	[283-283]	283	1723
COV	[284-284]	284	1764
COV	[285-285]	285	1636
COV	[286-286]	286	1659
COV	[287-287]	287	1699
COV	[288-288]	288	1589
COV	[289-289]	289	1565
COV	[290-290]	290	1570
COV	[291-291]	291	1506
COV	[292-292]	292	1548
COV	[293-293]	293	1540
COV	[294-294]	294	1477
COV	[295-295]	295	1426
COV	[296-296]	296	1460
COV	[297-297]	297	1498
COV	[298-298]	298	1431
COV	[299-299]	299	1427
COV	[300-300]	300	1441
COV	[301-301]	301	1458
COV	[302-302]	302	1507
COV	[303-303]	303	1409
COV	[304-304]	304	1458
COV	[305-305]	305	1451
COV	[306-306]	306	1386
COV	[307-307]	307	1331
COV	[308-308]	308	1384
COV	[309-309]	309	1349
COV	[310-310]	310	1264
COV	[311-311]	311	1354
COV	[312-312]	312	1258
COV	[313-313]	313	1234
COV	[314-314]	314	1221
COV	[315-315]	315	1241
COV	[316-316]	316	1157
COV	[317-317]	317	1214
COV	[318-318]	318	1130
COV	[319-319]	319	1160
COV	[320-320]	320	1172
COV	[321-321]	321	1077
COV	[322-322]	322	1077
COV	[323-323]	323	1106
COV	[324-324]	324	1053
COV	[325-325]	325	1114
COV	[326-326]	326	1071
COV	[327-327]	327	969
COV	[328-328]	328	1044
COV	[329-329]	329	1064
COV	[330-330]	330	1002
COV	[331-331]	331	1060
COV	[332-332]	332	998
COV	[333-333]	333	1027
COV	[334-334]	334	960
COV	[335-335]	335	991
COV	[336-336]	336	931
COV	[337-337]	337	924
COV	[338-338]	338	896
COV	[339-339]	339	885
COV	[340-340]	340	853
COV	[341-341]	341	903
COV	[342-342]	342	943
COV	[343-343]	343	907
COV	[344-344]	344	885
COV	[345-345]	345	948
COV	[346-346]	346	832
COV	[347-347]	347	850
COV	[348-348]	348	838
COV	[349-349]	349	826
COV	[350-350]	350	783
COV	[351-351]	351	736
COV	[352-352]	352	745
COV	[353-353]	353	781
COV	[354-354]	354	782
COV	[355-355]	355	793
COV	[356-356]	356	789
COV	[357-357]	357	808
COV	[358-358]	358	712
COV	[359-359]	359	739
COV	[360-360]	360	735
COV	[361-361]	361	746
COV	[362-362]	362	722
COV	[363-363]	363	791
COV	[364-364]	364	785
COV	[365-365]	365	740
COV	[366-366]	366	748
COV	[367-367]	367	761
COV	[368-368]	368	643
COV	[369-369]	369	701
COV	[370-370]	370	619
COV	[371-371]	371	627
COV	[372-372]	372	706
COV	[373-373]	373	643
COV	[374-374]	374	652
COV	[375-375]	375	622
COV	[376-376]	376	653
COV	[377-377]	377	644
COV	[378-378]	378	652
COV	[379-379]	379	627
COV	[380-380]	380	615
COV	[381-381]	381	611
COV	[382-382]	382	585
COV	[383-383]	383	628
COV	[384-384]	384	567
COV	[385-385]	385	557
COV	[386-386]	386	570
COV	[387-387]	387	625
COV	[388-388]	388	543
COV	[389-389]	389	530
COV	[390-390]	390	525
COV	[391-391]	391	516
COV	[392-392]	392	466
COV	[393-393]	393	529
COV	[394-394]	394	511
COV	[395-395]	395	525
COV	[396-396]	396	535
COV	[397-397]	397	540
COV	[398-398]	398	505
COV	[399-399]	399	543
COV	[400-400]	400	550
COV	[401-401]	401	471
COV	[402-402]	402	481
COV	[403-403]	403	482
COV	[404-404]	404	481
COV	[405-405]	405	440
COV	[406-406]	406	427
COV	[407-407]	407	474
COV	[408-408]	408	473
COV	[409-409]	409	476
COV	[410-410]	410	450
COV	[411-411]	411	408
COV	[412-412]	412	360
COV	[413-413]	413	380
COV	[414-414]	414	409
COV	[415-415]	415	432
COV	[416-416]	416	430
COV	[417-417]	417	371
COV	[418-418]	418	412
COV	[419-419]	419	403
COV	[420-420]	420	377
COV	[421-421]	421	386
COV	[422-422]	422	397
COV	[423-423]	423	398
COV	[424-424]	424	342
COV	[425-425]	425	387
COV	[426-426]	426	360
COV	[427-427]	427	327
COV	[428-428]	428	370
COV	[429-429]	429	339
COV	[430-430]	430	334
COV	[431-431]	431	375
COV	[432-432]	432	325
COV	[433-433]	433	301
COV	[434-434]	434	342
COV	[435-435]	435	322
COV	[436-436]	436	319
COV	[437-437]	437	359
COV	[438-438]	438	322
COV	[439-439]	439	340
COV	[440-440]	440	342
COV	[441-441]	441	344
COV	[442-442]	442	323
COV	[443-443]	443	351
COV	[444-444]	444	320
COV	[445-445]	445	315
COV	[446-446]	446	380
COV	[447-447]	447	328
COV	[448-448]	448	311
COV	[449-449]	449	346
COV	[450-450]	450	310
COV	[451-451]	451	343
COV	[452-452]	452	266
COV	[453-453]	453	305
COV	[454-454]	454	329
COV	[455-455]	455	299
COV	[456-456]	456	300
COV	[457-457]	457	278
COV	[458-458]	458	285
COV	[459-459]	459	271
COV	[460-460]	460	308
COV	[461-461]	461	263
COV	[462-462]	462	285
COV	[463-463]	463	284
COV	[464-464]	464	280
COV	[465-465]	465	265
COV	[466-466]	466	256
COV	[467-467]	467	271
COV	[468-468]	468	282
COV	[469-469]	469	304
COV	[470-470]	470	274
COV	[471-471]	471	269
COV	[472-472]	472	266
COV	[473-473]	473	243
COV	[474-474]	474	262
COV	[475-475]	475	241
COV	[476-476]	476	251
COV	[477-477]	477	238
COV	[478-478]	478	248
COV	[479-479]	479	273
COV	[480-480]	480	252
COV	[481-481]	481	253
COV	[482-482]	482	279
COV	[483-483]	483	263
COV	[484-484]	484	281
COV	[485-485]	485	251
COV	[486-486]	486	258
COV	[487-487]	487	291
COV	[488-488]	488	250
COV	[489-489]	489	255
COV	[490-490]	490	311
COV	[491-491]	491	244
COV	[492-492]	492	292
COV	[493-493]	493	294
COV	[494-494]	494	251
COV	[495-495]	495	227
COV	[496-496]	496	232
COV	[497-497]	497	238
COV	[498-498]	498	239
COV	[499-499]	499	248
COV	[500-500]	500	214
COV	[501-501]	501	259
COV	[502-502]	502	235
COV	[503-503]	503	250
COV	[504-504]	504	256
COV	[505-505]	505	223
COV	[506-506]	506	221
COV	[507-507]	507	261
COV	[508-508]	508	241
COV	[509-509]	509	218
COV	[510-510]	510	208
COV	[511-511]	511	206
COV	[512-512]	512	196
COV	[513-513]	513	205
COV	[514-514]	514	210
COV	[515-515]	515	215
COV	[516-516]	516	224
COV	[517-517]	517	188
COV	[518-518]	518	182
COV	[519-519]	519	167
COV	[520-520]	520	189
COV	[521-521]	521	213
COV	[522-522]	522	171
COV	[523-523]	523	197
COV	[524-524]	524	222
COV	[525-525]	525	203
COV	[526-526]	526	197
COV	[527-527]	527	220
COV	[528-528]	528	201
COV	[529-529]	529	224
COV	[530-530]	530	188
COV	[531-531]	531	202
COV	[532-532]	532	187
COV	[533-533]	533	188
COV	[534-534]	534	192
COV	[535-535]	535	192
COV	[536-536]	536	183
COV	[537-537]	537	208
COV	[538-538]	538	207
COV	[539-539]	539	196
COV	[540-540]	540	197
COV	[541-541]	541	175
COV	[542-542]	542	168
COV	[543-543]	543	182
COV	[544-544]	544	184
COV	[545-545]	545	204
COV	[546-546]	546	188
COV	[547-547]	547	174
COV	[548-548]	548	186
COV	[549-549]	549	169
COV	[550-550]	550	176
COV	[551-551]	551	192
COV	[552-552]	552	157
COV	[553-553]	553	157
COV	[554-554]	554	166
COV	[555-555]	555	164
COV	[556-556]	556	156
COV	[557-557]	557	143
COV	[558-558]	558	159
COV	[559-559]	559	172
COV	[560-560]	560	175
COV	[561-561]	561	166
COV	[562-562]	562	155
COV	[563-563]	563	176
COV	[564-564]	564	186
COV	[565-565]	565	172
COV	[566-566]	566	135
COV	[567-567]	567	150
COV	[568-568]	568	149
COV	[569-569]	569	168
COV	[570-570]	570	160
COV	[571-571]	571	174
COV	[572-572]	572	144
COV	[573-573]	573	157
COV	[574-574]	574	178
COV	[575-575]	575	153
COV	[576-576]	576	172
COV	[577-577]	577	162
COV	[578-578]	578	158
COV	[579-579]	579	186
COV	[580-580]	580	174
COV	[581-581]	581	154
COV	[582-582]	582	146
COV	[583-583]	583	141
COV	[584-584]	584	150
COV	[585-585]	585	165
COV	[586-586]	586	157
COV	[587-587]	587	139
COV	[588-588]	588	152
COV	[589-589]	589	161
COV	[590-590]	590	136
COV	[591-591]	591	133
COV	[592-592]	592	150
COV	[593-593]	593	148
COV	[594-594]	594	148
COV	[595-595]	595	131
COV	[596-596]	596	144
COV	[597-597]	597	161
COV	[598-598]	598	172
COV	[599-599]	599	162
COV	[600-600]	600	134
COV	[601-601]	601	134
COV	[602-602]	602	139
COV	[603-603]	603	153
COV	[604-604]	604	150
COV	[605-605]	605	137
COV	[606-606]	606	149
COV	[607-607]	607	119
COV	[608-608]	608	126
COV	[609-609]	609	122
COV	[610-610]	610	139
COV	[611-611]	611	156
COV	[612-612]	612	133
COV	[613-613]	613	146
COV	[614-614]	614	144
COV	[615-615]	615	134
COV	[616-616]	616	146
COV	[617-617]	617	109
COV	[618-618]	618	134
COV	[619-619]	619	124
COV	[620-620]	620	139
COV	[621-621]	621	116
COV	[622-622]	622	149
COV	[623-623]	623	139
COV	[624-624]	624	136
COV	[625-625]	625	113
COV	[626-626]	626	136
COV	[627-627]	627	118
COV	[628-628]	628	130
COV	[629-629]	629	109
COV	[630-630]	630	124
COV	[631-631]	631	129
COV	[632-632]	632	144
COV	[633-633]	633	113
COV	[634-634]	634	125
COV	[635-635]	635	130
COV	[636-636]	636	132
COV	[637-637]	637	126
COV	[638-638]	638	108
COV	[639-639]	639	114
COV	[640-640]	640	112
COV	[641-641]	641	109
COV	[642-642]	642	127
COV	[643-643]	643	130
COV	[644-644]	644	99
COV	[645-645]	645	112
COV	[646-646]	646	128
COV	[647-647]	647	119
COV	[648-648]	648	132
COV	[649-649]	649	120
COV	[650-650]	650	135
COV	[651-651]	651	123
COV	[652-652]	652	115
COV	[653-653]	653	135
COV	[654-654]	654	99
COV	[655-655]	655	115
COV	[656-656]	656	119
COV	[657-657]	657	119
COV	[658-658]	658	105
COV	[659-659]	659	106
COV	[660-660]	660	107
COV	[661-661]	661	109
COV	[662-662]	662	121
COV	[663-663]	663	141
COV	[664-664]	664	123
COV	[665-665]	665	98
COV	[666-666]	666	109
COV	[667-667]	667	130
COV	[668-668]	668	123
COV	[669-669]	669	122
COV	[670-670]	670	114
COV	[671-671]	671	100
COV	[672-672]	672	122
COV	[673-673]	673	94
COV	[674-674]	674	105
COV	[675-675]	675	106
COV	[676-676]	676	109
COV	[677-677]	677	107
COV	[678-678]	678	104
COV	[679-679]	679	92
COV	[680-680]	680	124
COV	[681-681]	681	114
COV	[682-682]	682	106
COV	[683-683]	683	114
COV	[684-684]	684	111
COV	[685-685]	685	105
COV	[686-686]	686	108
COV	[687-687]	687	109
COV	[688-688]	688	108
COV	[689-689]	689	110
COV	[690-690]	690	143
COV	[691-691]	691	139
COV	[692-692]	692	102
COV	[693-693]	693	107
COV	[694-694]	694	122
COV	[695-695]	695	119
COV	[696-696]	696	109
COV	[697-697]	697	121
COV	[698-698]	698	92
COV	[699-699]	699	102
COV	[700-700]	700	120
COV	[701-701]	701	95
COV	[702-702]	702	107
COV	[703-703]	703	110
COV	[704-704]	704	105
COV	[705-705]	705	123
COV	[706-706]	706	106
COV	[707-707]	707	93
COV	[708-708]	708	91
COV	[709-709]	709	106
COV	[710-710]	710	86
COV	[711-711]	711	89
COV	[712-712]	712	97
COV	[713-713]	713	100
COV	[714-714]	714	110
COV	[715-715]	715	99
COV	[716-716]	716	97
COV	[717-717]	717	114
COV	[718-718]	718	100
COV	[719-719]	719	109
COV	[720-720]	720	82
COV	[721-721]	721	103
COV	[722-722]	722	108
COV	[723-723]	723	106
COV	[724-724]	724	97
COV	[725-725]	725	107
COV	[726-726]	726	84
COV	[727-727]	727	106
COV	[728-728]	728	80
COV	[729-729]	729	94
COV	[730-730]	730	93
COV	[731-731]	731	123
COV	[732-732]	732	106
COV	[733-733]	733	74
COV	[734-734]	734	115
COV	[735-735]	735	105
COV	[736-736]	736	103
COV	[737-737]	737	98
COV	[738-738]	738	124
COV	[739-739]	739	109
COV	[740-740]	740	107
COV	[741-741]	741	103
COV	[742-742]	742	98
COV	[743-743]	743	107
COV	[744-744]	744	79
COV	[745-745]	745	95
COV	[746-746]	746	82
COV	[747-747]	747	72
COV	[748-748]	748	83
COV	[749-749]	749	107
COV	[750-750]	750	91
COV	[751-751]	751	104
COV	[752-752]	752	103
COV	[753-753]	753	85
COV	[754-754]	754	88
COV	[755-755]	755	92
COV	[756-756]	756	98
COV	[757-757]	757	100
COV	[758-758]	758	108
COV	[759-759]	759	118
COV	[760-760]	760	88
COV	[761-761]	761	82
COV	[762-762]	762	94
COV	[763-763]	763	94
COV	[764-764]	764	91
COV	[765-765]	765	90
COV	[766-766]	766	96
COV	[767-767]	767	82
COV	[768-768]	768	86
COV	[769-769]	769	81
COV	[770-770]	770	82
COV	[771-771]	771	69
COV	[772-772]	772	74
COV	[773-773]	773	87
COV	[774-774]	774	70
COV	[775-775]	775	88
COV	[776-776]	776	89
COV	[777-777]	777	81
COV	[778-778]	778	99
COV	[779-779]	779	68
COV	[780-780]	780	82
COV	[781-781]	781	78
COV	[782-782]	782	82
COV	[783-783]	783	95
COV	[784-784]	784	76
COV	[785-785]	785	68
COV	[786-786]	786	71
COV	[787-787]	787	75
COV	[788-788]	788	78
COV	[789-789]	789	61
COV	[790-790]	790	78
COV	[791-791]	791	84
COV	[792-792]	792	76
COV	[793-793]	793	66
COV	[794-794]	794	75
COV	[795-795]	795	89
COV	[796-796]	796	80
COV	[797-797]	797	74
COV	[798-798]	798	73
COV	[799-799]	799	54
COV	[800-800]	800	65
COV	[801-801]	801	59
COV	[802-802]	802	61
COV	[803-803]	803	40
COV	[804-804]	804	78
COV	[805-805]	805	74
COV	[806-806]	806	50
COV	[807-807]	807	53
COV	[808-808]	808	48
COV	[809-809]	809	60
COV	[810-810]	810	61
COV	[811-811]	811	64
COV	[812-812]	812	57
COV	[813-813]	813	65
COV	[814-814]	814	43
COV	[815-815]	815	57
COV	[816-816]	816	60
COV	[817-817]	817	51
COV	[818-818]	818	49
COV	[819-819]	819	58
COV	[820-820]	820	47
COV	[821-821]	821	45
COV	[822-822]	822	54
COV	[823-823]	823	58
COV	[824-824]	824	59
COV	[825-825]	825	57
COV	[826-826]	826	40
COV	[827-827]	827	71
COV	[828-828]	828	59
COV	[829-829]	829	61
COV	[830-830]	830	54
COV	[831-831]	831	57
COV	[832-832]	832	59
COV	[833-833]	833	52
COV	[834-834]	834	47
COV	[835-835]	835	46
COV	[836-836]	836	41
COV	[837-837]	837	45
COV	[838-838]	838	57
COV	[839-839]	839	50
COV	[840-840]	840	68
COV	[841-841]	841	77
COV	[842-842]	842	62
COV	[843-843]	843	60
COV	[844-844]	844	53
COV	[845-845]	845	66
COV	[846-846]	846	64
COV	[847-847]	847	52
COV	[848-848]	848	60
COV	[849-849]	849	52
COV	[850-850]	850	60
COV	[851-851]	851	65
COV	[852-852]	852	50
COV	[853-853]	853	58
COV	[854-854]	854	63
COV	[855-855]	855	38
COV	[856-856]	856	63
COV	[857-857]	857	72
COV	[858-858]	858	50
COV	[859-859]	859	70
COV	[860-860]	860	67
COV	[861-861]	861	53
COV	[862-862]	862	67
COV	[863-863]	863	53
COV	[864-864]	864	79
COV	[865-865]	865	57
COV	[866-866]	866	58
COV	[867-867]	867	55
COV	[868-868]	868	52
COV	[869-869]	869	46
COV	[870-870]	870	55
COV	[871-871]	871	73
COV	[872-872]	872	63
COV	[873-873]	873	52
COV	[874-874]	874	44
COV	[875-875]	875	59
COV	[876-876]	876	47
COV	[877-877]	877	52
COV	[878-878]	878	65
COV	[879-879]	879	52
COV	[880-880]	880	54
COV	[881-881]	881	42
COV	[882-882]	882	56
COV	[883-883]	883	67
COV	[884-884]	884	64
COV	[885-885]	885	53
COV	[886-886]	886	47
COV	[887-887]	887	63
COV	[888-888]	888	64
COV	[889-889]	889	69
COV	[890-890]	890	61
COV	[891-891]	891	52
COV	[892-892]	892	62
COV	[893-893]	893	49
COV	[894-894]	894	71
COV	[895-895]	895	66
COV	[896-896]	896	66
COV	[897-897]	897	57
COV	[898-898]	898	57
COV	[899-899]	899	69
COV	[900-900]	900	60
COV	[901-901]	901	62
COV	[902-902]	902	58
COV	[903-903]	903	49
COV	[904-904]	904	53
COV	[905-905]	905	47
COV	[906-906]	906	57
COV	[907-907]	907	67
COV	[908-908]	908	53
COV	[909-909]	909	58
COV	[910-910]	910	55
COV	[911-911]	911	77
COV	[912-912]	912	63
COV	[913-913]	913	53
COV	[914-914]	914	65
COV	[915-915]	915	59
COV	[916-916]	916	39
COV	[917-917]	917	58
COV	[918-918]	918	53
COV	[919-919]	919	65
COV	[920-920]	920	56
COV	[921-921]	921	66
COV	[922-922]	922	63
COV	[923-923]	923	55
COV	[924-924]	924	42
COV	[925-925]	925	41
COV	[926-926]	926	58
COV	[927-927]	927	56
COV	[928-928]	928	58
COV	[929-929]	929	61
COV	[930-930]	930	43
COV	[931-931]	931	63
COV	[932-932]	932	34
COV	[933-933]	933	66
COV	[934-934]	934	64
COV	[935-935]	935	59
COV	[936-936]	936	57
COV	[937-937]	937	59
COV	[938-938]	938	52
COV	[939-939]	939	54
COV	[940-940]	940	67
COV	[941-941]	941	44
COV	[942-942]	942	60
COV	[943-943]	943	65
COV	[944-944]	944	47
COV	[945-945]	945	55
COV	[946-946]	946	59
COV	[947-947]	947	46
COV	[948-948]	948	52
COV	[949-949]	949	71
COV	[950-950]	950	48
COV	[951-951]	951	47
COV	[952-952]	952	69
COV	[953-953]	953	47
COV	[954-954]	954	47
COV	[955-955]	955	50
COV	[956-956]	956	43
COV	[957-957]	957	40
COV	[958-958]	958	59
COV	[959-959]	959	55
COV	[960-960]	960	52
COV	[961-961]	961	48
COV	[962-962]	962	41
COV	[963-963]	963	56
COV	[964-964]	964	47
COV	[965-965]	965	31
COV	[966-966]	966	46
COV	[967-967]	967	39
COV	[968-968]	968	52
COV	[969-969]	969	40
COV	[970-970]	970	45
COV	[971-971]	971	49
COV	[972-972]	972	59
COV	[973-973]	973	47
COV	[974-974]	974	38
COV	[975-975]	975	50
COV	[976-976]	976	45
COV	[977-977]	977	53
COV	[978-978]	978	52
COV	[979-979]	979	49
COV	[980-980]	980	56
COV	[981-981]	981	41
COV	[982-982]	982	40
COV	[983-983]	983	50
COV	[984-984]	984	49
COV	[985-985]	985	45
COV	[986-986]	986	52
COV	[987-987]	987	34
COV	[988-988]	988	55
COV	[989-989]	989	38
COV	[990-990]	990	47
COV	[991-991]	991	47
COV	[992-992]	992	35
COV	[993-993]	993	33
COV	[994-994]	994	36
COV	[995-995]	995	53
COV	[996-996]	996	55
COV	[997-997]	997	46
COV	[998-998]	998	62
COV	[999-999]	999	72
COV	[1000-1000]	1000	41
COV	[1000<]	1000	39298
# GC-depth. Use `grep ^GCD | cut -f 2-` to extract this part. The columns are: GC%, unique sequence percentiles, 10th, 25th, 50th, 75th and 90th depth percentile
GCD	0.0	0.003	0.000	0.000	0.005	0.005	0.005
GCD	2.0	0.004	0.030	0.030	0.030	0.030	0.030
GCD	15.0	0.005	0.005	0.005	0.155	0.306	0.306
GCD	16.0	0.006	0.316	0.316	0.316	0.316	0.316
GCD	17.0	0.006	0.148	0.148	0.148	0.148	0.148
GCD	18.0	0.007	0.020	0.020	0.020	0.020	0.020
GCD	19.0	0.008	0.375	0.375	0.375	0.375	0.375
GCD	20.0	0.009	0.104	0.104	0.205	0.306	0.306
GCD	21.0	0.012	0.197	0.427	3.029	22.167	27.908
GCD	22.0	0.014	0.005	0.005	0.099	0.567	0.567
GCD	23.0	0.017	0.015	0.015	0.084	0.627	0.627
GCD	24.0	0.019	0.010	0.012	0.168	2.358	3.039
GCD	25.0	0.022	0.039	0.039	0.148	0.809	0.809
GCD	26.0	0.023	0.015	0.015	0.254	0.493	0.493
GCD	27.0	0.032	0.020	0.080	0.449	1.909	3.269
GCD	28.0	0.065	0.027	0.084	0.442	1.569	4.687
GCD	29.0	0.154	0.069	0.099	0.439	0.995	2.324
GCD	30.0	0.378	0.079	0.109	0.217	1.323	2.985
GCD	31.0	0.849	0.089	0.118	0.202	1.421	3.334
GCD	32.0	1.760	0.099	0.123	0.178	1.312	3.479
GCD	33.0	3.509	0.099	0.128	0.168	1.283	3.239
GCD	34.0	6.204	0.099	0.128	0.168	0.834	2.763
GCD	35.0	10.025	0.109	0.128	0.168	0.503	2.427
GCD	36.0	15.145	0.109	0.128	0.168	0.340	1.978
GCD	37.0	21.153	0.109	0.133	0.168	0.247	1.786
GCD	38.0	28.238	0.109	0.138	0.168	0.237	1.644
GCD	39.0	35.616	0.113	0.138	0.178	0.252	1.687
GCD	40.0	43.018	0.118	0.143	0.178	0.266	1.729
GCD	41.0	49.708	0.118	0.148	0.187	0.316	1.893
GCD	42.0	55.763	0.118	0.148	0.197	0.423	2.102
GCD	43.0	60.997	0.128	0.158	0.207	0.572	2.345
GCD	44.0	65.621	0.138	0.168	0.217	0.671	2.627
GCD	45.0	69.698	0.138	0.173	0.227	0.866	2.965
GCD	46.0	73.219	0.148	0.178	0.237	1.056	3.099
GCD	47.0	76.135	0.153	0.192	0.266	1.454	3.661
GCD	48.0	78.791	0.158	0.197	0.294	1.569	3.713
GCD	49.0	81.002	0.168	0.207	0.405	1.988	4.213
GCD	50.0	83.019	0.173	0.217	0.538	2.279	4.661
GCD	51.0	84.787	0.187	0.237	0.740	2.615	5.200
GCD	52.0	86.370	0.187	0.257	1.036	2.916	5.811
GCD	53.0	87.859	0.207	0.281	1.263	3.281	6.263
GCD	54.0	89.150	0.217	0.365	1.465	3.453	6.635
GCD	55.0	90.408	0.237	0.578	1.894	4.223	7.361
GCD	56.0	91.594	0.252	0.686	1.865	4.415	8.288
GCD	57.0	92.802	0.286	0.868	2.267	5.142	8.949
GCD	58.0	93.967	0.355	0.957	2.634	5.626	9.635
GCD	59.0	95.102	0.468	1.075	2.817	6.354	10.341
GCD	60.0	96.197	0.572	1.236	3.503	7.368	11.703
GCD	61.0	97.233	0.541	1.146	3.397	7.370	12.717
GCD	62.0	98.077	0.493	1.026	2.958	7.178	11.826
GCD	63.0	98.740	0.513	0.937	2.703	7.163	11.865
GCD	64.0	99.209	0.544	0.886	2.148	6.484	12.353
GCD	65.0	99.533	0.567	0.807	1.579	5.755	12.674
GCD	66.0	99.753	0.513	0.747	1.278	3.577	10.641
GCD	67.0	99.881	0.523	0.730	1.056	2.023	6.250
GCD	68.0	99.955	0.589	0.775	1.233	2.151	4.770
GCD	69.0	99.984	0.549	0.886	1.300	2.036	2.913
GCD	70.0	99.996	0.434	0.752	0.935	1.239	2.012
GCD	71.0	99.999	0.809	0.902	1.211	1.328	1.357
GCD	72.0	100.000	2.980	2.980	3.083	3.187	3.187
